symbol,year,capital,total_liabilities,net_income,roe,roa,pe,eps,bvps,de
1010.SR,2014,30000000000.0,278436000000.0,6025379000.0,0.12739,0.0185,13.4826,2.01,15.7666,0.1957
1010.SR,2015,30000000000.0,278436000000.0,6025379000.0,0.12739,0.0185,13.4826,2.01,15.7666,0.1957
1010.SR,2016,30000000000.0,278436000000.0,6025379000.0,0.12739,0.0185,13.4826,2.01,15.7666,0.1957
1010.SR,2017,30000000000.0,278436000000.0,6025379000.0,0.12739,0.0185,13.4826,2.01,15.7666,0.1957
1010.SR,2018,30000000000.0,278436000000.0,6025379000.0,0.12739,0.0185,13.4826,2.01,15.7666,0.1957
1010.SR,2019,30000000000.0,278436000000.0,6025379000.0,0.12739,0.0185,13.4826,2.01,15.7666,0.1957
1010.SR,2020,30000000000.0,278436000000.0,6025379000.0,0.12739,0.0185,13.4826,2.01,15.7666,0.1957
1010.SR,2021,30000000000.0,278436000000.0,6025379000.0,0.12739,0.0185,13.4826,2.01,15.7666,0.1957
1010.SR,2022,30000000000.0,303480000000.0,7019322000.0,0.13567,0.02048,13.7069,2.32,18.7244,0.1653
1010.SR,2023,30000000000.0,326591000000.0,8045844000.0,0.13821,0.02156,11.0465,2.58,20.1196,0.2294
1010.SR,2024,30000000000.0,382437000000.0,9321894000.0,0.14543,0.02227,9.5017,3.01,22.685,0.2015
1020.SR,2014,8200000000.0,88932250000.0,1006076000.0,0.07241,0.00978,16.3559,0.7552,10.8449,0.1644
1020.SR,2015,8200000000.0,88932250000.0,1006076000.0,0.07241,0.00978,16.3559,0.7552,10.8449,0.1644
1020.SR,2016,8200000000.0,88932250000.0,1006076000.0,0.07241,0.00978,16.3559,0.7552,10.8449,0.1644
1020.SR,2017,8200000000.0,88932250000.0,1006076000.0,0.07241,0.00978,16.3559,0.7552,10.8449,0.1644
1020.SR,2018,8200000000.0,88932250000.0,1006076000.0,0.07241,0.00978,16.3559,0.7552,10.8449,0.1644
1020.SR,2019,8200000000.0,88932250000.0,1006076000.0,0.07241,0.00978,16.3559,0.7552,10.8449,0.1644
1020.SR,2020,8200000000.0,88932250000.0,1006076000.0,0.07241,0.00978,16.3559,0.7552,10.8449,0.1644
1020.SR,2021,8200000000.0,88932250000.0,1006076000.0,0.07241,0.00978,16.3559,0.7552,10.8449,0.1644
1020.SR,2022,8200000000.0,102240000000.0,1109088000.0,0.08065,0.01014,15.1429,0.8064,10.6217,0.1635
1020.SR,2023,8200000000.0,113135000000.0,1019972000.0,0.06794,0.00831,17.3953,0.688,12.8121,0.1341
1020.SR,2024,10250000000.0,131704000000.0,1230954000.0,0.07323,0.00884,18.5149,0.808,13.4257,0.1269
1030.SR,2014,7500000000.0,85317829000.0,1061656000.0,0.06513,0.01045,14.8219,0.792,13.0444,0.0142
1030.SR,2015,7500000000.0,85317829000.0,1061656000.0,0.06513,0.01045,14.8219,0.792,13.0444,0.0142
1030.SR,2016,7500000000.0,85317829000.0,1061656000.0,0.06513,0.01045,14.8219,0.792,13.0444,0.0142
1030.SR,2017,7500000000.0,85317829000.0,1061656000.0,0.06513,0.01045,14.8219,0.792,13.0444,0.0142
1030.SR,2018,7500000000.0,85317829000.0,1061656000.0,0.06513,0.01045,14.8219,0.792,13.0444,0.0142
1030.SR,2019,7500000000.0,85317829000.0,1061656000.0,0.06513,0.01045,14.8219,0.792,13.0444,0.0142
1030.SR,2020,7500000000.0,85317829000.0,1061656000.0,0.06513,0.01045,14.8219,0.792,13.0444,0.0142
1030.SR,2021,7500000000.0,85317829000.0,1061656000.0,0.06513,0.01045,14.8219,0.792,13.0444,0.0142
1030.SR,2022,10000000000.0,92280916000.0,1507855000.0,0.09113,0.01431,12.6569,1.096,13.4318,0.0121
1030.SR,2023,10000000000.0,112749000000.0,1761607000.0,0.10355,0.01474,9.975,1.28,13.788,0.0122
1030.SR,2024,12500000000.0,135938000000.0,1956630000.0,0.10308,0.01365,10.1399,1.43,16.5952,0.0074
1050.SR,2014,12053572000.0,176116000000.0,3449877000.0,0.08693,0.01599,17.5,1.3018,15.9505,0.019
1050.SR,2015,12053572000.0,176116000000.0,3449877000.0,0.08693,0.01599,17.5,1.3018,15.9505,0.019
1050.SR,2016,12053572000.0,176116000000.0,3449877000.0,0.08693,0.01599,17.5,1.3018,15.9505,0.019
1050.SR,2017,12053572000.0,176116000000.0,3449877000.0,0.08693,0.01599,17.5,1.3018,15.9505,0.019
1050.SR,2018,12053572000.0,176116000000.0,3449877000.0,0.08693,0.01599,17.5,1.3018,15.9505,0.019
1050.SR,2019,12053572000.0,176116000000.0,3449877000.0,0.08693,0.01599,17.5,1.3018,15.9505,0.019
1050.SR,2020,12053572000.0,176116000000.0,3449877000.0,0.08693,0.01599,17.5,1.3018,15.9505,0.019
1050.SR,2021,12053572000.0,176116000000.0,3449877000.0,0.08693,0.01599,17.5,1.3018,15.9505,0.019
1050.SR,2022,12053572000.0,193333000000.0,3575130000.0,0.09117,0.01596,14.552,1.3452,15.5777,0.1351
1050.SR,2023,12053572000.0,212262000000.0,4222733000.0,0.10537,0.01739,11.9787,1.61,16.6605,0.2245
1050.SR,2024,25000000000.0,246169000000.0,4544071000.0,0.10326,0.01663,9.2093,1.72,18.7909,0.3474
1060.SR,2014,20547945000.0,219368000000.0,3204427000.0,0.06055,0.01176,21.1538,1.56,25.7575,0.1079
1060.SR,2015,20547945000.0,219368000000.0,3204427000.0,0.06055,0.01176,21.1538,1.56,25.7575,0.1079
1060.SR,2016,20547945000.0,219368000000.0,3204427000.0,0.06055,0.01176,21.1538,1.56,25.7575,0.1079
1060.SR,2017,20547945000.0,219368000000.0,3204427000.0,0.06055,0.01176,21.1538,1.56,25.7575,0.1079
1060.SR,2018,20547945000.0,219368000000.0,3204427000.0,0.06055,0.01176,21.1538,1.56,25.7575,0.1079
1060.SR,2019,20547945000.0,219368000000.0,3204427000.0,0.06055,0.01176,21.1538,1.56,25.7575,0.1079
1060.SR,2020,20547945000.0,219368000000.0,3204427000.0,0.06055,0.01176,21.1538,1.56,25.7575,0.1079
1060.SR,2021,20547945000.0,219368000000.0,3204427000.0,0.06055,0.01176,21.1538,1.56,25.7575,0.1079
1060.SR,2022,20547945000.0,259767000000.0,4827605000.0,0.08976,0.01645,16.5745,2.35,26.5898,0.1042
1060.SR,2023,20547945000.0,294742000000.0,7002373000.0,0.12018,0.02087,11.1144,3.41,30.1245,0.0916
1060.SR,2024,20547945000.0,331157000000.0,8070461000.0,0.12398,0.02135,8.9021,3.78,33.2326,0.0818
1080.SR,2014,15000000000.0,161374000000.0,2176591000.0,0.06998,0.01131,15.7655,1.0875,15.5505,0.1206
1080.SR,2015,15000000000.0,161374000000.0,2176591000.0,0.06998,0.01131,15.7655,1.0875,15.5505,0.1206
1080.SR,2016,15000000000.0,161374000000.0,2176591000.0,0.06998,0.01131,15.7655,1.0875,15.5505,0.1206
1080.SR,2017,15000000000.0,161374000000.0,2176591000.0,0.06998,0.01131,15.7655,1.0875,15.5505,0.1206
1080.SR,2018,15000000000.0,161374000000.0,2176591000.0,0.06998,0.01131,15.7655,1.0875,15.5505,0.1206
1080.SR,2019,15000000000.0,161374000000.0,2176591000.0,0.06998,0.01131,15.7655,1.0875,15.5505,0.1206
1080.SR,2020,15000000000.0,161374000000.0,2176591000.0,0.06998,0.01131,15.7655,1.0875,15.5505,0.1206
1080.SR,2021,15000000000.0,161374000000.0,2176591000.0,0.06998,0.01131,15.7655,1.0875,15.5505,0.1206
1080.SR,2022,15000000000.0,180270000000.0,3070405000.0,0.0968,0.01516,15.6341,1.5375,16.1672,0.1145
1080.SR,2023,15000000000.0,185615000000.0,4070510000.0,0.11952,0.01876,9.3015,2.04,17.8892,0.1047
1080.SR,2024,20000000000.0,210158000000.0,4966022000.0,0.1344,0.02114,8.5,2.48,19.1074,0.0996
1111.SR,2014,1200000000.0,450902674.0,587703531.0,0.19005,0.16586,25.6735,4.9,25.7703,0.0003
1111.SR,2015,1200000000.0,450902674.0,587703531.0,0.19005,0.16586,25.6735,4.9,25.7703,0.0003
1111.SR,2016,1200000000.0,450902674.0,587703531.0,0.19005,0.16586,25.6735,4.9,25.7703,0.0003
1111.SR,2017,1200000000.0,450902674.0,587703531.0,0.19005,0.16586,25.6735,4.9,25.7703,0.0003
1111.SR,2018,1200000000.0,450902674.0,587703531.0,0.19005,0.16586,25.6735,4.9,25.7703,0.0003
1111.SR,2019,1200000000.0,450902674.0,587703531.0,0.19005,0.16586,25.6735,4.9,25.7703,0.0003
1111.SR,2020,1200000000.0,450902674.0,587703531.0,0.19005,0.16586,25.6735,4.9,25.7703,0.0003
1111.SR,2021,1200000000.0,450902674.0,587703531.0,0.19005,0.16586,25.6735,4.9,25.7703,0.0003
1111.SR,2022,1200000000.0,4510357074.0,424598326.0,0.13539,0.0756,51.1299,3.54,26.4974,0.0003
1111.SR,2023,1200000000.0,4507868100.0,390060733.0,0.1231,0.0508,57.4769,3.25,26.3124,0.0677
1111.SR,2024,1200000000.0,5649488136.0,621842981.0,0.18704,0.074,41.8533,5.18,29.0978,0.0999
1120.SR,2014,25000000000.0,556363000000.0,14746211000.0,0.21917,0.02365,24.0176,3.69,16.8204,0.0138
1120.SR,2015,25000000000.0,556363000000.0,14746211000.0,0.21917,0.02365,24.0176,3.69,16.8204,0.0138
1120.SR,2016,25000000000.0,556363000000.0,14746211000.0,0.21917,0.02365,24.0176,3.69,16.8204,0.0138
1120.SR,2017,25000000000.0,556363000000.0,14746211000.0,0.21917,0.02365,24.0176,3.69,16.8204,0.0138
1120.SR,2018,25000000000.0,556363000000.0,14746211000.0,0.21917,0.02365,24.0176,3.69,16.8204,0.0138
1120.SR,2019,25000000000.0,556363000000.0,14746211000.0,0.21917,0.02365,24.0176,3.69,16.8204,0.0138
1120.SR,2020,25000000000.0,556363000000.0,14746211000.0,0.21917,0.02365,24.0176,3.69,16.8204,0.0138
1120.SR,2021,25000000000.0,556363000000.0,14746211000.0,0.21917,0.02365,24.0176,3.69,16.8204,0.0138
1120.SR,2022,40000000000.0,661394000000.0,17150825000.0,0.20478,0.02476,17.7358,4.24,25.0563,0.0072
1120.SR,2023,40000000000.0,701339000000.0,16621159000.0,0.1606,0.02118,21.8987,3.95,26.6899,0.0414
1120.SR,2024,40000000000.0,851247000000.0,19722206000.0,0.17165,0.02213,20.257,4.67,30.7582,0.0726
1140.SR,2014,7500000000.0,98873614000.0,1686537000.0,0.14078,0.01521,20.5695,1.1267,7.9867,0.2921
1140.SR,2015,7500000000.0,98873614000.0,1686537000.0,0.14078,0.01521,20.5695,1.1267,7.9867,0.2921
1140.SR,2016,7500000000.0,98873614000.0,1686537000.0,0.14078,0.01521,20.5695,1.1267,7.9867,0.2921
1140.SR,2017,7500000000.0,98873614000.0,1686537000.0,0.14078,0.01521,20.5695,1.1267,7.9867,0.2921
1140.SR,2018,7500000000.0,98873614000.0,1686537000.0,0.14078,0.01521,20.5695,1.1267,7.9867,0.2921
1140.SR,2019,7500000000.0,98873614000.0,1686537000.0,0.14078,0.01521,20.5695,1.1267,7.9867,0.2921
1140.SR,2020,7500000000.0,98873614000.0,1686537000.0,0.14078,0.01521,20.5695,1.1267,7.9867,0.2921
1140.SR,2021,7500000000.0,98873614000.0,1686537000.0,0.14078,0.01521,20.5695,1.1267,7.9867,0.2921
1140.SR,2022,10000000000.0,116144000000.0,2081688000.0,0.16405,0.01732,21.2679,1.3933,8.9326,0.2657
1140.SR,2023,10000000000.0,127848000000.0,2368938000.0,0.16533,0.01738,19.0366,1.5917,10.1721,0.2243
1140.SR,2024,12500000000.0,138271000000.0,2806531000.0,0.17568,0.01883,17.2788,1.8833,11.1288,0.2054
1150.SR,2014,20000000000.0,142765000000.0,2709387000.0,0.08822,0.01562,18.2901,1.048,12.2844,1.3602
1150.SR,2015,20000000000.0,142765000000.0,2709387000.0,0.08822,0.01562,18.2901,1.048,12.2844,1.3602
1150.SR,2016,20000000000.0,142765000000.0,2709387000.0,0.08822,0.01562,18.2901,1.048,12.2844,1.3602
1150.SR,2017,20000000000.0,142765000000.0,2709387000.0,0.08822,0.01562,18.2901,1.048,12.2844,1.3602
1150.SR,2018,20000000000.0,142765000000.0,2709387000.0,0.08822,0.01562,18.2901,1.048,12.2844,1.3602
1150.SR,2019,20000000000.0,142765000000.0,2709387000.0,0.08822,0.01562,18.2901,1.048,12.2844,1.3602
1150.SR,2020,20000000000.0,142765000000.0,2709387000.0,0.08822,0.01562,18.2901,1.048,12.2844,1.3602
1150.SR,2021,20000000000.0,142765000000.0,2709387000.0,0.08822,0.01562,18.2901,1.048,12.2844,1.3602
1150.SR,2022,20000000000.0,168560000000.0,3599140000.0,0.11501,0.01925,18.815,1.384,12.7505,1.9781
1150.SR,2023,20000000000.0,202381000000.0,4839206000.0,0.14618,0.02214,16.5348,1.87,13.8215,2.846
1150.SR,2024,25000000000.0,235386000000.0,5831661000.0,0.15392,0.02271,13.0405,2.22,16.683,2.4649
1180.SR,2014,44780000000.0,751378000000.0,12668176000.0,0.0781,0.01386,21.6107,2.235,27.4242,0.0505
1180.SR,2015,44780000000.0,751378000000.0,12668176000.0,0.0781,0.01386,21.6107,2.235,27.4242,0.0505
1180.SR,2016,44780000000.0,751378000000.0,12668176000.0,0.0781,0.01386,21.6107,2.235,27.4242,0.0505
1180.SR,2017,44780000000.0,751378000000.0,12668176000.0,0.0781,0.01386,21.6107,2.235,27.4242,0.0505
1180.SR,2018,44780000000.0,751378000000.0,12668176000.0,0.0781,0.01386,21.6107,2.235,27.4242,0.0505
1180.SR,2019,44780000000.0,751378000000.0,12668176000.0,0.0781,0.01386,21.6107,2.235,27.4242,0.0505
1180.SR,2020,44780000000.0,751378000000.0,12668176000.0,0.0781,0.01386,21.6107,2.235,27.4242,0.0505
1180.SR,2021,44780000000.0,751378000000.0,12668176000.0,0.0781,0.01386,21.6107,2.235,27.4242,0.0505
1180.SR,2022,44780000000.0,778719000000.0,18580690000.0,0.11324,0.01998,12.5414,3.02,28.047,0.0892
1180.SR,2023,60000000000.0,860452000000.0,20009968000.0,0.11706,0.02019,11.9659,3.23,29.6053,0.2593
1180.SR,2024,60000000000.0,910879000000.0,21192995000.0,0.11503,0.0198,9.7376,3.43,32.3912,0.5008
1182.SR,2014,906000000.0,2376450000.0,107753000.0,0.09047,0.0302,17.7815,1.0578,11.6853,1.7313
1182.SR,2015,906000000.0,2376450000.0,107753000.0,0.09047,0.0302,17.7815,1.0578,11.6853,1.7313
1182.SR,2016,906000000.0,2376450000.0,107753000.0,0.09047,0.0302,17.7815,1.0578,11.6853,1.7313
1182.SR,2017,906000000.0,2376450000.0,107753000.0,0.09047,0.0302,17.7815,1.0578,11.6853,1.7313
1182.SR,2018,906000000.0,2376450000.0,107753000.0,0.09047,0.0302,17.7815,1.0578,11.6853,1.7313
1182.SR,2019,906000000.0,2376450000.0,107753000.0,0.09047,0.0302,17.7815,1.0578,11.6853,1.7313
1182.SR,2020,906000000.0,2376450000.0,107753000.0,0.09047,0.0302,17.7815,1.0578,11.6853,1.7313
1182.SR,2021,906000000.0,2376450000.0,107753000.0,0.09047,0.0302,17.7815,1.0578,11.6853,1.7313
1182.SR,2022,906000000.0,2252140000.0,96722000.0,0.07974,0.02742,13.9626,0.9511,12.1167,1.4407
1182.SR,2023,906000000.0,2700001000.0,31806000.0,0.02628,0.00863,39.2832,0.31,11.6323,2.2097
1182.SR,2024,1019250000.0,3287492000.0,46314000.0,0.03843,0.01103,28.4889,0.45,12.0159,2.6061
1183.SR,2014,1000000000.0,2714749796.0,103195599.0,0.06106,0.02343,21.3333,1.0206,16.8993,1.5786
1183.SR,2015,1000000000.0,2714749796.0,103195599.0,0.06106,0.02343,21.3333,1.0206,16.8993,1.5786
1183.SR,2016,1000000000.0,2714749796.0,103195599.0,0.06106,0.02343,21.3333,1.0206,16.8993,1.5786
1183.SR,2017,1000000000.0,2714749796.0,103195599.0,0.06106,0.02343,21.3333,1.0206,16.8993,1.5786
1183.SR,2018,1000000000.0,2714749796.0,103195599.0,0.06106,0.02343,21.3333,1.0206,16.8993,1.5786
1183.SR,2019,1000000000.0,2714749796.0,103195599.0,0.06106,0.02343,21.3333,1.0206,16.8993,1.5786
1183.SR,2020,1000000000.0,2714749796.0,103195599.0,0.06106,0.02343,21.3333,1.0206,16.8993,1.5786
1183.SR,2021,1000000000.0,2714749796.0,103195599.0,0.06106,0.02343,21.3333,1.0206,16.8993,1.5786
1183.SR,2022,1000000000.0,2620111258.0,95889625.0,0.05643,0.02196,21.3333,0.96,17.0872,1.5019
1183.SR,2023,1000000000.0,2722706000.0,2326000.0,0.00138,0.00053,458.2353,0.02,16.6065,1.6144
1183.SR,2024,1000000000.0,2825829000.0,26528000.0,0.01585,0.00596,67.3333,0.27,16.8764,1.6489
1201.SR,2014,950000000.0,1080646000.0,19026000.0,0.03135,0.01127,128.6424,0.2842,9.0798,1.0941
1201.SR,2015,950000000.0,1080646000.0,19026000.0,0.03135,0.01127,128.6424,0.2842,9.0798,1.0941
1201.SR,2016,950000000.0,1080646000.0,19026000.0,0.03135,0.01127,128.6424,0.2842,9.0798,1.0941
1201.SR,2017,950000000.0,1080646000.0,19026000.0,0.03135,0.01127,128.6424,0.2842,9.0798,1.0941
1201.SR,2018,950000000.0,1080646000.0,19026000.0,0.03135,0.01127,128.6424,0.2842,9.0798,1.0941
1201.SR,2019,950000000.0,1080646000.0,19026000.0,0.03135,0.01127,128.6424,0.2842,9.0798,1.0941
1201.SR,2020,950000000.0,1080646000.0,19026000.0,0.03135,0.01127,128.6424,0.2842,9.0798,1.0941
1201.SR,2021,950000000.0,1080646000.0,19026000.0,0.03135,0.01127,128.6424,0.2842,9.0798,1.0941
1201.SR,2022,950000000.0,1217030000.0,-158916000.0,-0.30514,-0.09518,-7.7436,-2.3767,6.5017,1.5075
1201.SR,2023,464646000.0,1100647000.0,-223333000.0,-0.69969,-0.1511,-3.7359,-4.09,3.0474,3.6094
1201.SR,2024,764646000.0,852388000.0,-75835000.0,-0.25474,-0.05952,-9.981,-1.05,5.1218,1.5186
1202.SR,2014,500000000.0,887221889.0,220710095.0,0.2246,0.11802,9.8792,3.31,14.8293,0.7043
1202.SR,2015,500000000.0,887221889.0,220710095.0,0.2246,0.11802,9.8792,3.31,14.8293,0.7043
1202.SR,2016,500000000.0,887221889.0,220710095.0,0.2246,0.11802,9.8792,3.31,14.8293,0.7043
1202.SR,2017,500000000.0,887221889.0,220710095.0,0.2246,0.11802,9.8792,3.31,14.8293,0.7043
1202.SR,2018,500000000.0,887221889.0,220710095.0,0.2246,0.11802,9.8792,3.31,14.8293,0.7043
1202.SR,2019,500000000.0,887221889.0,220710095.0,0.2246,0.11802,9.8792,3.31,14.8293,0.7043
1202.SR,2020,500000000.0,887221889.0,220710095.0,0.2246,0.11802,9.8792,3.31,14.8293,0.7043
1202.SR,2021,500000000.0,887221889.0,220710095.0,0.2246,0.11802,9.8792,3.31,14.8293,0.7043
1202.SR,2022,666666660.0,764228251.0,269698532.0,0.24929,0.14133,8.0864,4.05,17.7148,0.4861
1202.SR,2023,666666660.0,862730540.0,-80269141.0,-0.07118,-0.0414,-28.75,-1.2,16.1144,0.5509
1202.SR,2024,866666650.0,958566909.0,-77326129.0,-0.05769,-0.03445,-41.236,-0.89,18.5334,0.4414
1210.SR,2014,275000000.0,447304369.0,34368495.0,0.06028,0.03195,32.04,1.25,20.7326,0.4874
1210.SR,2015,275000000.0,447304369.0,34368495.0,0.06028,0.03195,32.04,1.25,20.7326,0.4874
1210.SR,2016,275000000.0,447304369.0,34368495.0,0.06028,0.03195,32.04,1.25,20.7326,0.4874
1210.SR,2017,275000000.0,447304369.0,34368495.0,0.06028,0.03195,32.04,1.25,20.7326,0.4874
1210.SR,2018,275000000.0,447304369.0,34368495.0,0.06028,0.03195,32.04,1.25,20.7326,0.4874
1210.SR,2019,275000000.0,447304369.0,34368495.0,0.06028,0.03195,32.04,1.25,20.7326,0.4874
1210.SR,2020,275000000.0,447304369.0,34368495.0,0.06028,0.03195,32.04,1.25,20.7326,0.4874
1210.SR,2021,275000000.0,447304369.0,34368495.0,0.06028,0.03195,32.04,1.25,20.7326,0.4874
1210.SR,2022,275000000.0,567960439.0,40432242.0,0.06832,0.03464,22.9252,1.47,22.3078,0.6133
1210.SR,2023,275000000.0,571010419.0,5518143.0,0.00915,0.00441,166.0,0.2,21.5399,0.5326
1210.SR,2024,275000000.0,533865328.0,8505126.0,0.01425,0.00693,99.5161,0.31,21.8537,0.5111
1211.SR,2014,12305911460.0,59369118054.0,5227700464.0,0.14663,0.05059,18.5142,1.4133,9.6569,1.3488
1211.SR,2015,12305911460.0,59369118054.0,5227700464.0,0.14663,0.05059,18.5142,1.4133,9.6569,1.3488
1211.SR,2016,12305911460.0,59369118054.0,5227700464.0,0.14663,0.05059,18.5142,1.4133,9.6569,1.3488
1211.SR,2017,12305911460.0,59369118054.0,5227700464.0,0.14663,0.05059,18.5142,1.4133,9.6569,1.3488
1211.SR,2018,12305911460.0,59369118054.0,5227700464.0,0.14663,0.05059,18.5142,1.4133,9.6569,1.3488
1211.SR,2019,12305911460.0,59369118054.0,5227700464.0,0.14663,0.05059,18.5142,1.4133,9.6569,1.3488
1211.SR,2020,12305911460.0,59369118054.0,5227700464.0,0.14663,0.05059,18.5142,1.4133,9.6569,1.3488
1211.SR,2021,12305911460.0,59369118054.0,5227700464.0,0.14663,0.05059,18.5142,1.4133,9.6569,1.3488
1211.SR,2022,24611822920.0,55546418741.0,9319047152.0,0.2309,0.08672,17.1164,2.52,12.208,0.9549
1211.SR,2023,36917734380.0,55058359289.0,1577326494.0,0.03448,0.01412,112.907,0.43,12.5812,0.841
1211.SR,2024,38027858710.0,54933138491.0,2871544808.0,0.05842,0.0253,64.4872,0.78,13.6725,0.7237
1212.SR,2014,800000000.0,1383893744.0,202368832.0,0.13941,0.07007,15.7312,2.53,18.1455,0.3848
1212.SR,2015,800000000.0,1383893744.0,202368832.0,0.13941,0.07007,15.7312,2.53,18.1455,0.3848
1212.SR,2016,800000000.0,1383893744.0,202368832.0,0.13941,0.07007,15.7312,2.53,18.1455,0.3848
1212.SR,2017,800000000.0,1383893744.0,202368832.0,0.13941,0.07007,15.7312,2.53,18.1455,0.3848
1212.SR,2018,800000000.0,1383893744.0,202368832.0,0.13941,0.07007,15.7312,2.53,18.1455,0.3848
1212.SR,2019,800000000.0,1383893744.0,202368832.0,0.13941,0.07007,15.7312,2.53,18.1455,0.3848
1212.SR,2020,800000000.0,1383893744.0,202368832.0,0.13941,0.07007,15.7312,2.53,18.1455,0.3848
1212.SR,2021,800000000.0,1383893744.0,202368832.0,0.13941,0.07007,15.7312,2.53,18.1455,0.3848
1212.SR,2022,800000000.0,1611766736.0,474316220.0,0.28737,0.14792,8.7184,5.93,23.1173,0.2859
1212.SR,2023,800000000.0,2141001450.0,475326552.0,0.23902,0.12192,22.4242,5.94,26.5988,0.4565
1212.SR,2024,800000000.0,1797093481.0,589340930.0,0.25339,0.13705,24.4233,7.37,31.5476,0.2043
1213.SR,2014,211632000.0,350000000.0,-85517000.0,-0.78475,-0.18632,-2.4641,-11.54,10.0003,2.4322
1213.SR,2015,211632000.0,350000000.0,-85517000.0,-0.78475,-0.18632,-2.4641,-11.54,10.0003,2.4322
1213.SR,2016,211632000.0,350000000.0,-85517000.0,-0.78475,-0.18632,-2.4641,-11.54,10.0003,2.4322
1213.SR,2017,211632000.0,350000000.0,-85517000.0,-0.78475,-0.18632,-2.4641,-11.54,10.0003,2.4322
1213.SR,2018,211632000.0,350000000.0,-85517000.0,-0.78475,-0.18632,-2.4641,-11.54,10.0003,2.4322
1213.SR,2019,211632000.0,350000000.0,-85517000.0,-0.78475,-0.18632,-2.4641,-11.54,10.0003,2.4322
1213.SR,2020,211632000.0,350000000.0,-85517000.0,-0.78475,-0.18632,-2.4641,-11.54,10.0003,2.4322
1213.SR,2021,211632000.0,350000000.0,-85517000.0,-0.78475,-0.18632,-2.4641,-11.54,10.0003,2.4322
1213.SR,2022,108973000.0,306585000.0,-1376000.0,-0.01284,-0.00316,-234.9237,-0.09,10.0003,2.0915
1213.SR,2023,108973000.0,302458000.0,-15931000.0,-0.16295,-0.0396,-42.2603,-1.46,8.2726,2.1494
1213.SR,2024,108973000.0,268184000.0,-42594000.0,-0.61696,-0.1202,-24.8849,-3.91,8.2726,3.4779
1214.SR,2014,630000000.0,852487000.0,27423000.0,0.04402,0.01842,50.3636,0.4992,11.2183,0.7819
1214.SR,2015,630000000.0,852487000.0,27423000.0,0.04402,0.01842,50.3636,0.4992,11.2183,0.7819
1214.SR,2016,630000000.0,852487000.0,27423000.0,0.04402,0.01842,50.3636,0.4992,11.2183,0.7819
1214.SR,2017,630000000.0,852487000.0,27423000.0,0.04402,0.01842,50.3636,0.4992,11.2183,0.7819
1214.SR,2018,630000000.0,852487000.0,27423000.0,0.04402,0.01842,50.3636,0.4992,11.2183,0.7819
1214.SR,2019,630000000.0,852487000.0,27423000.0,0.04402,0.01842,50.3636,0.4992,11.2183,0.7819
1214.SR,2020,630000000.0,852487000.0,27423000.0,0.04402,0.01842,50.3636,0.4992,11.2183,0.7819
1214.SR,2021,630000000.0,852487000.0,27423000.0,0.04402,0.01842,50.3636,0.4992,11.2183,0.7819
1214.SR,2022,482334000.0,943720000.0,32832000.0,0.05141,0.02115,28.1176,0.591,11.7956,0.8661
1214.SR,2023,482334000.0,791096000.0,65427000.0,0.09538,0.04188,20.5852,1.18,12.9321,0.5763
1214.SR,2024,555000000.0,795308000.0,81586000.0,0.10764,0.0526,18.4014,1.47,14.3814,0.3628
1301.SR,2014,351000000.0,57194125.0,46182991.0,0.10434,0.0924,22.6136,1.65,15.7633,0.0074
1301.SR,2015,351000000.0,57194125.0,46182991.0,0.10434,0.0924,22.6136,1.65,15.7633,0.0074
1301.SR,2016,351000000.0,57194125.0,46182991.0,0.10434,0.0924,22.6136,1.65,15.7633,0.0074
1301.SR,2017,351000000.0,57194125.0,46182991.0,0.10434,0.0924,22.6136,1.65,15.7633,0.0074
1301.SR,2018,351000000.0,57194125.0,46182991.0,0.10434,0.0924,22.6136,1.65,15.7633,0.0074
1301.SR,2019,351000000.0,57194125.0,46182991.0,0.10434,0.0924,22.6136,1.65,15.7633,0.0074
1301.SR,2020,351000000.0,57194125.0,46182991.0,0.10434,0.0924,22.6136,1.65,15.7633,0.0074
1301.SR,2021,351000000.0,57194125.0,46182991.0,0.10434,0.0924,22.6136,1.65,15.7633,0.0074
1301.SR,2022,351000000.0,125098880.0,56675330.0,0.12705,0.10549,14.9068,2.0125,16.0093,0.0093
1301.SR,2023,280800000.0,83634225.0,20419420.0,0.04971,0.03964,47.4603,0.63,13.2464,0.0094
1301.SR,2024,280800000.0,72776397.0,16232927.0,0.0439,0.03624,49.9138,0.58,13.0894,0.0071
1302.SR,2014,600000000.0,1412850000.0,170342000.0,0.23034,0.07733,12.3415,2.84,12.3252,0.9716
1302.SR,2015,600000000.0,1412850000.0,170342000.0,0.23034,0.07733,12.3415,2.84,12.3252,0.9716
1302.SR,2016,600000000.0,1412850000.0,170342000.0,0.23034,0.07733,12.3415,2.84,12.3252,0.9716
1302.SR,2017,600000000.0,1412850000.0,170342000.0,0.23034,0.07733,12.3415,2.84,12.3252,0.9716
1302.SR,2018,600000000.0,1412850000.0,170342000.0,0.23034,0.07733,12.3415,2.84,12.3252,0.9716
1302.SR,2019,600000000.0,1412850000.0,170342000.0,0.23034,0.07733,12.3415,2.84,12.3252,0.9716
1302.SR,2020,600000000.0,1412850000.0,170342000.0,0.23034,0.07733,12.3415,2.84,12.3252,0.9716
1302.SR,2021,600000000.0,1412850000.0,170342000.0,0.23034,0.07733,12.3415,2.84,12.3252,0.9716
1302.SR,2022,600000000.0,1353414000.0,162850000.0,0.20318,0.07261,10.8303,2.71,14.3915,0.7187
1302.SR,2023,600000000.0,1203192000.0,136040000.0,0.15256,0.06118,20.0881,2.27,15.3321,0.4859
1302.SR,2024,600000000.0,1636428000.0,106032000.0,0.11471,0.04453,31.6384,1.77,15.4798,0.9789
1303.SR,2014,450000000.0,660230498.0,48845470.0,0.0831,0.03914,25.3211,0.0436,0.5284,0.4406
1303.SR,2015,450000000.0,660230498.0,48845470.0,0.0831,0.03914,25.3211,0.0436,0.5284,0.4406
1303.SR,2016,450000000.0,660230498.0,48845470.0,0.0831,0.03914,25.3211,0.0436,0.5284,0.4406
1303.SR,2017,450000000.0,660230498.0,48845470.0,0.0831,0.03914,25.3211,0.0436,0.5284,0.4406
1303.SR,2018,450000000.0,660230498.0,48845470.0,0.0831,0.03914,25.3211,0.0436,0.5284,0.4406
1303.SR,2019,450000000.0,660230498.0,48845470.0,0.0831,0.03914,25.3211,0.0436,0.5284,0.4406
1303.SR,2020,450000000.0,660230498.0,48845470.0,0.0831,0.03914,25.3211,0.0436,0.5284,0.4406
1303.SR,2021,450000000.0,660230498.0,48845470.0,0.0831,0.03914,25.3211,0.0436,0.5284,0.4406
1303.SR,2022,450000000.0,1043008429.0,94170010.0,0.15456,0.06446,11.75,0.08,0.567,0.7254
1303.SR,2023,562500000.0,1151124984.0,201033987.0,0.29229,0.11263,15.7778,0.18,0.6695,0.5584
1303.SR,2024,562500000.0,1004926370.0,401730829.0,0.47518,0.20886,20.1111,0.36,0.8504,0.0964
1304.SR,2014,508000000.0,691722986.0,207831707.0,0.27227,0.13019,10.6112,4.09,15.0262,0.681
1304.SR,2015,508000000.0,691722986.0,207831707.0,0.27227,0.13019,10.6112,4.09,15.0262,0.681
1304.SR,2016,508000000.0,691722986.0,207831707.0,0.27227,0.13019,10.6112,4.09,15.0262,0.681
1304.SR,2017,508000000.0,691722986.0,207831707.0,0.27227,0.13019,10.6112,4.09,15.0262,0.681
1304.SR,2018,508000000.0,691722986.0,207831707.0,0.27227,0.13019,10.6112,4.09,15.0262,0.681
1304.SR,2019,508000000.0,691722986.0,207831707.0,0.27227,0.13019,10.6112,4.09,15.0262,0.681
1304.SR,2020,508000000.0,691722986.0,207831707.0,0.27227,0.13019,10.6112,4.09,15.0262,0.681
1304.SR,2021,508000000.0,691722986.0,207831707.0,0.27227,0.13019,10.6112,4.09,15.0262,0.681
1304.SR,2022,508000000.0,1135592305.0,-26655991.0,-0.03781,-0.01516,-43.0769,-0.52,12.7272,1.4231
1304.SR,2023,508000000.0,1170531348.0,-130142311.0,-0.22348,-0.07015,-9.6641,-2.56,10.1997,1.8023
1304.SR,2024,508000000.0,1093545933.0,70800717.0,0.12789,0.0396,24.0647,1.39,11.5961,1.4909
1320.SR,2014,510000000.0,476802922.0,931645.0,0.00188,0.00096,458.2353,0.015,9.7978,0.4729
1320.SR,2015,510000000.0,476802922.0,931645.0,0.00188,0.00096,458.2353,0.015,9.7978,0.4729
1320.SR,2016,510000000.0,476802922.0,931645.0,0.00188,0.00096,458.2353,0.015,9.7978,0.4729
1320.SR,2017,510000000.0,476802922.0,931645.0,0.00188,0.00096,458.2353,0.015,9.7978,0.4729
1320.SR,2018,510000000.0,476802922.0,931645.0,0.00188,0.00096,458.2353,0.015,9.7978,0.4729
1320.SR,2019,510000000.0,476802922.0,931645.0,0.00188,0.00096,458.2353,0.015,9.7978,0.4729
1320.SR,2020,510000000.0,476802922.0,931645.0,0.00188,0.00096,458.2353,0.015,9.7978,0.4729
1320.SR,2021,510000000.0,476802922.0,931645.0,0.00188,0.00096,458.2353,0.015,9.7978,0.4729
1320.SR,2022,510000000.0,487924633.0,54205644.0,0.10367,0.05392,16.8391,1.063,10.8922,0.4154
1320.SR,2023,510000000.0,1150596330.0,173051631.0,0.27201,0.11227,10.6985,3.393,14.2825,0.7463
1320.SR,2024,510000000.0,913171868.0,180630645.0,0.22802,0.08897,18.3794,3.542,17.064,0.6368
1321.SR,2014,210000000.0,380928570.0,-3245320.0,-0.0063,-0.00362,-373.0,-0.1,16.3489,0.5686
1321.SR,2015,210000000.0,380928570.0,-3245320.0,-0.0063,-0.00362,-373.0,-0.1,16.3489,0.5686
1321.SR,2016,210000000.0,380928570.0,-3245320.0,-0.0063,-0.00362,-373.0,-0.1,16.3489,0.5686
1321.SR,2017,210000000.0,380928570.0,-3245320.0,-0.0063,-0.00362,-373.0,-0.1,16.3489,0.5686
1321.SR,2018,210000000.0,380928570.0,-3245320.0,-0.0063,-0.00362,-373.0,-0.1,16.3489,0.5686
1321.SR,2019,210000000.0,380928570.0,-3245320.0,-0.0063,-0.00362,-373.0,-0.1,16.3489,0.5686
1321.SR,2020,210000000.0,380928570.0,-3245320.0,-0.0063,-0.00362,-373.0,-0.1,16.3489,0.5686
1321.SR,2021,210000000.0,380928570.0,-3245320.0,-0.0063,-0.00362,-373.0,-0.1,16.3489,0.5686
1321.SR,2022,210000000.0,380928570.0,-3245320.0,-0.0063,-0.00362,-373.0,-0.1,16.3489,0.5686
1321.SR,2023,315000000.0,371875930.0,99920835.0,0.17678,0.10612,25.7098,3.17,19.5378,0.419
1321.SR,2024,315000000.0,634894318.0,267507881.0,0.36461,0.21624,16.5371,8.49,27.0449,0.3463
1810.SR,2014,3000000000.0,2385031350.0,-371535799.0,-0.06746,-0.04708,-13.5906,-1.27,22.9995,0.2144
1810.SR,2015,3000000000.0,2385031350.0,-371535799.0,-0.06746,-0.04708,-13.5906,-1.27,22.9995,0.2144
1810.SR,2016,3000000000.0,2385031350.0,-371535799.0,-0.06746,-0.04708,-13.5906,-1.27,22.9995,0.2144
1810.SR,2017,3000000000.0,2385031350.0,-371535799.0,-0.06746,-0.04708,-13.5906,-1.27,22.9995,0.2144
1810.SR,2018,3000000000.0,2385031350.0,-371535799.0,-0.06746,-0.04708,-13.5906,-1.27,22.9995,0.2144
1810.SR,2019,3000000000.0,2385031350.0,-371535799.0,-0.06746,-0.04708,-13.5906,-1.27,22.9995,0.2144
1810.SR,2020,3000000000.0,2385031350.0,-371535799.0,-0.06746,-0.04708,-13.5906,-1.27,22.9995,0.2144
1810.SR,2021,3000000000.0,2385031350.0,-371535799.0,-0.06746,-0.04708,-13.5906,-1.27,22.9995,0.2144
1810.SR,2022,3000000000.0,3098520718.0,-47729661.0,-0.00874,-0.00581,-108.875,-0.16,20.9904,0.2971
1810.SR,2023,3000000000.0,4514813643.0,225708068.0,0.03764,0.02265,35.6201,0.758,24.3807,0.3443
1810.SR,2024,3000000000.0,4418191919.0,-198975107.0,-0.03155,-0.01789,-33.2249,-0.676,21.5802,0.3388
1820.SR,2014,650000000.0,1786105000.0,-173715000.0,-0.46692,-0.08049,-5.2747,-0.676,1.1811,4.0062
1820.SR,2015,650000000.0,1786105000.0,-173715000.0,-0.46692,-0.08049,-5.2747,-0.676,1.1811,4.0062
1820.SR,2016,650000000.0,1786105000.0,-173715000.0,-0.46692,-0.08049,-5.2747,-0.676,1.1811,4.0062
1820.SR,2017,650000000.0,1786105000.0,-173715000.0,-0.46692,-0.08049,-5.2747,-0.676,1.1811,4.0062
1820.SR,2018,650000000.0,1786105000.0,-173715000.0,-0.46692,-0.08049,-5.2747,-0.676,1.1811,4.0062
1820.SR,2019,650000000.0,1786105000.0,-173715000.0,-0.46692,-0.08049,-5.2747,-0.676,1.1811,4.0062
1820.SR,2020,650000000.0,1786105000.0,-173715000.0,-0.46692,-0.08049,-5.2747,-0.676,1.1811,4.0062
1820.SR,2021,650000000.0,1786105000.0,-173715000.0,-0.46692,-0.08049,-5.2747,-0.676,1.1811,4.0062
1820.SR,2022,315000000.0,1776772000.0,-81488000.0,-0.24611,-0.03857,-6.8846,-0.26,0.9212,5.0913
1820.SR,2023,315000000.0,1843659000.0,-89819000.0,-0.36394,-0.04368,-7.8621,-0.29,0.6458,5.6184
1820.SR,2024,315000000.0,1718803000.0,5200000.0,0.02536,0.00262,123.5,0.02,0.656,5.6184
1830.SR,2014,523833610.0,1789248427.0,206020219.0,0.26301,0.08008,27.7149,3.9329,14.9771,1.6678
1830.SR,2015,523833610.0,1789248427.0,206020219.0,0.26301,0.08008,27.7149,3.9329,14.9771,1.6678
1830.SR,2016,523833610.0,1789248427.0,206020219.0,0.26301,0.08008,27.7149,3.9329,14.9771,1.6678
1830.SR,2017,523833610.0,1789248427.0,206020219.0,0.26301,0.08008,27.7149,3.9329,14.9771,1.6678
1830.SR,2018,523833610.0,1789248427.0,206020219.0,0.26301,0.08008,27.7149,3.9329,14.9771,1.6678
1830.SR,2019,523833610.0,1789248427.0,206020219.0,0.26301,0.08008,27.7149,3.9329,14.9771,1.6678
1830.SR,2020,523833610.0,1789248427.0,206020219.0,0.26301,0.08008,27.7149,3.9329,14.9771,1.6678
1830.SR,2021,523833610.0,1789248427.0,206020219.0,0.26301,0.08008,27.7149,3.9329,14.9771,1.6678
1830.SR,2022,523833610.0,1759610876.0,254758323.0,0.30006,0.09711,17.284,4.86,17.4909,1.2799
1830.SR,2023,523833610.0,2309455390.0,356244132.0,0.35553,0.11727,29.9118,6.8,20.7935,1.4647
1830.SR,2024,523833610.0,2482610108.0,456978822.0,0.39351,0.12833,21.2371,8.73,23.5582,1.3846
1831.SR,2014,375000000.0,465234464.0,144925035.0,0.25317,0.13986,19.6891,0.3217,1.2721,0.0425
1831.SR,2015,375000000.0,465234464.0,144925035.0,0.25317,0.13986,19.6891,0.3217,1.2721,0.0425
1831.SR,2016,375000000.0,465234464.0,144925035.0,0.25317,0.13986,19.6891,0.3217,1.2721,0.0425
1831.SR,2017,375000000.0,465234464.0,144925035.0,0.25317,0.13986,19.6891,0.3217,1.2721,0.0425
1831.SR,2018,375000000.0,465234464.0,144925035.0,0.25317,0.13986,19.6891,0.3217,1.2721,0.0425
1831.SR,2019,375000000.0,465234464.0,144925035.0,0.25317,0.13986,19.6891,0.3217,1.2721,0.0425
1831.SR,2020,375000000.0,465234464.0,144925035.0,0.25317,0.13986,19.6891,0.3217,1.2721,0.0425
1831.SR,2021,375000000.0,465234464.0,144925035.0,0.25317,0.13986,19.6891,0.3217,1.2721,0.0425
1831.SR,2022,375000000.0,1150504852.0,113462364.0,0.20122,0.08278,17.0304,0.252,1.234,1.0694
1831.SR,2023,475000000.0,1180736798.0,100225936.0,0.1783,0.05807,36.1364,0.22,1.2643,1.0766
1831.SR,2024,475000000.0,1245167542.0,127482444.0,0.21353,0.07049,22.0,0.28,1.3892,1.0356
1832.SR,2014,175000000.0,64292022.0,3599087.0,0.01968,0.01456,106.6667,0.096,1.045,0.1879
1832.SR,2015,175000000.0,64292022.0,3599087.0,0.01968,0.01456,106.6667,0.096,1.045,0.1879
1832.SR,2016,175000000.0,64292022.0,3599087.0,0.01968,0.01456,106.6667,0.096,1.045,0.1879
1832.SR,2017,175000000.0,64292022.0,3599087.0,0.01968,0.01456,106.6667,0.096,1.045,0.1879
1832.SR,2018,175000000.0,64292022.0,3599087.0,0.01968,0.01456,106.6667,0.096,1.045,0.1879
1832.SR,2019,175000000.0,64292022.0,3599087.0,0.01968,0.01456,106.6667,0.096,1.045,0.1879
1832.SR,2020,175000000.0,64292022.0,3599087.0,0.01968,0.01456,106.6667,0.096,1.045,0.1879
1832.SR,2021,175000000.0,64292022.0,3599087.0,0.01968,0.01456,106.6667,0.096,1.045,0.1879
1832.SR,2022,175000000.0,56088262.0,-7215933.0,-0.04019,-0.0301,-78.7805,-0.041,1.007,0.101
1832.SR,2023,175000000.0,68190475.0,-4245445.0,-0.0244,-0.01798,-133.75,-0.024,0.9813,0.2003
1832.SR,2024,175000000.0,101935989.0,-3753257.0,-0.02213,-0.01474,-153.8095,-0.021,0.9572,0.3319
1833.SR,2014,100000000.0,172021167.0,55660953.0,0.23886,0.13742,21.0811,3.7107,15.5349,0.0837
1833.SR,2015,100000000.0,172021167.0,55660953.0,0.23886,0.13742,21.0811,3.7107,15.5349,0.0837
1833.SR,2016,100000000.0,172021167.0,55660953.0,0.23886,0.13742,21.0811,3.7107,15.5349,0.0837
1833.SR,2017,100000000.0,172021167.0,55660953.0,0.23886,0.13742,21.0811,3.7107,15.5349,0.0837
1833.SR,2018,100000000.0,172021167.0,55660953.0,0.23886,0.13742,21.0811,3.7107,15.5349,0.0837
1833.SR,2019,100000000.0,172021167.0,55660953.0,0.23886,0.13742,21.0811,3.7107,15.5349,0.0837
1833.SR,2020,100000000.0,172021167.0,55660953.0,0.23886,0.13742,21.0811,3.7107,15.5349,0.0837
1833.SR,2021,100000000.0,172021167.0,55660953.0,0.23886,0.13742,21.0811,3.7107,15.5349,0.0837
1833.SR,2022,150000000.0,211032886.0,75987371.0,0.28888,0.16716,21.0811,5.0658,19.5377,0.0711
1833.SR,2023,150000000.0,332729820.0,88766985.0,0.27872,0.15036,21.0811,5.92,22.9257,0.1184
1833.SR,2024,150000000.0,462337239.0,95423397.0,0.25724,0.12417,16.5723,6.36,26.5341,0.138
1834.SR,2014,400000000.0,490758993.0,166287356.0,0.31874,0.16424,23.9375,0.4157,1.3043,0.0493
1834.SR,2015,400000000.0,490758993.0,166287356.0,0.31874,0.16424,23.9375,0.4157,1.3043,0.0493
1834.SR,2016,400000000.0,490758993.0,166287356.0,0.31874,0.16424,23.9375,0.4157,1.3043,0.0493
1834.SR,2017,400000000.0,490758993.0,166287356.0,0.31874,0.16424,23.9375,0.4157,1.3043,0.0493
1834.SR,2018,400000000.0,490758993.0,166287356.0,0.31874,0.16424,23.9375,0.4157,1.3043,0.0493
1834.SR,2019,400000000.0,490758993.0,166287356.0,0.31874,0.16424,23.9375,0.4157,1.3043,0.0493
1834.SR,2020,400000000.0,490758993.0,166287356.0,0.31874,0.16424,23.9375,0.4157,1.3043,0.0493
1834.SR,2021,400000000.0,490758993.0,166287356.0,0.31874,0.16424,23.9375,0.4157,1.3043,0.0493
1834.SR,2022,400000000.0,490758993.0,166287356.0,0.31874,0.16424,23.9375,0.4157,1.3043,0.0493
1834.SR,2023,400000000.0,490758993.0,166287356.0,0.31874,0.16424,23.9375,0.4157,1.3043,0.0493
1834.SR,2024,400000000.0,495034552.0,126423825.0,0.22534,0.11996,23.9375,0.32,1.5009,0.0753
1835.SR,2014,200000000.0,148840707.0,59829040.0,0.19923,0.1328,19.8452,2.2577,11.3323,0.0414
1835.SR,2015,200000000.0,148840707.0,59829040.0,0.19923,0.1328,19.8452,2.2577,11.3323,0.0414
1835.SR,2016,200000000.0,148840707.0,59829040.0,0.19923,0.1328,19.8452,2.2577,11.3323,0.0414
1835.SR,2017,200000000.0,148840707.0,59829040.0,0.19923,0.1328,19.8452,2.2577,11.3323,0.0414
1835.SR,2018,200000000.0,148840707.0,59829040.0,0.19923,0.1328,19.8452,2.2577,11.3323,0.0414
1835.SR,2019,200000000.0,148840707.0,59829040.0,0.19923,0.1328,19.8452,2.2577,11.3323,0.0414
1835.SR,2020,200000000.0,148840707.0,59829040.0,0.19923,0.1328,19.8452,2.2577,11.3323,0.0414
1835.SR,2021,200000000.0,148840707.0,59829040.0,0.19923,0.1328,19.8452,2.2577,11.3323,0.0414
1835.SR,2022,200000000.0,148840707.0,59829040.0,0.19923,0.1328,19.8452,2.2577,11.3323,0.0414
1835.SR,2023,200000000.0,148840707.0,59829040.0,0.19923,0.1328,19.8452,2.2577,11.3323,0.0414
1835.SR,2024,265000000.0,204097856.0,85508204.0,0.2631,0.16997,19.8452,3.23,13.1963,0.0444
2001.SR,2014,674508630.0,884025310.0,244004449.0,0.23956,0.12825,9.9448,3.62,15.0895,0.6772
2001.SR,2015,674508630.0,884025310.0,244004449.0,0.23956,0.12825,9.9448,3.62,15.0895,0.6772
2001.SR,2016,674508630.0,884025310.0,244004449.0,0.23956,0.12825,9.9448,3.62,15.0895,0.6772
2001.SR,2017,674508630.0,884025310.0,244004449.0,0.23956,0.12825,9.9448,3.62,15.0895,0.6772
2001.SR,2018,674508630.0,884025310.0,244004449.0,0.23956,0.12825,9.9448,3.62,15.0895,0.6772
2001.SR,2019,674508630.0,884025310.0,244004449.0,0.23956,0.12825,9.9448,3.62,15.0895,0.6772
2001.SR,2020,674508630.0,884025310.0,244004449.0,0.23956,0.12825,9.9448,3.62,15.0895,0.6772
2001.SR,2021,674508630.0,884025310.0,244004449.0,0.23956,0.12825,9.9448,3.62,15.0895,0.6772
2001.SR,2022,674508630.0,574459404.0,206428499.0,0.1843,0.11162,8.268,3.06,18.098,0.3062
2001.SR,2023,674508630.0,608379362.0,-177800467.0,-0.15719,-0.10322,-7.6515,-2.64,15.4157,0.3584
2001.SR,2024,674508630.0,1044184111.0,-286229346.0,-0.3164,-0.16614,-4.5792,-4.04,11.3882,0.8681
2010.SR,2014,30000000000.0,107522000000.0,23066002000.0,0.12804,0.07223,15.0845,7.69,52.7818,0.2141
2010.SR,2015,30000000000.0,107522000000.0,23066002000.0,0.12804,0.07223,15.0845,7.69,52.7818,0.2141
2010.SR,2016,30000000000.0,107522000000.0,23066002000.0,0.12804,0.07223,15.0845,7.69,52.7818,0.2141
2010.SR,2017,30000000000.0,107522000000.0,23066002000.0,0.12804,0.07223,15.0845,7.69,52.7818,0.2141
2010.SR,2018,30000000000.0,107522000000.0,23066002000.0,0.12804,0.07223,15.0845,7.69,52.7818,0.2141
2010.SR,2019,30000000000.0,107522000000.0,23066002000.0,0.12804,0.07223,15.0845,7.69,52.7818,0.2141
2010.SR,2020,30000000000.0,107522000000.0,23066002000.0,0.12804,0.07223,15.0845,7.69,52.7818,0.2141
2010.SR,2021,30000000000.0,107522000000.0,23066002000.0,0.12804,0.07223,15.0845,7.69,52.7818,0.2141
2010.SR,2022,30000000000.0,95488558000.0,16529722000.0,0.09028,0.05227,16.225,5.51,52.7818,0.1871
2010.SR,2023,30000000000.0,99097911000.0,-2772282000.0,-0.01569,-0.00913,-90.7609,-0.92,52.7818,0.2001
2010.SR,2024,30000000000.0,94100634000.0,1538542000.0,0.00949,0.00538,131.3725,0.51,52.2777,0.2244
2020.SR,2014,4760354000.0,2825888000.0,5228016000.0,0.33619,0.26333,16.0838,10.98,32.6673,0.0115
2020.SR,2015,4760354000.0,2825888000.0,5228016000.0,0.33619,0.26333,16.0838,10.98,32.6673,0.0115
2020.SR,2016,4760354000.0,2825888000.0,5228016000.0,0.33619,0.26333,16.0838,10.98,32.6673,0.0115
2020.SR,2017,4760354000.0,2825888000.0,5228016000.0,0.33619,0.26333,16.0838,10.98,32.6673,0.0115
2020.SR,2018,4760354000.0,2825888000.0,5228016000.0,0.33619,0.26333,16.0838,10.98,32.6673,0.0115
2020.SR,2019,4760354000.0,2825888000.0,5228016000.0,0.33619,0.26333,16.0838,10.98,32.6673,0.0115
2020.SR,2020,4760354000.0,2825888000.0,5228016000.0,0.33619,0.26333,16.0838,10.98,32.6673,0.0115
2020.SR,2021,4760354000.0,2825888000.0,5228016000.0,0.33619,0.26333,16.0838,10.98,32.6673,0.0115
2020.SR,2022,4760354000.0,6086708000.0,10036764000.0,0.56633,0.28444,6.9355,10.98,41.791,0.0124
2020.SR,2023,4760354000.0,6504221000.0,3659449000.0,0.19446,0.13978,17.9714,7.69,37.271,0.012
2020.SR,2024,4760354000.0,6010543000.0,3327172000.0,0.18374,0.13093,15.8798,6.99,38.8068,0.0104
2030.SR,2014,150000000.0,3942928.0,6592233.0,0.01178,0.0117,312.7273,0.44,37.3023,0.0262861866666666
2030.SR,2015,150000000.0,3942928.0,6592233.0,0.01178,0.0117,312.7273,0.44,37.3023,0.0262861866666666
2030.SR,2016,150000000.0,3942928.0,6592233.0,0.01178,0.0117,312.7273,0.44,37.3023,0.0262861866666666
2030.SR,2017,150000000.0,3942928.0,6592233.0,0.01178,0.0117,312.7273,0.44,37.3023,0.0262861866666666
2030.SR,2018,150000000.0,3942928.0,6592233.0,0.01178,0.0117,312.7273,0.44,37.3023,0.0262861866666666
2030.SR,2019,150000000.0,3942928.0,6592233.0,0.01178,0.0117,312.7273,0.44,37.3023,0.0262861866666666
2030.SR,2020,150000000.0,3942928.0,6592233.0,0.01178,0.0117,312.7273,0.44,37.3023,0.0262861866666666
2030.SR,2021,150000000.0,3942928.0,6592233.0,0.01178,0.0117,312.7273,0.44,37.3023,0.0262861866666666
2030.SR,2022,150000000.0,6413333.0,28230062.0,0.05655,0.05597,38.5106,1.88,29.2547,0.0427555533333333
2030.SR,2023,150000000.0,7202722.0,7701643.0,0.01765,0.01738,182.3529,0.51,28.9341,0.0003
2030.SR,2024,150000000.0,16899199.0,-53487697.0,-0.13759,-0.13346,-20.1961,-3.57,22.898,0.0015
2040.SR,2014,800000000.0,1151767000.0,233792000.0,0.13985,0.08164,18.8055,2.344,16.7172,0.4329
2040.SR,2015,800000000.0,1151767000.0,233792000.0,0.13985,0.08164,18.8055,2.344,16.7172,0.4329
2040.SR,2016,800000000.0,1151767000.0,233792000.0,0.13985,0.08164,18.8055,2.344,16.7172,0.4329
2040.SR,2017,800000000.0,1151767000.0,233792000.0,0.13985,0.08164,18.8055,2.344,16.7172,0.4329
2040.SR,2018,800000000.0,1151767000.0,233792000.0,0.13985,0.08164,18.8055,2.344,16.7172,0.4329
2040.SR,2019,800000000.0,1151767000.0,233792000.0,0.13985,0.08164,18.8055,2.344,16.7172,0.4329
2040.SR,2020,800000000.0,1151767000.0,233792000.0,0.13985,0.08164,18.8055,2.344,16.7172,0.4329
2040.SR,2021,800000000.0,1151767000.0,233792000.0,0.13985,0.08164,18.8055,2.344,16.7172,0.4329
2040.SR,2022,800000000.0,1237597000.0,173920000.0,0.10167,0.05908,13.0963,1.744,17.497,0.4267
2040.SR,2023,800000000.0,1354611000.0,-210351000.0,-0.12928,-0.07139,-9.4592,-2.33,15.0451,0.5928
2040.SR,2024,1000000000.0,1251909000.0,-71859000.0,-0.04908,-0.02592,-42.625,-0.8,14.2408,0.5852
2050.SR,2014,5339807000.0,19454106000.0,221879000.0,0.02747,0.00777,21.5496,0.9302,33.5516,1.5248
2050.SR,2015,5339807000.0,19454106000.0,221879000.0,0.02747,0.00777,21.5496,0.9302,33.5516,1.5248
2050.SR,2016,5339807000.0,19454106000.0,221879000.0,0.02747,0.00777,21.5496,0.9302,33.5516,1.5248
2050.SR,2017,5339807000.0,19454106000.0,221879000.0,0.02747,0.00777,21.5496,0.9302,33.5516,1.5248
2050.SR,2018,5339807000.0,19454106000.0,221879000.0,0.02747,0.00777,21.5496,0.9302,33.5516,1.5248
2050.SR,2019,5339807000.0,19454106000.0,221879000.0,0.02747,0.00777,21.5496,0.9302,33.5516,1.5248
2050.SR,2020,5339807000.0,19454106000.0,221879000.0,0.02747,0.00777,21.5496,0.9302,33.5516,1.5248
2050.SR,2021,5339807000.0,19454106000.0,221879000.0,0.02747,0.00777,21.5496,0.9302,33.5516,1.5248
2050.SR,2022,5339807000.0,20247955000.0,742752000.0,0.09095,0.02556,5.5943,3.0786,34.3242,1.4376
2050.SR,2023,5339807000.0,20402618000.0,899185000.0,0.108,0.03022,23.7343,0.99,35.0601,1.4489
2050.SR,2024,3000000000.0,15815179000.0,9974266000.0,1.25609,0.28444,3.4655,10.59,15.4913,1.5143
2060.SR,2014,6689142000.0,13417283000.0,1356388000.0,0.15587,0.0543,9.8325,2.03,13.0092,0.9351
2060.SR,2015,6689142000.0,13417283000.0,1356388000.0,0.15587,0.0543,9.8325,2.03,13.0092,0.9351
2060.SR,2016,6689142000.0,13417283000.0,1356388000.0,0.15587,0.0543,9.8325,2.03,13.0092,0.9351
2060.SR,2017,6689142000.0,13417283000.0,1356388000.0,0.15587,0.0543,9.8325,2.03,13.0092,0.9351
2060.SR,2018,6689142000.0,13417283000.0,1356388000.0,0.15587,0.0543,9.8325,2.03,13.0092,0.9351
2060.SR,2019,6689142000.0,13417283000.0,1356388000.0,0.15587,0.0543,9.8325,2.03,13.0092,0.9351
2060.SR,2020,6689142000.0,13417283000.0,1356388000.0,0.15587,0.0543,9.8325,2.03,13.0092,0.9351
2060.SR,2021,6689142000.0,13417283000.0,1356388000.0,0.15587,0.0543,9.8325,2.03,13.0092,0.9351
2060.SR,2022,6689142000.0,12262471000.0,666346000.0,0.07276,0.02685,12.36,1.0,14.374,0.741
2060.SR,2023,6689142000.0,13193460000.0,201628000.0,0.0209,0.00806,41.2667,0.3,14.4661,0.7486
2060.SR,2024,6689142000.0,14357485000.0,102802000.0,0.01064,0.00397,67.7333,0.15,14.4326,0.9699
2070.SR,2014,1200000000.0,2440669402.0,26454090.0,0.01439,0.00597,178.8636,0.22,15.3147,0.7046
2070.SR,2015,1200000000.0,2440669402.0,26454090.0,0.01439,0.00597,178.8636,0.22,15.3147,0.7046
2070.SR,2016,1200000000.0,2440669402.0,26454090.0,0.01439,0.00597,178.8636,0.22,15.3147,0.7046
2070.SR,2017,1200000000.0,2440669402.0,26454090.0,0.01439,0.00597,178.8636,0.22,15.3147,0.7046
2070.SR,2018,1200000000.0,2440669402.0,26454090.0,0.01439,0.00597,178.8636,0.22,15.3147,0.7046
2070.SR,2019,1200000000.0,2440669402.0,26454090.0,0.01439,0.00597,178.8636,0.22,15.3147,0.7046
2070.SR,2020,1200000000.0,2440669402.0,26454090.0,0.01439,0.00597,178.8636,0.22,15.3147,0.7046
2070.SR,2021,1200000000.0,2440669402.0,26454090.0,0.01439,0.00597,178.8636,0.22,15.3147,0.7046
2070.SR,2022,1200000000.0,2138648000.0,-165135000.0,-0.09779,-0.03996,-15.7826,-1.38,12.8292,0.7027
2070.SR,2023,1200000000.0,2365151000.0,-50728000.0,-0.03481,-0.01315,-90.0,-0.42,11.4832,0.8139
2070.SR,2024,1200000000.0,2788029000.0,24535000.0,0.01782,0.00598,152.1429,0.21,11.5479,1.0974
2080.SR,2014,750000000.0,601830062.0,201364232.0,0.11598,0.08613,20.2239,2.68,23.1487,0.0661
2080.SR,2015,750000000.0,601830062.0,201364232.0,0.11598,0.08613,20.2239,2.68,23.1487,0.0661
2080.SR,2016,750000000.0,601830062.0,201364232.0,0.11598,0.08613,20.2239,2.68,23.1487,0.0661
2080.SR,2017,750000000.0,601830062.0,201364232.0,0.11598,0.08613,20.2239,2.68,23.1487,0.0661
2080.SR,2018,750000000.0,601830062.0,201364232.0,0.11598,0.08613,20.2239,2.68,23.1487,0.0661
2080.SR,2019,750000000.0,601830062.0,201364232.0,0.11598,0.08613,20.2239,2.68,23.1487,0.0661
2080.SR,2020,750000000.0,601830062.0,201364232.0,0.11598,0.08613,20.2239,2.68,23.1487,0.0661
2080.SR,2021,750000000.0,601830062.0,201364232.0,0.11598,0.08613,20.2239,2.68,23.1487,0.0661
2080.SR,2022,750000000.0,663541091.0,214063523.0,0.12334,0.09039,18.1754,2.85,23.1328,0.0536
2080.SR,2023,750000000.0,681526617.0,227315243.0,0.12697,0.0923,22.4422,3.03,24.6092,0.0385
2080.SR,2024,750000000.0,791033436.0,248749238.0,0.1326,0.09522,30.9036,3.32,25.4166,0.0714
2081.SR,2014,250000000.0,394961643.0,103325408.0,0.28983,0.1375,24.7942,2.95,10.1859,0.6228
2081.SR,2015,250000000.0,394961643.0,103325408.0,0.28983,0.1375,24.7942,2.95,10.1859,0.6228
2081.SR,2016,250000000.0,394961643.0,103325408.0,0.28983,0.1375,24.7942,2.95,10.1859,0.6228
2081.SR,2017,250000000.0,394961643.0,103325408.0,0.28983,0.1375,24.7942,2.95,10.1859,0.6228
2081.SR,2018,250000000.0,394961643.0,103325408.0,0.28983,0.1375,24.7942,2.95,10.1859,0.6228
2081.SR,2019,250000000.0,394961643.0,103325408.0,0.28983,0.1375,24.7942,2.95,10.1859,0.6228
2081.SR,2020,250000000.0,394961643.0,103325408.0,0.28983,0.1375,24.7942,2.95,10.1859,0.6228
2081.SR,2021,250000000.0,394961643.0,103325408.0,0.28983,0.1375,24.7942,2.95,10.1859,0.6228
2081.SR,2022,250000000.0,789009273.0,107441177.0,0.28496,0.11088,32.4186,3.0714,11.3595,1.2805
2081.SR,2023,250000000.0,1164438281.0,140021598.0,0.29946,0.09695,34.5714,4.0,15.3597,1.0182
2081.SR,2024,350000000.0,1604137201.0,230002219.0,0.35012,0.11268,22.8311,6.57,22.1784,0.9027
2082.SR,2014,7134143000.0,31388553000.0,758798000.0,0.05627,0.0166,81.4166,1.0297,18.2607,1.7805
2082.SR,2015,7134143000.0,31388553000.0,758798000.0,0.05627,0.0166,81.4166,1.0297,18.2607,1.7805
2082.SR,2016,7134143000.0,31388553000.0,758798000.0,0.05627,0.0166,81.4166,1.0297,18.2607,1.7805
2082.SR,2017,7134143000.0,31388553000.0,758798000.0,0.05627,0.0166,81.4166,1.0297,18.2607,1.7805
2082.SR,2018,7134143000.0,31388553000.0,758798000.0,0.05627,0.0166,81.4166,1.0297,18.2607,1.7805
2082.SR,2019,7134143000.0,31388553000.0,758798000.0,0.05627,0.0166,81.4166,1.0297,18.2607,1.7805
2082.SR,2020,7134143000.0,31388553000.0,758798000.0,0.05627,0.0166,81.4166,1.0297,18.2607,1.7805
2082.SR,2021,7134143000.0,31388553000.0,758798000.0,0.05627,0.0166,81.4166,1.0297,18.2607,1.7805
2082.SR,2022,7134143000.0,28817526000.0,1540035000.0,0.09582,0.03257,72.6153,2.089,25.2696,1.2711
2082.SR,2023,7134143000.0,34309423000.0,1661714000.0,0.08788,0.032,113.8955,2.252,25.9441,1.334
2082.SR,2024,7148765000.0,32576494000.0,1757057000.0,0.08567,0.0314,168.5905,2.3809,29.6178,1.2057
2083.SR,2014,2500000000.0,16558821000.0,631999000.0,0.0837,0.02621,13.8757,2.528,30.2043,1.6172
2083.SR,2015,2500000000.0,16558821000.0,631999000.0,0.0837,0.02621,13.8757,2.528,30.2043,1.6172
2083.SR,2016,2500000000.0,16558821000.0,631999000.0,0.0837,0.02621,13.8757,2.528,30.2043,1.6172
2083.SR,2017,2500000000.0,16558821000.0,631999000.0,0.0837,0.02621,13.8757,2.528,30.2043,1.6172
2083.SR,2018,2500000000.0,16558821000.0,631999000.0,0.0837,0.02621,13.8757,2.528,30.2043,1.6172
2083.SR,2019,2500000000.0,16558821000.0,631999000.0,0.0837,0.02621,13.8757,2.528,30.2043,1.6172
2083.SR,2020,2500000000.0,16558821000.0,631999000.0,0.0837,0.02621,13.8757,2.528,30.2043,1.6172
2083.SR,2021,2500000000.0,16558821000.0,631999000.0,0.0837,0.02621,13.8757,2.528,30.2043,1.6172
2083.SR,2022,2500000000.0,20045588000.0,845650000.0,0.12925,0.03404,13.8757,3.38,22.1363,3.0621
2083.SR,2023,2500000000.0,18474122000.0,587002000.0,0.10589,0.02367,27.5745,2.35,22.2103,2.7926
2083.SR,2024,2500000000.0,17768917000.0,17152000.0,0.00318,0.00073,458.2353,0.07,20.8976,2.8106
2084.SR,2014,160925543.0,596101525.0,56718308.0,0.14438,0.05733,111.0,0.3525,2.4412,1.1552
2084.SR,2015,160925543.0,596101525.0,56718308.0,0.14438,0.05733,111.0,0.3525,2.4412,1.1552
2084.SR,2016,160925543.0,596101525.0,56718308.0,0.14438,0.05733,111.0,0.3525,2.4412,1.1552
2084.SR,2017,160925543.0,596101525.0,56718308.0,0.14438,0.05733,111.0,0.3525,2.4412,1.1552
2084.SR,2018,160925543.0,596101525.0,56718308.0,0.14438,0.05733,111.0,0.3525,2.4412,1.1552
2084.SR,2019,160925543.0,596101525.0,56718308.0,0.14438,0.05733,111.0,0.3525,2.4412,1.1552
2084.SR,2020,160925543.0,596101525.0,56718308.0,0.14438,0.05733,111.0,0.3525,2.4412,1.1552
2084.SR,2021,160925543.0,596101525.0,56718308.0,0.14438,0.05733,111.0,0.3525,2.4412,1.1552
2084.SR,2022,160925543.0,596101525.0,56718308.0,0.14438,0.05733,111.0,0.3525,2.4412,1.1552
2084.SR,2023,160925543.0,596101525.0,56718308.0,0.14438,0.05733,111.0,0.3525,2.4412,1.1552
2084.SR,2024,160925543.0,704364002.0,40726824.0,0.09751,0.03807,111.0,0.25,2.7496,1.1553
2090.SR,2014,316666667.0,27928037.0,20759125.0,0.04489,0.04234,68.1818,0.66,14.6024,0.0159
2090.SR,2015,316666667.0,27928037.0,20759125.0,0.04489,0.04234,68.1818,0.66,14.6024,0.0159
2090.SR,2016,316666667.0,27928037.0,20759125.0,0.04489,0.04234,68.1818,0.66,14.6024,0.0159
2090.SR,2017,316666667.0,27928037.0,20759125.0,0.04489,0.04234,68.1818,0.66,14.6024,0.0159
2090.SR,2018,316666667.0,27928037.0,20759125.0,0.04489,0.04234,68.1818,0.66,14.6024,0.0159
2090.SR,2019,316666667.0,27928037.0,20759125.0,0.04489,0.04234,68.1818,0.66,14.6024,0.0159
2090.SR,2020,316666667.0,27928037.0,20759125.0,0.04489,0.04234,68.1818,0.66,14.6024,0.0159
2090.SR,2021,316666667.0,27928037.0,20759125.0,0.04489,0.04234,68.1818,0.66,14.6024,0.0159
2090.SR,2022,316666667.0,43068954.0,-6442845.0,-0.01573,-0.01448,-111.1,-0.2,11.262,0.0189
2090.SR,2023,316666667.0,44105330.0,5127534.0,0.01427,0.01272,146.5,0.16,11.4361,0.0169
2090.SR,2024,316666667.0,28308897.0,-12693428.0,-0.0358,-0.03248,-54.35,-0.4,10.9586,0.016
2100.SR,2014,77170350.0,93062800.0,-10930587.0,-0.22225,-0.07684,-71.8158,-0.79,2.4971,0.7341
2100.SR,2015,77170350.0,93062800.0,-10930587.0,-0.22225,-0.07684,-71.8158,-0.79,2.4971,0.7341
2100.SR,2016,77170350.0,93062800.0,-10930587.0,-0.22225,-0.07684,-71.8158,-0.79,2.4971,0.7341
2100.SR,2017,77170350.0,93062800.0,-10930587.0,-0.22225,-0.07684,-71.8158,-0.79,2.4971,0.7341
2100.SR,2018,77170350.0,93062800.0,-10930587.0,-0.22225,-0.07684,-71.8158,-0.79,2.4971,0.7341
2100.SR,2019,77170350.0,93062800.0,-10930587.0,-0.22225,-0.07684,-71.8158,-0.79,2.4971,0.7341
2100.SR,2020,77170350.0,93062800.0,-10930587.0,-0.22225,-0.07684,-71.8158,-0.79,2.4971,0.7341
2100.SR,2021,77170350.0,93062800.0,-10930587.0,-0.22225,-0.07684,-71.8158,-0.79,2.4971,0.7341
2100.SR,2022,231511050.0,96534451.0,13817123.0,0.10546,0.06119,25.6,1.0,9.1942,0.107
2100.SR,2023,231511050.0,89516335.0,20963599.0,0.09415,0.06641,46.2088,0.91,10.0414,0.0554
2100.SR,2024,231511050.0,97723824.0,5039973.0,0.02138,0.0153,174.7727,0.22,10.3227,0.081
2110.SR,2014,360614000.0,988919000.0,-194309000.0,-1.9084,-0.18159,-19.5704,-5.39,12.5574,5.6184
2110.SR,2015,360614000.0,988919000.0,-194309000.0,-1.9084,-0.18159,-19.5704,-5.39,12.5574,5.6184
2110.SR,2016,360614000.0,988919000.0,-194309000.0,-1.9084,-0.18159,-19.5704,-5.39,12.5574,5.6184
2110.SR,2017,360614000.0,988919000.0,-194309000.0,-1.9084,-0.18159,-19.5704,-5.39,12.5574,5.6184
2110.SR,2018,360614000.0,988919000.0,-194309000.0,-1.9084,-0.18159,-19.5704,-5.39,12.5574,5.6184
2110.SR,2019,360614000.0,988919000.0,-194309000.0,-1.9084,-0.18159,-19.5704,-5.39,12.5574,5.6184
2110.SR,2020,360614000.0,988919000.0,-194309000.0,-1.9084,-0.18159,-19.5704,-5.39,12.5574,5.6184
2110.SR,2021,360614000.0,988919000.0,-194309000.0,-1.9084,-0.18159,-19.5704,-5.39,12.5574,5.6184
2110.SR,2022,66729000.0,1293263000.0,-580476000.0,1.25609,-0.331988,-2.2825,-11.54,12.5574,0.0003
2110.SR,2023,66729000.0,1053717000.0,17804000.0,-0.03634,0.02618,21.4232,2.67,12.5574,0.0003
2110.SR,2024,66729000.0,1158935000.0,48758000.0,-0.10802,0.07445,13.8356,7.3,12.5574,0.0003
2120.SR,2014,500000000.0,7256024.0,91133066.0,0.09759,0.09683,26.0989,1.5167,15.5647,0.014512048
2120.SR,2015,500000000.0,7256024.0,91133066.0,0.09759,0.09683,26.0989,1.5167,15.5647,0.014512048
2120.SR,2016,500000000.0,7256024.0,91133066.0,0.09759,0.09683,26.0989,1.5167,15.5647,0.014512048
2120.SR,2017,500000000.0,7256024.0,91133066.0,0.09759,0.09683,26.0989,1.5167,15.5647,0.014512048
2120.SR,2018,500000000.0,7256024.0,91133066.0,0.09759,0.09683,26.0989,1.5167,15.5647,0.014512048
2120.SR,2019,500000000.0,7256024.0,91133066.0,0.09759,0.09683,26.0989,1.5167,15.5647,0.014512048
2120.SR,2020,500000000.0,7256024.0,91133066.0,0.09759,0.09683,26.0989,1.5167,15.5647,0.014512048
2120.SR,2021,500000000.0,7256024.0,91133066.0,0.09759,0.09683,26.0989,1.5167,15.5647,0.014512048
2120.SR,2022,500000000.0,7929901.0,100207371.0,0.10921,0.10832,11.1667,2.0,15.0197,0.0003
2120.SR,2023,600000000.0,131485392.0,148799189.0,0.15691,0.14617,11.369,2.52,16.8713,0.1037
2120.SR,2024,600000000.0,126122066.0,295063946.0,0.26509,0.2376,7.04,5.0,20.8595,0.0839
2130.SR,2014,400000000.0,89590101.0,-24495507.0,-0.12007,-0.0814,-33.1148,-1.8074,15.112,0.0806
2130.SR,2015,400000000.0,89590101.0,-24495507.0,-0.12007,-0.0814,-33.1148,-1.8074,15.112,0.0806
2130.SR,2016,400000000.0,89590101.0,-24495507.0,-0.12007,-0.0814,-33.1148,-1.8074,15.112,0.0806
2130.SR,2017,400000000.0,89590101.0,-24495507.0,-0.12007,-0.0814,-33.1148,-1.8074,15.112,0.0806
2130.SR,2018,400000000.0,89590101.0,-24495507.0,-0.12007,-0.0814,-33.1148,-1.8074,15.112,0.0806
2130.SR,2019,400000000.0,89590101.0,-24495507.0,-0.12007,-0.0814,-33.1148,-1.8074,15.112,0.0806
2130.SR,2020,400000000.0,89590101.0,-24495507.0,-0.12007,-0.0814,-33.1148,-1.8074,15.112,0.0806
2130.SR,2021,400000000.0,89590101.0,-24495507.0,-0.12007,-0.0814,-33.1148,-1.8074,15.112,0.0806
2130.SR,2022,400000000.0,101362791.0,-38772314.0,-0.20906,-0.13433,-10.6598,-2.8741,12.3636,0.2163
2130.SR,2023,400000000.0,101342872.0,-74439441.0,-0.56183,-0.30858,-18.0964,-1.86,7.2651,0.3288
2130.SR,2024,135000000.0,100981623.0,-16905612.0,-0.19676,-0.08764,-19.2115,-1.5407,5.4635,0.4343
2140.SR,2014,806363280.0,700501285.0,4294315.0,0.00531,0.00283,371.439,0.0548,9.1527,0.7104
2140.SR,2015,806363280.0,700501285.0,4294315.0,0.00531,0.00283,371.439,0.0548,9.1527,0.7104
2140.SR,2016,806363280.0,700501285.0,4294315.0,0.00531,0.00283,371.439,0.0548,9.1527,0.7104
2140.SR,2017,806363280.0,700501285.0,4294315.0,0.00531,0.00283,371.439,0.0548,9.1527,0.7104
2140.SR,2018,806363280.0,700501285.0,4294315.0,0.00531,0.00283,371.439,0.0548,9.1527,0.7104
2140.SR,2019,806363280.0,700501285.0,4294315.0,0.00531,0.00283,371.439,0.0548,9.1527,0.7104
2140.SR,2020,806363280.0,700501285.0,4294315.0,0.00531,0.00283,371.439,0.0548,9.1527,0.7104
2140.SR,2021,806363280.0,700501285.0,4294315.0,0.00531,0.00283,371.439,0.0548,9.1527,0.7104
2140.SR,2022,806363280.0,892149482.0,-44767736.0,-0.05797,-0.02839,-27.6269,-0.5111,8.3273,1.0222
2140.SR,2023,806363280.0,1154283264.0,-216250945.0,-0.35,-0.1311,-6.2651,-2.49,5.6592,1.6229
2140.SR,2024,1006363280.0,1119727176.0,-164408943.0,-0.29707,-0.09684,-8.5056,-1.78,6.0303,0.0091
2150.SR,2014,329000000.0,126963841.0,51114630.0,0.07984,0.06663,28.3871,1.55,19.4589,0.1177
2150.SR,2015,329000000.0,126963841.0,51114630.0,0.07984,0.06663,28.3871,1.55,19.4589,0.1177
2150.SR,2016,329000000.0,126963841.0,51114630.0,0.07984,0.06663,28.3871,1.55,19.4589,0.1177
2150.SR,2017,329000000.0,126963841.0,51114630.0,0.07984,0.06663,28.3871,1.55,19.4589,0.1177
2150.SR,2018,329000000.0,126963841.0,51114630.0,0.07984,0.06663,28.3871,1.55,19.4589,0.1177
2150.SR,2019,329000000.0,126963841.0,51114630.0,0.07984,0.06663,28.3871,1.55,19.4589,0.1177
2150.SR,2020,329000000.0,126963841.0,51114630.0,0.07984,0.06663,28.3871,1.55,19.4589,0.1177
2150.SR,2021,329000000.0,126963841.0,51114630.0,0.07984,0.06663,28.3871,1.55,19.4589,0.1177
2150.SR,2022,329000000.0,128461919.0,104330993.0,0.15667,0.13146,10.3312,3.17,21.0241,0.0856
2150.SR,2023,329000000.0,66830638.0,47878843.0,0.06775,0.05953,27.3973,1.46,21.9335,0.0212
2150.SR,2024,329000000.0,78692392.0,96831561.0,0.13122,0.11944,18.4694,2.94,22.9266,0.035
2160.SR,2014,320000000.0,1958982000.0,-171317000.0,-0.52648,-0.07437,-3.1446,-11.54,10.7748,3.4803
2160.SR,2015,320000000.0,1958982000.0,-171317000.0,-0.52648,-0.07437,-3.1446,-11.54,10.7748,3.4803
2160.SR,2016,320000000.0,1958982000.0,-171317000.0,-0.52648,-0.07437,-3.1446,-11.54,10.7748,3.4803
2160.SR,2017,320000000.0,1958982000.0,-171317000.0,-0.52648,-0.07437,-3.1446,-11.54,10.7748,3.4803
2160.SR,2018,320000000.0,1958982000.0,-171317000.0,-0.52648,-0.07437,-3.1446,-11.54,10.7748,3.4803
2160.SR,2019,320000000.0,1958982000.0,-171317000.0,-0.52648,-0.07437,-3.1446,-11.54,10.7748,3.4803
2160.SR,2020,320000000.0,1958982000.0,-171317000.0,-0.52648,-0.07437,-3.1446,-11.54,10.7748,3.4803
2160.SR,2021,320000000.0,1958982000.0,-171317000.0,-0.52648,-0.07437,-3.1446,-11.54,10.7748,3.4803
2160.SR,2022,99000000.0,1921520000.0,-8781000.0,-0.02649,-0.00383,-111.5608,-0.2913,11.2141,3.3992
2160.SR,2023,99000000.0,2114902000.0,-174656000.0,-0.69131,-0.07607,-15.2792,-3.94,5.5745,5.6184
2160.SR,2024,445500000.0,1118103000.0,439836000.0,0.83902,0.20271,2.8579,9.92,19.8652,0.299
2170.SR,2014,692000000.0,1763623000.0,1622307000.0,0.62294,0.28444,2.3038,10.98,52.7818,0.4588
2170.SR,2015,692000000.0,1763623000.0,1622307000.0,0.62294,0.28444,2.3038,10.98,52.7818,0.4588
2170.SR,2016,692000000.0,1763623000.0,1622307000.0,0.62294,0.28444,2.3038,10.98,52.7818,0.4588
2170.SR,2017,692000000.0,1763623000.0,1622307000.0,0.62294,0.28444,2.3038,10.98,52.7818,0.4588
2170.SR,2018,692000000.0,1763623000.0,1622307000.0,0.62294,0.28444,2.3038,10.98,52.7818,0.4588
2170.SR,2019,692000000.0,1763623000.0,1622307000.0,0.62294,0.28444,2.3038,10.98,52.7818,0.4588
2170.SR,2020,692000000.0,1763623000.0,1622307000.0,0.62294,0.28444,2.3038,10.98,52.7818,0.4588
2170.SR,2021,692000000.0,1763623000.0,1622307000.0,0.62294,0.28444,2.3038,10.98,52.7818,0.4588
2170.SR,2022,692000000.0,1422715000.0,64543000.0,0.02489,0.01291,40.0538,0.93,52.4597,0.4003
2170.SR,2023,692000000.0,1554850000.0,-82245000.0,-0.0293,-0.01745,-25.0621,-1.61,43.8171,0.364
2170.SR,2024,692000000.0,490516000.0,-50703000.0,-0.01554,-0.01004,-52.4658,-0.73,50.4788,0.0075
2180.SR,2014,115000000.0,183356852.0,-9063067.0,-0.07547,-0.02987,-66.7089,-0.79,10.4424,0.8859
2180.SR,2015,115000000.0,183356852.0,-9063067.0,-0.07547,-0.02987,-66.7089,-0.79,10.4424,0.8859
2180.SR,2016,115000000.0,183356852.0,-9063067.0,-0.07547,-0.02987,-66.7089,-0.79,10.4424,0.8859
2180.SR,2017,115000000.0,183356852.0,-9063067.0,-0.07547,-0.02987,-66.7089,-0.79,10.4424,0.8859
2180.SR,2018,115000000.0,183356852.0,-9063067.0,-0.07547,-0.02987,-66.7089,-0.79,10.4424,0.8859
2180.SR,2019,115000000.0,183356852.0,-9063067.0,-0.07547,-0.02987,-66.7089,-0.79,10.4424,0.8859
2180.SR,2020,115000000.0,183356852.0,-9063067.0,-0.07547,-0.02987,-66.7089,-0.79,10.4424,0.8859
2180.SR,2021,115000000.0,183356852.0,-9063067.0,-0.07547,-0.02987,-66.7089,-0.79,10.4424,0.8859
2180.SR,2022,115000000.0,154996313.0,9795159.0,0.0777,0.03318,41.0,0.85,11.4812,0.5793
2180.SR,2023,115000000.0,143027171.0,11989910.0,0.08697,0.04179,52.6923,1.04,12.4958,0.4144
2180.SR,2024,115000000.0,136077381.0,930509.0,0.00644,0.00327,52.6923,1.04,12.6475,0.346
2190.SR,2014,816000000.0,2698664868.0,57878318.0,0.03895,0.01159,43.2394,0.71,18.211,0.5511
2190.SR,2015,816000000.0,2698664868.0,57878318.0,0.03895,0.01159,43.2394,0.71,18.211,0.5511
2190.SR,2016,816000000.0,2698664868.0,57878318.0,0.03895,0.01159,43.2394,0.71,18.211,0.5511
2190.SR,2017,816000000.0,2698664868.0,57878318.0,0.03895,0.01159,43.2394,0.71,18.211,0.5511
2190.SR,2018,816000000.0,2698664868.0,57878318.0,0.03895,0.01159,43.2394,0.71,18.211,0.5511
2190.SR,2019,816000000.0,2698664868.0,57878318.0,0.03895,0.01159,43.2394,0.71,18.211,0.5511
2190.SR,2020,816000000.0,2698664868.0,57878318.0,0.03895,0.01159,43.2394,0.71,18.211,0.5511
2190.SR,2021,816000000.0,2698664868.0,57878318.0,0.03895,0.01159,43.2394,0.71,18.211,0.5511
2190.SR,2022,816000000.0,2742141013.0,36729508.0,0.02447,0.00731,45.1111,0.45,18.5775,0.5799
2190.SR,2023,816000000.0,3675258714.0,71203083.0,0.04708,0.01289,35.2874,0.87,18.5511,0.9623
2190.SR,2024,816000000.0,3623088569.0,-741877.0,-0.0005,-0.00012,-373.0,-0.01,18.169,0.9331
2200.SR,2014,400000000.0,454919000.0,-60116000.0,-0.56874,-0.10723,-14.6068,-0.3005,0.5285,2.8716
2200.SR,2015,400000000.0,454919000.0,-60116000.0,-0.56874,-0.10723,-14.6068,-0.3005,0.5285,2.8716
2200.SR,2016,400000000.0,454919000.0,-60116000.0,-0.56874,-0.10723,-14.6068,-0.3005,0.5285,2.8716
2200.SR,2017,400000000.0,454919000.0,-60116000.0,-0.56874,-0.10723,-14.6068,-0.3005,0.5285,2.8716
2200.SR,2018,400000000.0,454919000.0,-60116000.0,-0.56874,-0.10723,-14.6068,-0.3005,0.5285,2.8716
2200.SR,2019,400000000.0,454919000.0,-60116000.0,-0.56874,-0.10723,-14.6068,-0.3005,0.5285,2.8716
2200.SR,2020,400000000.0,454919000.0,-60116000.0,-0.56874,-0.10723,-14.6068,-0.3005,0.5285,2.8716
2200.SR,2021,400000000.0,454919000.0,-60116000.0,-0.56874,-0.10723,-14.6068,-0.3005,0.5285,2.8716
2200.SR,2022,100000000.0,667242000.0,-10488000.0,-0.10133,-0.01578,-50.7936,-0.0525,0.5066,4.244
2200.SR,2023,100000000.0,674594000.0,132105000.0,0.79003,0.15762,12.8889,0.66,1.1656,2.0117
2200.SR,2024,150000000.0,530264000.0,168177000.0,0.53016,0.18287,14.5,0.84,2.0066,1.0442
2210.SR,2014,235200000.0,820671000.0,27689000.0,0.07915,0.02366,27.4002,1.177,14.9783,1.5078
2210.SR,2015,235200000.0,820671000.0,27689000.0,0.07915,0.02366,27.4002,1.177,14.9783,1.5078
2210.SR,2016,235200000.0,820671000.0,27689000.0,0.07915,0.02366,27.4002,1.177,14.9783,1.5078
2210.SR,2017,235200000.0,820671000.0,27689000.0,0.07915,0.02366,27.4002,1.177,14.9783,1.5078
2210.SR,2018,235200000.0,820671000.0,27689000.0,0.07915,0.02366,27.4002,1.177,14.9783,1.5078
2210.SR,2019,235200000.0,820671000.0,27689000.0,0.07915,0.02366,27.4002,1.177,14.9783,1.5078
2210.SR,2020,235200000.0,820671000.0,27689000.0,0.07915,0.02366,27.4002,1.177,14.9783,1.5078
2210.SR,2021,235200000.0,820671000.0,27689000.0,0.07915,0.02366,27.4002,1.177,14.9783,1.5078
2210.SR,2022,235200000.0,747111000.0,37016000.0,0.10062,0.03214,20.9657,1.574,16.4105,1.2663
2210.SR,2023,235200000.0,777935000.0,-156885000.0,-0.50982,-0.14659,-4.8126,-6.67,9.7566,2.2924
2210.SR,2024,235200000.0,855007000.0,11719000.0,0.04949,0.01113,-4.8126,-6.67,10.3794,2.2981
2220.SR,2014,354000000.0,150862198.0,-29130080.0,-0.0828,-0.05795,-26.1735,-0.98,9.9378,0.1216
2220.SR,2015,354000000.0,150862198.0,-29130080.0,-0.0828,-0.05795,-26.1735,-0.98,9.9378,0.1216
2220.SR,2016,354000000.0,150862198.0,-29130080.0,-0.0828,-0.05795,-26.1735,-0.98,9.9378,0.1216
2220.SR,2017,354000000.0,150862198.0,-29130080.0,-0.0828,-0.05795,-26.1735,-0.98,9.9378,0.1216
2220.SR,2018,354000000.0,150862198.0,-29130080.0,-0.0828,-0.05795,-26.1735,-0.98,9.9378,0.1216
2220.SR,2019,354000000.0,150862198.0,-29130080.0,-0.0828,-0.05795,-26.1735,-0.98,9.9378,0.1216
2220.SR,2020,354000000.0,150862198.0,-29130080.0,-0.0828,-0.05795,-26.1735,-0.98,9.9378,0.1216
2220.SR,2021,354000000.0,150862198.0,-29130080.0,-0.0828,-0.05795,-26.1735,-0.98,9.9378,0.1216
2220.SR,2022,354000000.0,130087782.0,-38997304.0,-0.11687,-0.08225,-15.3818,-1.1,8.9143,0.1066
2220.SR,2023,354000000.0,113938352.0,-31470394.0,-0.10493,-0.07459,-22.3146,-0.89,8.0305,0.1013
2220.SR,2024,354000000.0,128638135.0,-40296356.0,-0.15213,-0.10435,-15.5439,-1.14,6.9344,0.115
2222.SR,2014,60000000000.0,882022000000.0,395203000000.0,0.355,0.18274,18.0808,1.6364,4.6023,0.4589
2222.SR,2015,60000000000.0,882022000000.0,395203000000.0,0.355,0.18274,18.0808,1.6364,4.6023,0.4589
2222.SR,2016,60000000000.0,882022000000.0,395203000000.0,0.355,0.18274,18.0808,1.6364,4.6023,0.4589
2222.SR,2017,60000000000.0,882022000000.0,395203000000.0,0.355,0.18274,18.0808,1.6364,4.6023,0.4589
2222.SR,2018,60000000000.0,882022000000.0,395203000000.0,0.355,0.18274,18.0808,1.6364,4.6023,0.4589
2222.SR,2019,60000000000.0,882022000000.0,395203000000.0,0.355,0.18274,18.0808,1.6364,4.6023,0.4589
2222.SR,2020,60000000000.0,882022000000.0,395203000000.0,0.355,0.18274,18.0808,1.6364,4.6023,0.4589
2222.SR,2021,60000000000.0,882022000000.0,395203000000.0,0.355,0.18274,18.0808,1.6364,4.6023,0.4589
2222.SR,2022,75000000000.0,826777000000.0,597215000000.0,0.46618,0.25656,11.8145,2.47,5.9893,0.2713
2222.SR,2023,90000000000.0,740848000000.0,452753000000.0,0.3035,0.18216,17.6471,1.87,6.3427,0.1891
2222.SR,2024,90000000000.0,772275000000.0,393891000000.0,0.26322,0.16072,17.2086,1.63,6.0294,0.219
2223.SR,2014,441000000.0,4119756906.0,1502515031.0,0.35399,0.17963,7.9352,8.9,25.1529,0.5567
2223.SR,2015,441000000.0,4119756906.0,1502515031.0,0.35399,0.17963,7.9352,8.9,25.1529,0.5567
2223.SR,2016,441000000.0,4119756906.0,1502515031.0,0.35399,0.17963,7.9352,8.9,25.1529,0.5567
2282.SR,2015,200000000.0,40175077.0,77275987.0,0.37164,0.28444,26.9262,3.8638,10.3967,0.0854
2223.SR,2017,441000000.0,4119756906.0,1502515031.0,0.35399,0.17963,7.9352,8.9,25.1529,0.5567
2223.SR,2018,441000000.0,4119756906.0,1502515031.0,0.35399,0.17963,7.9352,8.9,25.1529,0.5567
2223.SR,2019,441000000.0,4119756906.0,1502515031.0,0.35399,0.17963,7.9352,8.9,25.1529,0.5567
2223.SR,2020,441000000.0,4119756906.0,1502515031.0,0.35399,0.17963,7.9352,8.9,25.1529,0.5567
2223.SR,2021,441000000.0,4119756906.0,1502515031.0,0.35399,0.17963,7.9352,8.9,25.1529,0.5567
2223.SR,2022,1687500000.0,3561986000.0,1978080000.0,0.42414,0.23259,7.9352,10.98,30.2244,0.4353
2223.SR,2023,1687500000.0,3987677000.0,1509612000.0,0.30339,0.17251,16.1693,8.98,28.9374,0.4371
2223.SR,2024,1687500000.0,3341788000.0,972028000.0,0.2098,0.11714,19.3426,5.78,26.1357,0.2435
2230.SR,2014,843200000.0,2982687000.0,69570000.0,0.04301,0.0151,40.8434,0.083,1.9184,1.1792
2230.SR,2015,843200000.0,2982687000.0,69570000.0,0.04301,0.0151,40.8434,0.083,1.9184,1.1792
2230.SR,2016,843200000.0,2982687000.0,69570000.0,0.04301,0.0151,40.8434,0.083,1.9184,1.1792
2230.SR,2017,843200000.0,2982687000.0,69570000.0,0.04301,0.0151,40.8434,0.083,1.9184,1.1792
2230.SR,2018,843200000.0,2982687000.0,69570000.0,0.04301,0.0151,40.8434,0.083,1.9184,1.1792
2230.SR,2019,843200000.0,2982687000.0,69570000.0,0.04301,0.0151,40.8434,0.083,1.9184,1.1792
2230.SR,2020,843200000.0,2982687000.0,69570000.0,0.04301,0.0151,40.8434,0.083,1.9184,1.1792
2230.SR,2021,843200000.0,2982687000.0,69570000.0,0.04301,0.0151,40.8434,0.083,1.9184,1.1792
2230.SR,2022,843200000.0,2969303000.0,80223000.0,0.04895,0.01735,26.5,0.1,1.9686,0.9079
2230.SR,2023,843200000.0,3097642000.0,182886000.0,0.10571,0.03833,19.6364,0.22,2.1351,0.6813
2230.SR,2024,843200000.0,4159251000.0,291241000.0,0.14969,0.05215,26.4857,0.35,2.4798,0.7588
2240.SR,2014,600000000.0,4565400000.0,-159417000.0,-0.1649,-0.02789,-10.4323,-2.66,16.1121,2.6419
2240.SR,2015,600000000.0,4565400000.0,-159417000.0,-0.1649,-0.02789,-10.4323,-2.66,16.1121,2.6419
2240.SR,2016,600000000.0,4565400000.0,-159417000.0,-0.1649,-0.02789,-10.4323,-2.66,16.1121,2.6419
2240.SR,2017,600000000.0,4565400000.0,-159417000.0,-0.1649,-0.02789,-10.4323,-2.66,16.1121,2.6419
2240.SR,2018,600000000.0,4565400000.0,-159417000.0,-0.1649,-0.02789,-10.4323,-2.66,16.1121,2.6419
2240.SR,2019,600000000.0,4565400000.0,-159417000.0,-0.1649,-0.02789,-10.4323,-2.66,16.1121,2.6419
2240.SR,2020,600000000.0,4565400000.0,-159417000.0,-0.1649,-0.02789,-10.4323,-2.66,16.1121,2.6419
2240.SR,2021,600000000.0,4565400000.0,-159417000.0,-0.1649,-0.02789,-10.4323,-2.66,16.1121,2.6419
2240.SR,2022,600000000.0,5059169000.0,-178069000.0,-0.20496,-0.03038,-5.3535,-2.97,12.848,3.7717
2240.SR,2023,600000000.0,5424772000.0,-297843000.0,-0.48719,-0.04931,-5.2923,-4.96,7.53,5.2127
2240.SR,2024,600000000.0,5363929000.0,26805000.0,0.05763,0.00443,71.8889,0.45,7.9753,4.5363
2250.SR,2014,4500000000.0,418111000.0,1136272000.0,0.15505,0.09229,12.3123,2.8111,18.095,0.0929135555555555
2250.SR,2015,4500000000.0,418111000.0,1136272000.0,0.15505,0.09229,12.3123,2.8111,18.095,0.0929135555555555
2250.SR,2016,4500000000.0,418111000.0,1136272000.0,0.15505,0.09229,12.3123,2.8111,18.095,0.0929135555555555
2250.SR,2017,4500000000.0,418111000.0,1136272000.0,0.15505,0.09229,12.3123,2.8111,18.095,0.0929135555555555
2250.SR,2018,4500000000.0,418111000.0,1136272000.0,0.15505,0.09229,12.3123,2.8111,18.095,0.0929135555555555
2250.SR,2019,4500000000.0,418111000.0,1136272000.0,0.15505,0.09229,12.3123,2.8111,18.095,0.0929135555555555
2250.SR,2020,4500000000.0,418111000.0,1136272000.0,0.15505,0.09229,12.3123,2.8111,18.095,0.0929135555555555
2250.SR,2021,4500000000.0,418111000.0,1136272000.0,0.15505,0.09229,12.3123,2.8111,18.095,0.0929135555555555
2250.SR,2022,7548000000.0,367240000.0,277440000.0,0.0308,0.02375,53.6097,0.4556,15.7319,0.0486539480657127
2250.SR,2023,7548000000.0,749808000.0,112201000.0,0.01084,0.01028,147.9997,0.1667,14.7538,0.0993386327503974
2250.SR,2024,7548000000.0,266931000.0,201243000.0,0.02027,0.01928,61.8519,0.3,14.477,0.035364467408585
2270.SR,2014,325000000.0,674616000.0,260553000.0,0.16992,0.11687,20.2703,8.14,47.9174,0.0416
2270.SR,2015,325000000.0,674616000.0,260553000.0,0.16992,0.11687,20.2703,8.14,47.9174,0.0416
2270.SR,2016,325000000.0,674616000.0,260553000.0,0.16992,0.11687,20.2703,8.14,47.9174,0.0416
2270.SR,2017,325000000.0,674616000.0,260553000.0,0.16992,0.11687,20.2703,8.14,47.9174,0.0416
2270.SR,2018,325000000.0,674616000.0,260553000.0,0.16992,0.11687,20.2703,8.14,47.9174,0.0416
2270.SR,2019,325000000.0,674616000.0,260553000.0,0.16992,0.11687,20.2703,8.14,47.9174,0.0416
2270.SR,2020,325000000.0,674616000.0,260553000.0,0.16992,0.11687,20.2703,8.14,47.9174,0.0416
2270.SR,2021,325000000.0,674616000.0,260553000.0,0.16992,0.11687,20.2703,8.14,47.9174,0.0416
2270.SR,2022,325000000.0,725066000.0,207291000.0,0.13489,0.09181,33.3333,6.48,48.1317,0.0433
2270.SR,2023,325000000.0,808636000.0,308771000.0,0.19338,0.12945,34.6736,9.65,51.6618,0.0387
2270.SR,2024,325000000.0,844747000.0,483687000.0,0.27955,0.18835,22.3413,10.98,52.7818,0.0295
2280.SR,2014,10000000000.0,15135889000.0,1563543000.0,0.097,0.04924,31.25,1.56,16.2169,0.6342
2280.SR,2015,10000000000.0,15135889000.0,1563543000.0,0.097,0.04924,31.25,1.56,16.2169,0.6342
2280.SR,2016,10000000000.0,15135889000.0,1563543000.0,0.097,0.04924,31.25,1.56,16.2169,0.6342
2280.SR,2017,10000000000.0,15135889000.0,1563543000.0,0.097,0.04924,31.25,1.56,16.2169,0.6342
2280.SR,2018,10000000000.0,15135889000.0,1563543000.0,0.097,0.04924,31.25,1.56,16.2169,0.6342
2280.SR,2019,10000000000.0,15135889000.0,1563543000.0,0.097,0.04924,31.25,1.56,16.2169,0.6342
2280.SR,2020,10000000000.0,15135889000.0,1563543000.0,0.097,0.04924,31.25,1.56,16.2169,0.6342
2280.SR,2021,10000000000.0,15135889000.0,1563543000.0,0.097,0.04924,31.25,1.56,16.2169,0.6342
2280.SR,2022,10000000000.0,15091105000.0,1759812000.0,0.10734,0.05514,30.3977,1.76,16.7721,0.6039
2280.SR,2023,10000000000.0,18385190000.0,2049123000.0,0.1189,0.06003,27.2195,2.05,17.9053,0.7012
2280.SR,2024,10000000000.0,16776828000.0,2313100000.0,0.12644,0.06447,24.7619,2.31,18.9043,0.5677
2281.SR,2014,200000000.0,971444270.0,13556583.0,0.03806,0.01021,120.7353,0.68,17.8101,1.5096
2281.SR,2015,200000000.0,971444270.0,13556583.0,0.03806,0.01021,120.7353,0.68,17.8101,1.5096
2281.SR,2016,200000000.0,971444270.0,13556583.0,0.03806,0.01021,120.7353,0.68,17.8101,1.5096
2281.SR,2017,200000000.0,971444270.0,13556583.0,0.03806,0.01021,120.7353,0.68,17.8101,1.5096
2281.SR,2018,200000000.0,971444270.0,13556583.0,0.03806,0.01021,120.7353,0.68,17.8101,1.5096
2281.SR,2019,200000000.0,971444270.0,13556583.0,0.03806,0.01021,120.7353,0.68,17.8101,1.5096
2281.SR,2020,200000000.0,971444270.0,13556583.0,0.03806,0.01021,120.7353,0.68,17.8101,1.5096
2281.SR,2021,200000000.0,971444270.0,13556583.0,0.03806,0.01021,120.7353,0.68,17.8101,1.5096
2281.SR,2022,200000000.0,1137970185.0,186809894.0,0.38495,0.11943,14.0471,9.34,30.7185,1.0231
2281.SR,2023,200000000.0,1332108095.0,75940950.0,0.12316,0.03983,27.1053,3.8,30.9412,1.3268
2281.SR,2024,200000000.0,2016796735.0,95822173.0,0.14732,0.03986,27.1053,3.8,34.1009,1.9352
2282.SR,2014,200000000.0,40175077.0,77275987.0,0.37164,0.28444,26.9262,3.8638,10.3967,0.0854
2282.SR,2016,200000000.0,40175077.0,77275987.0,0.37164,0.28444,26.9262,3.8638,10.3967,0.0854
2282.SR,2017,200000000.0,40175077.0,77275987.0,0.37164,0.28444,26.9262,3.8638,10.3967,0.0854
2282.SR,2018,200000000.0,40175077.0,77275987.0,0.37164,0.28444,26.9262,3.8638,10.3967,0.0854
2282.SR,2019,200000000.0,40175077.0,77275987.0,0.37164,0.28444,26.9262,3.8638,10.3967,0.0854
2282.SR,2020,200000000.0,40175077.0,77275987.0,0.37164,0.28444,26.9262,3.8638,10.3967,0.0854
2282.SR,2021,200000000.0,40175077.0,77275987.0,0.37164,0.28444,26.9262,3.8638,10.3967,0.0854
2282.SR,2022,200000000.0,41634050.0,48707066.0,0.21297,0.18066,26.9262,2.44,12.4741,0.0622
2282.SR,2023,200000000.0,39371147.0,42950121.0,0.17091,0.14719,36.0,2.15,12.6566,0.0508
2282.SR,2024,200000000.0,35094144.0,30184860.0,0.11454,0.10036,42.1854,1.51,13.6962,0.028
2283.SR,2014,539236780.0,491230474.0,198475214.0,0.29837,0.17163,19.0127,3.5761,11.9855,0.5393
2283.SR,2015,539236780.0,491230474.0,198475214.0,0.29837,0.17163,19.0127,3.5761,11.9855,0.5393
2283.SR,2016,539236780.0,491230474.0,198475214.0,0.29837,0.17163,19.0127,3.5761,11.9855,0.5393
2283.SR,2017,539236780.0,491230474.0,198475214.0,0.29837,0.17163,19.0127,3.5761,11.9855,0.5393
2283.SR,2018,539236780.0,491230474.0,198475214.0,0.29837,0.17163,19.0127,3.5761,11.9855,0.5393
2283.SR,2019,539236780.0,491230474.0,198475214.0,0.29837,0.17163,19.0127,3.5761,11.9855,0.5393
2283.SR,2020,539236780.0,491230474.0,198475214.0,0.29837,0.17163,19.0127,3.5761,11.9855,0.5393
2283.SR,2021,539236780.0,491230474.0,198475214.0,0.29837,0.17163,19.0127,3.5761,11.9855,0.5393
2283.SR,2022,555000000.0,1675389299.0,217480731.0,0.30714,0.1214,19.0127,3.9186,13.5308,2.0246
2283.SR,2023,555000000.0,1578581503.0,220208226.0,0.26804,0.08993,19.0127,3.95,16.0745,1.5493
2283.SR,2024,555000000.0,1550478496.0,250901722.0,0.27314,0.10104,13.4444,4.5,17.0279,1.4294
2284.SR,2014,81832000.0,973790159.0,233009125.0,1.25609,0.20223,16.0117,2.8762,2.2024,4.663
2284.SR,2015,81832000.0,973790159.0,233009125.0,1.25609,0.20223,16.0117,2.8762,2.2024,4.663
2284.SR,2016,81832000.0,973790159.0,233009125.0,1.25609,0.20223,16.0117,2.8762,2.2024,4.663
2284.SR,2017,81832000.0,973790159.0,233009125.0,1.25609,0.20223,16.0117,2.8762,2.2024,4.663
2284.SR,2018,81832000.0,973790159.0,233009125.0,1.25609,0.20223,16.0117,2.8762,2.2024,4.663
2284.SR,2019,81832000.0,973790159.0,233009125.0,1.25609,0.20223,16.0117,2.8762,2.2024,4.663
2284.SR,2020,81832000.0,973790159.0,233009125.0,1.25609,0.20223,16.0117,2.8762,2.2024,4.663
2284.SR,2021,81832000.0,973790159.0,233009125.0,1.25609,0.20223,16.0117,2.8762,2.2024,4.663
2284.SR,2022,81832000.0,973790159.0,233009125.0,1.25609,0.20223,16.0117,2.8762,2.2024,4.663
2284.SR,2023,81832000.0,921485088.0,201810098.0,0.94729,0.17387,16.0117,2.4911,3.0569,3.1933
2284.SR,2024,81832000.0,1041011114.0,208670276.0,0.81798,0.16878,16.0117,2.57,3.2409,3.3614
2285.SR,2014,513150060.0,1468743792.0,200279112.0,0.24336,0.08739,11.7909,3.9029,16.0375,1.6557
2285.SR,2015,513150060.0,1468743792.0,200279112.0,0.24336,0.08739,11.7909,3.9029,16.0375,1.6557
2285.SR,2016,513150060.0,1468743792.0,200279112.0,0.24336,0.08739,11.7909,3.9029,16.0375,1.6557
2285.SR,2017,513150060.0,1468743792.0,200279112.0,0.24336,0.08739,11.7909,3.9029,16.0375,1.6557
2285.SR,2018,513150060.0,1468743792.0,200279112.0,0.24336,0.08739,11.7909,3.9029,16.0375,1.6557
2285.SR,2019,513150060.0,1468743792.0,200279112.0,0.24336,0.08739,11.7909,3.9029,16.0375,1.6557
2285.SR,2020,513150060.0,1468743792.0,200279112.0,0.24336,0.08739,11.7909,3.9029,16.0375,1.6557
2285.SR,2021,513150060.0,1468743792.0,200279112.0,0.24336,0.08739,11.7909,3.9029,16.0375,1.6557
2285.SR,2022,513150060.0,1468743792.0,200279112.0,0.24336,0.08739,11.7909,3.9029,16.0375,1.6557
2285.SR,2023,513150060.0,1468743792.0,200279112.0,0.24336,0.08739,11.7909,3.9029,16.0375,1.6557
2285.SR,2024,513150060.0,1243980944.0,213636615.0,0.22995,0.09348,11.7909,4.16,20.1718,1.0903
2286.SR,2014,473903170.0,474029300.0,142816987.0,0.2091,0.12343,21.11745,0.2645,1.2648,0.5889
2286.SR,2015,473903170.0,474029300.0,142816987.0,0.2091,0.12343,21.11745,0.2645,1.2648,0.5889
2286.SR,2016,473903170.0,474029300.0,142816987.0,0.2091,0.12343,21.11745,0.2645,1.2648,0.5889
2286.SR,2017,473903170.0,474029300.0,142816987.0,0.2091,0.12343,21.11745,0.2645,1.2648,0.5889
2286.SR,2018,473903170.0,474029300.0,142816987.0,0.2091,0.12343,21.11745,0.2645,1.2648,0.5889
2286.SR,2019,473903170.0,474029300.0,142816987.0,0.2091,0.12343,21.11745,0.2645,1.2648,0.5889
2286.SR,2020,473903170.0,474029300.0,142816987.0,0.2091,0.12343,21.11745,0.2645,1.2648,0.5889
2286.SR,2021,473903170.0,474029300.0,142816987.0,0.2091,0.12343,21.11745,0.2645,1.2648,0.5889
2286.SR,2022,473903170.0,474029300.0,142816987.0,0.2091,0.12343,18.16325,0.2645,1.2648,0.5889
2286.SR,2023,473903170.0,474029300.0,142816987.0,0.2091,0.12343,21.96145,0.2645,1.2648,0.5889
2286.SR,2024,540000000.0,483904154.0,170931353.0,0.24482,0.14521,20.2314,0.2645,1.3211,0.5519
2290.SR,2014,5625000000.0,3118519000.0,1531299000.0,0.1018,0.08432,25.2574,2.72,26.742,0.0097
2290.SR,2015,5625000000.0,3118519000.0,1531299000.0,0.1018,0.08432,25.2574,2.72,26.742,0.0097
2290.SR,2016,5625000000.0,3118519000.0,1531299000.0,0.1018,0.08432,25.2574,2.72,26.742,0.0097
2290.SR,2017,5625000000.0,3118519000.0,1531299000.0,0.1018,0.08432,25.2574,2.72,26.742,0.0097
2290.SR,2018,5625000000.0,3118519000.0,1531299000.0,0.1018,0.08432,25.2574,2.72,26.742,0.0097
2290.SR,2019,5625000000.0,3118519000.0,1531299000.0,0.1018,0.08432,25.2574,2.72,26.742,0.0097
2290.SR,2020,5625000000.0,3118519000.0,1531299000.0,0.1018,0.08432,25.2574,2.72,26.742,0.0097
2290.SR,2021,5625000000.0,3118519000.0,1531299000.0,0.1018,0.08432,25.2574,2.72,26.742,0.0097
2290.SR,2022,5625000000.0,2628738000.0,414145000.0,0.02847,0.02377,56.2162,0.74,24.9793,0.0105
2290.SR,2023,5625000000.0,2881083000.0,-485144000.0,-0.03739,-0.03084,-44.2442,-0.86,21.157,0.0095
2290.SR,2024,5625000000.0,2887516000.0,420334000.0,0.03633,0.02908,50.4,0.75,19.9763,0.0094
2300.SR,2014,192000000.0,764117908.0,30275860.0,0.14243,0.03097,17.9787,1.5168,6.6353,2.8508
2300.SR,2015,192000000.0,764117908.0,30275860.0,0.14243,0.03097,17.9787,1.5168,6.6353,2.8508
2300.SR,2016,192000000.0,764117908.0,30275860.0,0.14243,0.03097,17.9787,1.5168,6.6353,2.8508
2300.SR,2017,192000000.0,764117908.0,30275860.0,0.14243,0.03097,17.9787,1.5168,6.6353,2.8508
2300.SR,2018,192000000.0,764117908.0,30275860.0,0.14243,0.03097,17.9787,1.5168,6.6353,2.8508
2300.SR,2019,192000000.0,764117908.0,30275860.0,0.14243,0.03097,17.9787,1.5168,6.6353,2.8508
2300.SR,2020,192000000.0,764117908.0,30275860.0,0.14243,0.03097,17.9787,1.5168,6.6353,2.8508
2300.SR,2021,192000000.0,764117908.0,30275860.0,0.14243,0.03097,17.9787,1.5168,6.6353,2.8508
2300.SR,2022,337000000.0,655809266.0,46894939.0,0.15278,0.04607,14.3333,1.4727,10.8261,1.255
2300.SR,2023,337000000.0,604541279.0,72935736.0,0.16691,0.06829,20.4661,1.97,12.789,0.9081
2300.SR,2024,370700000.0,710363933.0,83237867.0,0.16894,0.07232,28.8444,2.25,13.8763,0.9467
2310.SR,2014,7333333000.0,8742992000.0,3591844000.0,0.24627,0.14682,8.5714,4.9,19.8888,0.3798
2310.SR,2015,7333333000.0,8742992000.0,3591844000.0,0.24627,0.14682,8.5714,4.9,19.8888,0.3798
2310.SR,2016,7333333000.0,8742992000.0,3591844000.0,0.24627,0.14682,8.5714,4.9,19.8888,0.3798
2310.SR,2017,7333333000.0,8742992000.0,3591844000.0,0.24627,0.14682,8.5714,4.9,19.8888,0.3798
2310.SR,2018,7333333000.0,8742992000.0,3591844000.0,0.24627,0.14682,8.5714,4.9,19.8888,0.3798
2310.SR,2019,7333333000.0,8742992000.0,3591844000.0,0.24627,0.14682,8.5714,4.9,19.8888,0.3798
2310.SR,2020,7333333000.0,8742992000.0,3591844000.0,0.24627,0.14682,8.5714,4.9,19.8888,0.3798
2310.SR,2021,7333333000.0,8742992000.0,3591844000.0,0.24627,0.14682,8.5714,4.9,19.8888,0.3798
2310.SR,2022,7333333000.0,6738483000.0,3595291000.0,0.23659,0.14999,6.9286,4.9,21.5554,0.2197
2310.SR,2023,7333333000.0,5601573000.0,1174994000.0,0.0749,0.05165,21.2812,1.6,21.2308,0.1747
2310.SR,2024,7333333000.0,5111792000.0,426139000.0,0.02766,0.01977,42.8966,0.58,20.7807,0.1482
2320.SR,2014,426313120.0,1610572517.0,51029030.0,0.06261,0.0209,26.25,0.8,12.7451,1.3654
2320.SR,2015,426313120.0,1610572517.0,51029030.0,0.06261,0.0209,26.25,0.8,12.7451,1.3654
2320.SR,2016,426313120.0,1610572517.0,51029030.0,0.06261,0.0209,26.25,0.8,12.7451,1.3654
2320.SR,2017,426313120.0,1610572517.0,51029030.0,0.06261,0.0209,26.25,0.8,12.7451,1.3654
2320.SR,2018,426313120.0,1610572517.0,51029030.0,0.06261,0.0209,26.25,0.8,12.7451,1.3654
2320.SR,2019,426313120.0,1610572517.0,51029030.0,0.06261,0.0209,26.25,0.8,12.7451,1.3654
2320.SR,2020,426313120.0,1610572517.0,51029030.0,0.06261,0.0209,26.25,0.8,12.7451,1.3654
2320.SR,2021,426313120.0,1610572517.0,51029030.0,0.06261,0.0209,26.25,0.8,12.7451,1.3654
2320.SR,2022,426313120.0,1961086679.0,52630638.0,0.06425,0.02009,16.8353,0.83,12.8735,1.6764
2320.SR,2023,639469680.0,2007933790.0,141491850.0,0.16376,0.04941,12.4434,2.21,14.1498,1.4252
2320.SR,2024,639469680.0,1793467342.0,265748386.0,0.26892,0.0914,9.375,4.16,16.7574,0.8877
2330.SR,2014,2164734000.0,1934729000.0,815395000.0,0.21836,0.13842,18.7075,3.136,14.375,0.2846
2330.SR,2015,2164734000.0,1934729000.0,815395000.0,0.21836,0.13842,18.7075,3.136,14.375,0.2846
2330.SR,2016,2164734000.0,1934729000.0,815395000.0,0.21836,0.13842,18.7075,3.136,14.375,0.2846
2330.SR,2017,2164734000.0,1934729000.0,815395000.0,0.21836,0.13842,18.7075,3.136,14.375,0.2846
2330.SR,2018,2164734000.0,1934729000.0,815395000.0,0.21836,0.13842,18.7075,3.136,14.375,0.2846
2330.SR,2019,2164734000.0,1934729000.0,815395000.0,0.21836,0.13842,18.7075,3.136,14.375,0.2846
2330.SR,2020,2164734000.0,1934729000.0,815395000.0,0.21836,0.13842,18.7075,3.136,14.375,0.2846
2330.SR,2021,2164734000.0,1934729000.0,815395000.0,0.21836,0.13842,18.7075,3.136,14.375,0.2846
2330.SR,2022,2600000000.0,4619868000.0,294501000.0,0.08446,0.04169,37.4449,1.135,12.4597,1.2237
2330.SR,2023,2600000000.0,7865375000.0,171061000.0,0.05288,0.01736,59.2424,0.66,12.4234,2.1948
2330.SR,2024,2600000000.0,9408300000.0,-259180000.0,-0.08494,-0.02149,-32.1,-1.0,11.0494,2.9534
2340.SR,2014,812500000.0,257540000.0,-47754000.0,-0.04361,-0.03531,-50.0847,-0.59,13.4757,0.1561
2340.SR,2015,812500000.0,257540000.0,-47754000.0,-0.04361,-0.03531,-50.0847,-0.59,13.4757,0.1561
2340.SR,2016,812500000.0,257540000.0,-47754000.0,-0.04361,-0.03531,-50.0847,-0.59,13.4757,0.1561
2340.SR,2017,812500000.0,257540000.0,-47754000.0,-0.04361,-0.03531,-50.0847,-0.59,13.4757,0.1561
2340.SR,2018,812500000.0,257540000.0,-47754000.0,-0.04361,-0.03531,-50.0847,-0.59,13.4757,0.1561
2340.SR,2019,812500000.0,257540000.0,-47754000.0,-0.04361,-0.03531,-50.0847,-0.59,13.4757,0.1561
2340.SR,2020,812500000.0,257540000.0,-47754000.0,-0.04361,-0.03531,-50.0847,-0.59,13.4757,0.1561
2340.SR,2021,812500000.0,257540000.0,-47754000.0,-0.04361,-0.03531,-50.0847,-0.59,13.4757,0.1561
2340.SR,2022,812500000.0,327128000.0,-57867000.0,-0.0487,-0.03909,-22.0,-0.71,15.772,0.1868
2340.SR,2023,812500000.0,361550000.0,-74790000.0,-0.06025,-0.04717,-18.1304,-0.92,14.7834,0.212
2340.SR,2024,812500000.0,439074000.0,-144454000.0,-0.12901,-0.09503,-8.9775,-1.78,12.7787,0.242
2350.SR,2014,15000000000.0,16427355000.0,2390616000.0,0.14516,0.07267,10.7044,1.59,10.9795,0.8123
2350.SR,2015,15000000000.0,16427355000.0,2390616000.0,0.14516,0.07267,10.7044,1.59,10.9795,0.8123
2350.SR,2016,15000000000.0,16427355000.0,2390616000.0,0.14516,0.07267,10.7044,1.59,10.9795,0.8123
2350.SR,2017,15000000000.0,16427355000.0,2390616000.0,0.14516,0.07267,10.7044,1.59,10.9795,0.8123
2350.SR,2018,15000000000.0,16427355000.0,2390616000.0,0.14516,0.07267,10.7044,1.59,10.9795,0.8123
2350.SR,2019,15000000000.0,16427355000.0,2390616000.0,0.14516,0.07267,10.7044,1.59,10.9795,0.8123
2350.SR,2020,15000000000.0,16427355000.0,2390616000.0,0.14516,0.07267,10.7044,1.59,10.9795,0.8123
2350.SR,2021,15000000000.0,16427355000.0,2390616000.0,0.14516,0.07267,10.7044,1.59,10.9795,0.8123
2350.SR,2022,15000000000.0,12795951000.0,-1243890000.0,-0.07787,-0.04067,-16.4578,-0.83,10.3182,0.6507
2350.SR,2023,15000000000.0,13396718000.0,-2136474000.0,-0.14857,-0.07775,-7.7183,-1.42,8.8561,0.7656
2350.SR,2024,15000000000.0,13366443000.0,-1803717000.0,-0.14554,-0.06998,-5.85,-1.2,7.6686,0.7284
2360.SR,2014,150000000.0,36482403.0,-2055341.0,-0.00742,-0.00656,-373.0,-0.14,18.4623,0.0174
2360.SR,2015,150000000.0,36482403.0,-2055341.0,-0.00742,-0.00656,-373.0,-0.14,18.4623,0.0174
2360.SR,2016,150000000.0,36482403.0,-2055341.0,-0.00742,-0.00656,-373.0,-0.14,18.4623,0.0174
2360.SR,2017,150000000.0,36482403.0,-2055341.0,-0.00742,-0.00656,-373.0,-0.14,18.4623,0.0174
2360.SR,2018,150000000.0,36482403.0,-2055341.0,-0.00742,-0.00656,-373.0,-0.14,18.4623,0.0174
2360.SR,2019,150000000.0,36482403.0,-2055341.0,-0.00742,-0.00656,-373.0,-0.14,18.4623,0.0174
2360.SR,2020,150000000.0,36482403.0,-2055341.0,-0.00742,-0.00656,-373.0,-0.14,18.4623,0.0174
2360.SR,2021,150000000.0,36482403.0,-2055341.0,-0.00742,-0.00656,-373.0,-0.14,18.4623,0.0174
2360.SR,2022,150000000.0,33045314.0,-8762676.0,-0.03213,-0.0285,-67.4138,-0.58,17.9023,0.0227
2360.SR,2023,150000000.0,30258143.0,-59140066.0,-0.24724,-0.21834,-12.132,-3.94,13.9916,0.0326
2360.SR,2024,150000000.0,52919528.0,-108445350.0,-0.69536,-0.331988,-5.2766,-7.23,6.8024,0.2626
2370.SR,2014,400000000.0,327781894.0,-22716042.0,-0.06713,-0.0341,-35.5088,-0.57,8.4592,0.2465
2370.SR,2015,400000000.0,327781894.0,-22716042.0,-0.06713,-0.0341,-35.5088,-0.57,8.4592,0.2465
2370.SR,2016,400000000.0,327781894.0,-22716042.0,-0.06713,-0.0341,-35.5088,-0.57,8.4592,0.2465
2370.SR,2017,400000000.0,327781894.0,-22716042.0,-0.06713,-0.0341,-35.5088,-0.57,8.4592,0.2465
2370.SR,2018,400000000.0,327781894.0,-22716042.0,-0.06713,-0.0341,-35.5088,-0.57,8.4592,0.2465
2370.SR,2019,400000000.0,327781894.0,-22716042.0,-0.06713,-0.0341,-35.5088,-0.57,8.4592,0.2465
2370.SR,2020,400000000.0,327781894.0,-22716042.0,-0.06713,-0.0341,-35.5088,-0.57,8.4592,0.2465
2370.SR,2021,400000000.0,327781894.0,-22716042.0,-0.06713,-0.0341,-35.5088,-0.57,8.4592,0.2465
2370.SR,2022,400000000.0,439782782.0,-11788217.0,-0.03536,-0.01644,-34.1379,-0.29,8.2074,0.3245
2370.SR,2023,400000000.0,393495121.0,48935113.0,0.13864,0.06358,18.3115,1.22,9.4409,0.0427
2370.SR,2024,400000000.0,464435998.0,90997994.0,0.21618,0.10707,19.1189,2.27,11.6063,0.1989
2380.SR,2014,8760000000.0,65056112000.0,2036661000.0,0.24521,0.02776,11.5375,1.2567,6.6414,5.6184
2380.SR,2015,8760000000.0,65056112000.0,2036661000.0,0.24521,0.02776,11.5375,1.2567,6.6414,5.6184
2380.SR,2016,8760000000.0,65056112000.0,2036661000.0,0.24521,0.02776,11.5375,1.2567,6.6414,5.6184
2380.SR,2017,8760000000.0,65056112000.0,2036661000.0,0.24521,0.02776,11.5375,1.2567,6.6414,5.6184
2380.SR,2018,8760000000.0,65056112000.0,2036661000.0,0.24521,0.02776,11.5375,1.2567,6.6414,5.6184
2380.SR,2019,8760000000.0,65056112000.0,2036661000.0,0.24521,0.02776,11.5375,1.2567,6.6414,5.6184
2380.SR,2020,8760000000.0,65056112000.0,2036661000.0,0.24521,0.02776,11.5375,1.2567,6.6414,5.6184
2380.SR,2021,8760000000.0,65056112000.0,2036661000.0,0.24521,0.02776,11.5375,1.2567,6.6414,5.6184
2380.SR,2022,16710000000.0,50323871000.0,-1114881000.0,-0.09464,-0.01605,-13.519,-0.79,9.1292,2.4065
2380.SR,2023,16710000000.0,52652198000.0,-4692733000.0,-0.3637,-0.07288,-3.6797,-2.81,6.314,3.6771
2380.SR,2024,16710000000.0,50433267000.0,-4544527000.0,-0.44655,-0.07363,-3.0368,-2.72,5.8667,3.2489
2381.SR,2014,22580000.0,2352451306.0,273583505.0,0.06527,0.04181,16.438,3.074,47.0985,0.3299
2381.SR,2015,22580000.0,2352451306.0,273583505.0,0.06527,0.04181,16.438,3.074,47.0985,0.3299
2381.SR,2016,22580000.0,2352451306.0,273583505.0,0.06527,0.04181,16.438,3.074,47.0985,0.3299
2381.SR,2017,22580000.0,2352451306.0,273583505.0,0.06527,0.04181,16.438,3.074,47.0985,0.3299
2381.SR,2018,22580000.0,2352451306.0,273583505.0,0.06527,0.04181,16.438,3.074,47.0985,0.3299
2381.SR,2019,22580000.0,2352451306.0,273583505.0,0.06527,0.04181,16.438,3.074,47.0985,0.3299
2381.SR,2020,22580000.0,2352451306.0,273583505.0,0.06527,0.04181,16.438,3.074,47.0985,0.3299
2381.SR,2021,22580000.0,2352451306.0,273583505.0,0.06527,0.04181,16.438,3.074,47.0985,0.3299
2381.SR,2022,890000000.0,3964223728.0,557719959.0,0.11403,0.06929,16.438,6.85,52.7818,0.4879
2381.SR,2023,890000000.0,4725052405.0,604613933.0,0.10468,0.05974,28.1296,6.79,52.7818,0.535
2381.SR,2024,890000000.0,4596655659.0,321364737.0,0.05401,0.03029,30.9141,3.61,52.7818,0.5091
2382.SR,2014,1129063000.0,13645545000.0,442097000.0,0.07691,0.02276,40.678,0.59,5.2486,1.8853
2382.SR,2015,1129063000.0,13645545000.0,442097000.0,0.07691,0.02276,40.678,0.59,5.2486,1.8853
2382.SR,2016,1129063000.0,13645545000.0,442097000.0,0.07691,0.02276,40.678,0.59,5.2486,1.8853
2382.SR,2017,1129063000.0,13645545000.0,442097000.0,0.07691,0.02276,40.678,0.59,5.2486,1.8853
2382.SR,2018,1129063000.0,13645545000.0,442097000.0,0.07691,0.02276,40.678,0.59,5.2486,1.8853
2382.SR,2019,1129063000.0,13645545000.0,442097000.0,0.07691,0.02276,40.678,0.59,5.2486,1.8853
2382.SR,2020,1129063000.0,13645545000.0,442097000.0,0.07691,0.02276,40.678,0.59,5.2486,1.8853
2382.SR,2021,1129063000.0,13645545000.0,442097000.0,0.07691,0.02276,40.678,0.59,5.2486,1.8853
2382.SR,2022,1129063000.0,13645545000.0,442097000.0,0.07691,0.02276,40.678,0.59,5.2486,1.8853
2382.SR,2023,1129063000.0,13645545000.0,442097000.0,0.07691,0.02276,40.678,0.59,5.2486,1.8853
2382.SR,2024,1129063000.0,15090706000.0,802498000.0,0.13112,0.0391,23.7808,0.73,5.8975,1.9363
3002.SR,2014,1700000000.0,421583000.0,165546000.0,0.08493,0.06983,18.6186,0.97,11.4662,0.1446
3002.SR,2015,1700000000.0,421583000.0,165546000.0,0.08493,0.06983,18.6186,0.97,11.4662,0.1446
3002.SR,2016,1700000000.0,421583000.0,165546000.0,0.08493,0.06983,18.6186,0.97,11.4662,0.1446
3002.SR,2017,1700000000.0,421583000.0,165546000.0,0.08493,0.06983,18.6186,0.97,11.4662,0.1446
3002.SR,2018,1700000000.0,421583000.0,165546000.0,0.08493,0.06983,18.6186,0.97,11.4662,0.1446
3002.SR,2019,1700000000.0,421583000.0,165546000.0,0.08493,0.06983,18.6186,0.97,11.4662,0.1446
3002.SR,2020,1700000000.0,421583000.0,165546000.0,0.08493,0.06983,18.6186,0.97,11.4662,0.1446
3002.SR,2021,1700000000.0,421583000.0,165546000.0,0.08493,0.06983,18.6186,0.97,11.4662,0.1446
3002.SR,2022,1700000000.0,429785000.0,112809000.0,0.05768,0.04737,18.2727,0.66,11.5433,0.1441
3002.SR,2023,1700000000.0,503954000.0,55162000.0,0.02803,0.02265,35.6875,0.32,11.6121,0.1727
3002.SR,2024,1700000000.0,434378000.0,68429000.0,0.03407,0.02762,22.675,0.4,12.0136,0.1466
3003.SR,2014,1400000000.0,125870945.0,160280269.0,0.08758,0.08194,19.7719,1.14,13.0723,0.0028
3003.SR,2015,1400000000.0,125870945.0,160280269.0,0.08758,0.08194,19.7719,1.14,13.0723,0.0028
3003.SR,2016,1400000000.0,125870945.0,160280269.0,0.08758,0.08194,19.7719,1.14,13.0723,0.0028
3003.SR,2017,1400000000.0,125870945.0,160280269.0,0.08758,0.08194,19.7719,1.14,13.0723,0.0028
3003.SR,2018,1400000000.0,125870945.0,160280269.0,0.08758,0.08194,19.7719,1.14,13.0723,0.0028
3003.SR,2019,1400000000.0,125870945.0,160280269.0,0.08758,0.08194,19.7719,1.14,13.0723,0.0028
3003.SR,2020,1400000000.0,125870945.0,160280269.0,0.08758,0.08194,19.7719,1.14,13.0723,0.0028
3003.SR,2021,1400000000.0,125870945.0,160280269.0,0.08758,0.08194,19.7719,1.14,13.0723,0.0028
3003.SR,2022,1400000000.0,122148587.0,115010427.0,0.06303,0.05902,24.3902,0.82,12.9935,0.0021
3003.SR,2023,1400000000.0,88035682.0,82001085.0,0.04562,0.0431,35.1525,0.59,12.687,0.0013
3003.SR,2024,1400000000.0,99685045.0,144119933.0,0.08071,0.07668,17.6699,1.03,12.8224,0.0009
3004.SR,2014,1800000000.0,1050856987.0,106062313.0,0.04801,0.03249,22.7458,0.59,12.2738,0.3729
3004.SR,2015,1800000000.0,1050856987.0,106062313.0,0.04801,0.03249,22.7458,0.59,12.2738,0.3729
3004.SR,2016,1800000000.0,1050856987.0,106062313.0,0.04801,0.03249,22.7458,0.59,12.2738,0.3729
3004.SR,2017,1800000000.0,1050856987.0,106062313.0,0.04801,0.03249,22.7458,0.59,12.2738,0.3729
3004.SR,2018,1800000000.0,1050856987.0,106062313.0,0.04801,0.03249,22.7458,0.59,12.2738,0.3729
3004.SR,2019,1800000000.0,1050856987.0,106062313.0,0.04801,0.03249,22.7458,0.59,12.2738,0.3729
3004.SR,2020,1800000000.0,1050856987.0,106062313.0,0.04801,0.03249,22.7458,0.59,12.2738,0.3729
3004.SR,2021,1800000000.0,1050856987.0,106062313.0,0.04801,0.03249,22.7458,0.59,12.2738,0.3729
3004.SR,2022,1800000000.0,1178538927.0,112023420.0,0.05049,0.03356,17.3871,0.62,12.3801,0.3947
3004.SR,2023,1800000000.0,1277206456.0,56259215.0,0.02518,0.01623,34.0,0.31,12.445,0.427
3004.SR,2024,1800000000.0,1309958732.0,100799650.0,0.04488,0.02846,16.5179,0.56,12.5123,0.4345
3005.SR,2014,550000000.0,442478624.0,81436401.0,0.10822,0.06815,15.9189,1.48,13.6818,0.4901
3005.SR,2015,550000000.0,442478624.0,81436401.0,0.10822,0.06815,15.9189,1.48,13.6818,0.4901
3005.SR,2016,550000000.0,442478624.0,81436401.0,0.10822,0.06815,15.9189,1.48,13.6818,0.4901
3005.SR,2017,550000000.0,442478624.0,81436401.0,0.10822,0.06815,15.9189,1.48,13.6818,0.4901
3005.SR,2018,550000000.0,442478624.0,81436401.0,0.10822,0.06815,15.9189,1.48,13.6818,0.4901
3005.SR,2019,550000000.0,442478624.0,81436401.0,0.10822,0.06815,15.9189,1.48,13.6818,0.4901
3005.SR,2020,550000000.0,442478624.0,81436401.0,0.10822,0.06815,15.9189,1.48,13.6818,0.4901
3005.SR,2021,550000000.0,442478624.0,81436401.0,0.10822,0.06815,15.9189,1.48,13.6818,0.4901
4061.SR,2018,105000000.0,153631193.0,3737711.0,0.03462,0.0139,326.7993,0.1048,4.3082,0.1399
3005.SR,2022,550000000.0,418083601.0,22986944.0,0.03035,0.01936,39.7619,0.42,13.8571,0.4187
3005.SR,2023,550000000.0,418432386.0,3951063.0,0.00517,0.00334,243.1429,0.07,13.9279,0.4095
3005.SR,2024,550000000.0,370612317.0,47719184.0,0.06042,0.04029,21.4023,0.87,14.7926,0.3422
3007.SR,2014,150000000.0,265355654.0,64571683.0,0.21388,0.11383,19.8374,2.87,13.4181,0.7492
3007.SR,2015,150000000.0,265355654.0,64571683.0,0.21388,0.11383,19.8374,2.87,13.4181,0.7492
3007.SR,2016,150000000.0,265355654.0,64571683.0,0.21388,0.11383,19.8374,2.87,13.4181,0.7492
3007.SR,2017,150000000.0,265355654.0,64571683.0,0.21388,0.11383,19.8374,2.87,13.4181,0.7492
3007.SR,2018,150000000.0,265355654.0,64571683.0,0.21388,0.11383,19.8374,2.87,13.4181,0.7492
3007.SR,2019,150000000.0,265355654.0,64571683.0,0.21388,0.11383,19.8374,2.87,13.4181,0.7492
3007.SR,2020,150000000.0,265355654.0,64571683.0,0.21388,0.11383,19.8374,2.87,13.4181,0.7492
3007.SR,2021,150000000.0,265355654.0,64571683.0,0.21388,0.11383,19.8374,2.87,13.4181,0.7492
3007.SR,2022,225000000.0,288541337.0,15739163.0,0.05267,0.02734,44.7143,0.7,13.1451,0.8592
3007.SR,2023,225000000.0,291337394.0,33873193.0,0.11072,0.05685,24.4702,1.51,14.0487,0.7938
3007.SR,2024,225000000.0,265269508.0,12077393.0,0.03934,0.02064,60.0,0.54,13.2384,0.7531
3008.SR,2014,113022000.0,47281074.0,8586814.0,0.06419,0.04738,90.7792,0.0385,0.5918,0.272
3008.SR,2015,113022000.0,47281074.0,8586814.0,0.06419,0.04738,90.7792,0.0385,0.5918,0.272
3008.SR,2016,113022000.0,47281074.0,8586814.0,0.06419,0.04738,90.7792,0.0385,0.5918,0.272
3008.SR,2017,113022000.0,47281074.0,8586814.0,0.06419,0.04738,90.7792,0.0385,0.5918,0.272
3008.SR,2018,113022000.0,47281074.0,8586814.0,0.06419,0.04738,90.7792,0.0385,0.5918,0.272
3008.SR,2019,113022000.0,47281074.0,8586814.0,0.06419,0.04738,90.7792,0.0385,0.5918,0.272
3008.SR,2020,113022000.0,47281074.0,8586814.0,0.06419,0.04738,90.7792,0.0385,0.5918,0.272
3008.SR,2021,113022000.0,47281074.0,8586814.0,0.06419,0.04738,90.7792,0.0385,0.5918,0.272
3008.SR,2022,113022000.0,66439559.0,1709762.0,0.01271,0.00893,59.25,0.03,0.5982,0.3539
3008.SR,2023,113022000.0,169684582.0,-4138744.0,-0.03109,-0.01646,-133.0,-0.02,0.5797,1.1014
3008.SR,2024,113022000.0,175205423.0,-19004824.0,-0.15632,-0.06458,-32.25,-0.08,0.496,1.1978
3010.SR,2014,1000000000.0,599784000.0,161520000.0,0.05874,0.04705,23.3333,1.62,27.4969,0.0951
3010.SR,2015,1000000000.0,599784000.0,161520000.0,0.05874,0.04705,23.3333,1.62,27.4969,0.0951
3010.SR,2016,1000000000.0,599784000.0,161520000.0,0.05874,0.04705,23.3333,1.62,27.4969,0.0951
3010.SR,2017,1000000000.0,599784000.0,161520000.0,0.05874,0.04705,23.3333,1.62,27.4969,0.0951
3010.SR,2018,1000000000.0,599784000.0,161520000.0,0.05874,0.04705,23.3333,1.62,27.4969,0.0951
3010.SR,2019,1000000000.0,599784000.0,161520000.0,0.05874,0.04705,23.3333,1.62,27.4969,0.0951
3010.SR,2020,1000000000.0,599784000.0,161520000.0,0.05874,0.04705,23.3333,1.62,27.4969,0.0951
3010.SR,2021,1000000000.0,599784000.0,161520000.0,0.05874,0.04705,23.3333,1.62,27.4969,0.0951
3010.SR,2022,1000000000.0,557987000.0,181006000.0,0.06723,0.05392,18.5359,1.81,26.3526,0.0897
3010.SR,2023,1000000000.0,472654000.0,139633000.0,0.05362,0.04352,24.6071,1.4,25.7311,0.0586
3010.SR,2024,1000000000.0,433745000.0,160097000.0,0.06231,0.0514,16.25,1.6,25.6541,0.035
3020.SR,2014,2025000000.0,1642813468.0,153665412.0,0.0359,0.02594,34.2105,0.76,21.1357,0.2759
3020.SR,2015,2025000000.0,1642813468.0,153665412.0,0.0359,0.02594,34.2105,0.76,21.1357,0.2759
3020.SR,2016,2025000000.0,1642813468.0,153665412.0,0.0359,0.02594,34.2105,0.76,21.1357,0.2759
3020.SR,2017,2025000000.0,1642813468.0,153665412.0,0.0359,0.02594,34.2105,0.76,21.1357,0.2759
3020.SR,2018,2025000000.0,1642813468.0,153665412.0,0.0359,0.02594,34.2105,0.76,21.1357,0.2759
3020.SR,2019,2025000000.0,1642813468.0,153665412.0,0.0359,0.02594,34.2105,0.76,21.1357,0.2759
3020.SR,2020,2025000000.0,1642813468.0,153665412.0,0.0359,0.02594,34.2105,0.76,21.1357,0.2759
3020.SR,2021,2025000000.0,1642813468.0,153665412.0,0.0359,0.02594,34.2105,0.76,21.1357,0.2759
3020.SR,2022,2025000000.0,1699548778.0,355798550.0,0.07967,0.05798,15.3409,1.76,22.9692,0.2383
3020.SR,2023,2025000000.0,1749432045.0,304251843.0,0.06484,0.04742,22.7667,1.5,23.3744,0.2797
3020.SR,2024,2025000000.0,2473498785.0,420705984.0,0.08786,0.06097,16.851,2.08,23.9177,0.3702
3030.SR,2014,1530000000.0,958971000.0,331920000.0,0.13641,0.09785,25.2535,2.17,15.9039,0.1535
3030.SR,2015,1530000000.0,958971000.0,331920000.0,0.13641,0.09785,25.2535,2.17,15.9039,0.1535
3030.SR,2016,1530000000.0,958971000.0,331920000.0,0.13641,0.09785,25.2535,2.17,15.9039,0.1535
3030.SR,2017,1530000000.0,958971000.0,331920000.0,0.13641,0.09785,25.2535,2.17,15.9039,0.1535
3030.SR,2018,1530000000.0,958971000.0,331920000.0,0.13641,0.09785,25.2535,2.17,15.9039,0.1535
3030.SR,2019,1530000000.0,958971000.0,331920000.0,0.13641,0.09785,25.2535,2.17,15.9039,0.1535
3030.SR,2020,1530000000.0,958971000.0,331920000.0,0.13641,0.09785,25.2535,2.17,15.9039,0.1535
3030.SR,2021,1530000000.0,958971000.0,331920000.0,0.13641,0.09785,25.2535,2.17,15.9039,0.1535
3030.SR,2022,1530000000.0,984639000.0,398838000.0,0.16878,0.11959,19.5402,2.61,14.9867,0.1516
3030.SR,2023,1530000000.0,1054821000.0,381027000.0,0.17116,0.11739,21.1245,2.49,14.1131,0.2064
3030.SR,2024,1530000000.0,896439000.0,421874000.0,0.19177,0.13285,15.4529,2.76,14.6439,0.1334
3040.SR,2014,900000000.0,287784082.0,291872242.0,0.1685,0.14449,23.3642,3.24,19.2464,0.0012
3040.SR,2015,900000000.0,287784082.0,291872242.0,0.1685,0.14449,23.3642,3.24,19.2464,0.0012
3040.SR,2016,900000000.0,287784082.0,291872242.0,0.1685,0.14449,23.3642,3.24,19.2464,0.0012
3040.SR,2017,900000000.0,287784082.0,291872242.0,0.1685,0.14449,23.3642,3.24,19.2464,0.0012
3040.SR,2018,900000000.0,287784082.0,291872242.0,0.1685,0.14449,23.3642,3.24,19.2464,0.0012
3040.SR,2019,900000000.0,287784082.0,291872242.0,0.1685,0.14449,23.3642,3.24,19.2464,0.0012
3040.SR,2020,900000000.0,287784082.0,291872242.0,0.1685,0.14449,23.3642,3.24,19.2464,0.0012
3040.SR,2021,900000000.0,287784082.0,291872242.0,0.1685,0.14449,23.3642,3.24,19.2464,0.0012
3040.SR,2022,900000000.0,261651061.0,130512557.0,0.07684,0.06614,42.1379,1.45,18.4975,0.0009
3040.SR,2023,900000000.0,225505013.0,141970722.0,0.08753,0.0761,40.3165,1.58,17.5478,0.0004
3040.SR,2024,1105590000.0,373019979.0,301349338.0,0.13876,0.12196,17.651,2.98,25.1821,0.0032
3050.SR,2014,1400000000.0,818252446.0,429150690.0,0.13468,0.10716,22.8339,3.07,22.7605,0.1031
3050.SR,2015,1400000000.0,818252446.0,429150690.0,0.13468,0.10716,22.8339,3.07,22.7605,0.1031
3050.SR,2016,1400000000.0,818252446.0,429150690.0,0.13468,0.10716,22.8339,3.07,22.7605,0.1031
3050.SR,2017,1400000000.0,818252446.0,429150690.0,0.13468,0.10716,22.8339,3.07,22.7605,0.1031
3050.SR,2018,1400000000.0,818252446.0,429150690.0,0.13468,0.10716,22.8339,3.07,22.7605,0.1031
3050.SR,2019,1400000000.0,818252446.0,429150690.0,0.13468,0.10716,22.8339,3.07,22.7605,0.1031
3050.SR,2020,1400000000.0,818252446.0,429150690.0,0.13468,0.10716,22.8339,3.07,22.7605,0.1031
3050.SR,2021,1400000000.0,818252446.0,429150690.0,0.13468,0.10716,22.8339,3.07,22.7605,0.1031
3050.SR,2022,1400000000.0,666219811.0,300708182.0,0.09409,0.07636,23.7209,2.15,22.8971,0.079
3050.SR,2023,1400000000.0,797170962.0,195401445.0,0.0602,0.04913,30.3929,1.4,23.4729,0.1103
3050.SR,2024,1400000000.0,1056891312.0,243746337.0,0.07322,0.05727,19.8276,1.74,24.0819,0.1925
3060.SR,2014,1575000000.0,565646762.0,159556334.0,0.05709,0.04703,35.8416,1.01,17.745,0.1011
3060.SR,2015,1575000000.0,565646762.0,159556334.0,0.05709,0.04703,35.8416,1.01,17.745,0.1011
3060.SR,2016,1575000000.0,565646762.0,159556334.0,0.05709,0.04703,35.8416,1.01,17.745,0.1011
3060.SR,2017,1575000000.0,565646762.0,159556334.0,0.05709,0.04703,35.8416,1.01,17.745,0.1011
3060.SR,2018,1575000000.0,565646762.0,159556334.0,0.05709,0.04703,35.8416,1.01,17.745,0.1011
3060.SR,2019,1575000000.0,565646762.0,159556334.0,0.05709,0.04703,35.8416,1.01,17.745,0.1011
3060.SR,2020,1575000000.0,565646762.0,159556334.0,0.05709,0.04703,35.8416,1.01,17.745,0.1011
3060.SR,2021,1575000000.0,565646762.0,159556334.0,0.05709,0.04703,35.8416,1.01,17.745,0.1011
3060.SR,2022,1575000000.0,580596601.0,215407476.0,0.07744,0.0639,26.0584,1.37,17.579,0.0618
3060.SR,2023,1575000000.0,715545913.0,119921196.0,0.04425,0.03571,45.3289,0.76,16.8381,0.1575
3060.SR,2024,1575000000.0,644590239.0,157120485.0,0.05976,0.04748,24.3,1.0,16.5466,0.1222
3080.SR,2014,860000000.0,382463000.0,192847000.0,0.08028,0.06925,18.3891,2.39,27.9333,0.0023
3080.SR,2015,860000000.0,382463000.0,192847000.0,0.08028,0.06925,18.3891,2.39,27.9333,0.0023
3080.SR,2016,860000000.0,382463000.0,192847000.0,0.08028,0.06925,18.3891,2.39,27.9333,0.0023
3080.SR,2017,860000000.0,382463000.0,192847000.0,0.08028,0.06925,18.3891,2.39,27.9333,0.0023
3080.SR,2018,860000000.0,382463000.0,192847000.0,0.08028,0.06925,18.3891,2.39,27.9333,0.0023
3080.SR,2019,860000000.0,382463000.0,192847000.0,0.08028,0.06925,18.3891,2.39,27.9333,0.0023
3080.SR,2020,860000000.0,382463000.0,192847000.0,0.08028,0.06925,18.3891,2.39,27.9333,0.0023
3080.SR,2021,860000000.0,382463000.0,192847000.0,0.08028,0.06925,18.3891,2.39,27.9333,0.0023
3080.SR,2022,860000000.0,494777000.0,143300000.0,0.06001,0.0507,24.1018,1.67,27.598,0.003
3080.SR,2023,860000000.0,456105000.0,196492000.0,0.08253,0.0688,16.7105,2.28,27.7675,0.0028
3080.SR,2024,860000000.0,470836000.0,247883000.0,0.1059,0.08839,11.9444,2.88,26.6702,0.0026
3090.SR,2014,900000000.0,462684363.0,17757321.0,0.01401,0.01026,88.6294,0.197,14.0827,0.2173
3090.SR,2015,900000000.0,462684363.0,17757321.0,0.01401,0.01026,88.6294,0.197,14.0827,0.2173
3090.SR,2016,900000000.0,462684363.0,17757321.0,0.01401,0.01026,88.6294,0.197,14.0827,0.2173
3090.SR,2017,900000000.0,462684363.0,17757321.0,0.01401,0.01026,88.6294,0.197,14.0827,0.2173
3090.SR,2018,900000000.0,462684363.0,17757321.0,0.01401,0.01026,88.6294,0.197,14.0827,0.2173
3090.SR,2019,900000000.0,462684363.0,17757321.0,0.01401,0.01026,88.6294,0.197,14.0827,0.2173
3090.SR,2020,900000000.0,462684363.0,17757321.0,0.01401,0.01026,88.6294,0.197,14.0827,0.2173
3090.SR,2021,900000000.0,462684363.0,17757321.0,0.01401,0.01026,88.6294,0.197,14.0827,0.2173
3090.SR,2022,900000000.0,388039212.0,20967188.0,0.01641,0.01231,64.0343,0.233,14.3179,0.1668
3090.SR,2023,900000000.0,352209511.0,15012235.0,0.01164,0.00904,81.4371,0.167,14.3494,0.1252
3090.SR,2024,900000000.0,309592734.0,79562528.0,0.06381,0.05043,14.5475,0.884,13.3582,0.0822
3091.SR,2014,1430000000.0,836163395.0,-92640127.0,-0.08404,-0.04779,-16.8421,-0.85,10.1431,0.5634
3091.SR,2015,1430000000.0,836163395.0,-92640127.0,-0.08404,-0.04779,-16.8421,-0.85,10.1431,0.5634
3091.SR,2016,1430000000.0,836163395.0,-92640127.0,-0.08404,-0.04779,-16.8421,-0.85,10.1431,0.5634
3091.SR,2017,1430000000.0,836163395.0,-92640127.0,-0.08404,-0.04779,-16.8421,-0.85,10.1431,0.5634
3091.SR,2018,1430000000.0,836163395.0,-92640127.0,-0.08404,-0.04779,-16.8421,-0.85,10.1431,0.5634
3091.SR,2019,1430000000.0,836163395.0,-92640127.0,-0.08404,-0.04779,-16.8421,-0.85,10.1431,0.5634
3091.SR,2020,1430000000.0,836163395.0,-92640127.0,-0.08404,-0.04779,-16.8421,-0.85,10.1431,0.5634
3091.SR,2021,1430000000.0,836163395.0,-92640127.0,-0.08404,-0.04779,-16.8421,-0.85,10.1431,0.5634
3091.SR,2022,1087000000.0,843448927.0,30893914.0,0.02797,0.01589,39.5,0.28,10.1834,0.5483
3091.SR,2023,1087000000.0,911270225.0,37678330.0,0.03347,0.01881,34.6857,0.35,10.5287,0.5339
3091.SR,2024,1087000000.0,977887202.0,-27731380.0,-0.02453,-0.01336,-39.5385,-0.26,10.2712,0.6532
3092.SR,2014,1200000000.0,225713170.0,213730732.0,0.12859,0.11322,18.5393,1.78,13.8507,0.0021
3092.SR,2015,1200000000.0,225713170.0,213730732.0,0.12859,0.11322,18.5393,1.78,13.8507,0.0021
3092.SR,2016,1200000000.0,225713170.0,213730732.0,0.12859,0.11322,18.5393,1.78,13.8507,0.0021
3092.SR,2017,1200000000.0,225713170.0,213730732.0,0.12859,0.11322,18.5393,1.78,13.8507,0.0021
3092.SR,2018,1200000000.0,225713170.0,213730732.0,0.12859,0.11322,18.5393,1.78,13.8507,0.0021
3092.SR,2019,1200000000.0,225713170.0,213730732.0,0.12859,0.11322,18.5393,1.78,13.8507,0.0021
3092.SR,2020,1200000000.0,225713170.0,213730732.0,0.12859,0.11322,18.5393,1.78,13.8507,0.0021
3092.SR,2021,1200000000.0,225713170.0,213730732.0,0.12859,0.11322,18.5393,1.78,13.8507,0.0021
3092.SR,2022,1200000000.0,215805876.0,189839971.0,0.11377,0.10048,20.1266,1.58,13.9599,0.0021
3092.SR,2023,1200000000.0,158740390.0,188772499.0,0.11253,0.10123,22.1656,1.57,13.9981,0.0023
3092.SR,2024,1200000000.0,189220959.0,310439020.0,0.17939,0.163,12.4517,2.59,14.8437,0.0023
4001.SR,2014,900000000.0,3715530222.0,300120973.0,0.21933,0.0586,32.4925,0.333,1.5204,1.1169
4001.SR,2015,900000000.0,3715530222.0,300120973.0,0.21933,0.0586,32.4925,0.333,1.5204,1.1169
4001.SR,2016,900000000.0,3715530222.0,300120973.0,0.21933,0.0586,32.4925,0.333,1.5204,1.1169
4001.SR,2017,900000000.0,3715530222.0,300120973.0,0.21933,0.0586,32.4925,0.333,1.5204,1.1169
4001.SR,2018,900000000.0,3715530222.0,300120973.0,0.21933,0.0586,32.4925,0.333,1.5204,1.1169
4001.SR,2019,900000000.0,3715530222.0,300120973.0,0.21933,0.0586,32.4925,0.333,1.5204,1.1169
4001.SR,2020,900000000.0,3715530222.0,300120973.0,0.21933,0.0586,32.4925,0.333,1.5204,1.1169
4001.SR,2021,900000000.0,3715530222.0,300120973.0,0.21933,0.0586,32.4925,0.333,1.5204,1.1169
4001.SR,2022,900000000.0,4270819801.0,1079509086.0,0.76059,0.19809,8.6667,1.2,1.6336,1.1742
4001.SR,2023,900000000.0,4644806303.0,482047729.0,0.3344,0.08117,24.4444,0.54,1.5697,1.4516
4001.SR,2024,900000000.0,5628946926.0,511021992.0,0.36693,0.07776,18.4211,0.57,1.5252,2.0265
4002.SR,2014,1000000000.0,1356931338.0,578161353.0,0.22201,0.14244,30.0692,2.89,13.021,0.3183
4002.SR,2015,1000000000.0,1356931338.0,578161353.0,0.22201,0.14244,30.0692,2.89,13.021,0.3183
4002.SR,2016,1000000000.0,1356931338.0,578161353.0,0.22201,0.14244,30.0692,2.89,13.021,0.3183
4002.SR,2017,1000000000.0,1356931338.0,578161353.0,0.22201,0.14244,30.0692,2.89,13.021,0.3183
4002.SR,2018,1000000000.0,1356931338.0,578161353.0,0.22201,0.14244,30.0692,2.89,13.021,0.3183
4002.SR,2019,1000000000.0,1356931338.0,578161353.0,0.22201,0.14244,30.0692,2.89,13.021,0.3183
4002.SR,2020,1000000000.0,1356931338.0,578161353.0,0.22201,0.14244,30.0692,2.89,13.021,0.3183
4002.SR,2021,1000000000.0,1356931338.0,578161353.0,0.22201,0.14244,30.0692,2.89,13.021,0.3183
4002.SR,2022,1000000000.0,1585248398.0,599305261.0,0.21686,0.13745,34.8333,3.0,14.6142,0.3052
4002.SR,2023,2000000000.0,1537699881.0,657687906.0,0.21216,0.13665,33.9818,3.29,16.3853,0.2406
4002.SR,2024,2000000000.0,1689229730.0,645759043.0,0.18867,0.12458,26.3467,3.23,17.8417,0.2135
4003.SR,2014,600000000.0,2655649000.0,396834000.0,0.39981,0.10878,21.3269,4.96,13.4624,1.2471
4003.SR,2015,600000000.0,2655649000.0,396834000.0,0.39981,0.10878,21.3269,4.96,13.4624,1.2471
4003.SR,2016,600000000.0,2655649000.0,396834000.0,0.39981,0.10878,21.3269,4.96,13.4624,1.2471
4003.SR,2017,600000000.0,2655649000.0,396834000.0,0.39981,0.10878,21.3269,4.96,13.4624,1.2471
4003.SR,2018,600000000.0,2655649000.0,396834000.0,0.39981,0.10878,21.3269,4.96,13.4624,1.2471
4003.SR,2019,600000000.0,2655649000.0,396834000.0,0.39981,0.10878,21.3269,4.96,13.4624,1.2471
4003.SR,2020,600000000.0,2655649000.0,396834000.0,0.39981,0.10878,21.3269,4.96,13.4624,1.2471
4003.SR,2021,600000000.0,2655649000.0,396834000.0,0.39981,0.10878,21.3269,4.96,13.4624,1.2471
4003.SR,2022,800000000.0,2830800000.0,440174000.0,0.41295,0.11556,12.5636,5.5,14.81,1.5629
4003.SR,2023,800000000.0,3157146000.0,390462000.0,0.32221,0.09284,18.3811,4.88,16.8539,1.5355
4003.SR,2024,800000000.0,3358172000.0,527895000.0,0.35263,0.10726,13.6694,6.5987,22.3548,1.1142
4004.SR,2014,900000000.0,2549033714.0,258601120.0,0.13853,0.05567,26.1672,2.87,20.7421,1.012
4004.SR,2015,900000000.0,2549033714.0,258601120.0,0.13853,0.05567,26.1672,2.87,20.7421,1.012
4004.SR,2016,900000000.0,2549033714.0,258601120.0,0.13853,0.05567,26.1672,2.87,20.7421,1.012
4004.SR,2017,900000000.0,2549033714.0,258601120.0,0.13853,0.05567,26.1672,2.87,20.7421,1.012
4004.SR,2018,900000000.0,2549033714.0,258601120.0,0.13853,0.05567,26.1672,2.87,20.7421,1.012
4004.SR,2019,900000000.0,2549033714.0,258601120.0,0.13853,0.05567,26.1672,2.87,20.7421,1.012
4004.SR,2020,900000000.0,2549033714.0,258601120.0,0.13853,0.05567,26.1672,2.87,20.7421,1.012
4004.SR,2021,900000000.0,2549033714.0,258601120.0,0.13853,0.05567,26.1672,2.87,20.7421,1.012
4004.SR,2022,900000000.0,2688283009.0,274463823.0,0.14233,0.05739,48.5246,3.05,22.1095,0.9938
4004.SR,2023,976811660.0,2770202705.0,360122537.0,0.13869,0.06452,46.4324,3.7,32.7944,0.616
4004.SR,2024,976811660.0,2867530477.0,471202060.0,0.14125,0.0733,31.0559,4.83,35.5423,0.5832
4005.SR,2014,448500000.0,435146192.0,136356673.0,0.12128,0.08744,20.5921,3.04,25.0674,0.0793
4005.SR,2015,448500000.0,435146192.0,136356673.0,0.12128,0.08744,20.5921,3.04,25.0674,0.0793
4005.SR,2016,448500000.0,435146192.0,136356673.0,0.12128,0.08744,20.5921,3.04,25.0674,0.0793
4005.SR,2017,448500000.0,435146192.0,136356673.0,0.12128,0.08744,20.5921,3.04,25.0674,0.0793
4005.SR,2018,448500000.0,435146192.0,136356673.0,0.12128,0.08744,20.5921,3.04,25.0674,0.0793
4005.SR,2019,448500000.0,435146192.0,136356673.0,0.12128,0.08744,20.5921,3.04,25.0674,0.0793
4005.SR,2020,448500000.0,435146192.0,136356673.0,0.12128,0.08744,20.5921,3.04,25.0674,0.0793
4005.SR,2021,448500000.0,435146192.0,136356673.0,0.12128,0.08744,20.5921,3.04,25.0674,0.0793
4005.SR,2022,448500000.0,449131872.0,170074845.0,0.14245,0.10395,19.4987,3.79,28.1737,0.0658
4005.SR,2023,448500000.0,760928556.0,240927386.0,0.17735,0.1227,32.4767,5.37,32.4066,0.2272
4005.SR,2024,448500000.0,872673573.0,298163666.0,0.19343,0.12643,25.0751,6.66,36.4624,0.2993
4006.SR,2014,450000000.0,1585801575.0,20773908.0,0.03272,0.00935,62.6087,0.46,14.1101,1.8482
4006.SR,2015,450000000.0,1585801575.0,20773908.0,0.03272,0.00935,62.6087,0.46,14.1101,1.8482
4006.SR,2016,450000000.0,1585801575.0,20773908.0,0.03272,0.00935,62.6087,0.46,14.1101,1.8482
4006.SR,2017,450000000.0,1585801575.0,20773908.0,0.03272,0.00935,62.6087,0.46,14.1101,1.8482
4006.SR,2018,450000000.0,1585801575.0,20773908.0,0.03272,0.00935,62.6087,0.46,14.1101,1.8482
4006.SR,2019,450000000.0,1585801575.0,20773908.0,0.03272,0.00935,62.6087,0.46,14.1101,1.8482
4006.SR,2020,450000000.0,1585801575.0,20773908.0,0.03272,0.00935,62.6087,0.46,14.1101,1.8482
4006.SR,2021,450000000.0,1585801575.0,20773908.0,0.03272,0.00935,62.6087,0.46,14.1101,1.8482
4006.SR,2022,450000000.0,1670359788.0,22826074.0,0.03528,0.01003,35.6863,0.51,14.6426,1.7974
4006.SR,2023,450000000.0,1693469936.0,21791819.0,0.03303,0.00931,47.2917,0.48,14.6796,1.8502
4006.SR,2024,450000000.0,1717329013.0,25429968.0,0.0378,0.01069,39.6842,0.57,15.2213,1.8755
4007.SR,2014,1200000000.0,602424911.0,90087837.0,0.05429,0.03983,53.9732,0.56,10.3706,0.1309
4007.SR,2015,1200000000.0,602424911.0,90087837.0,0.05429,0.03983,53.9732,0.56,10.3706,0.1309
4007.SR,2016,1200000000.0,602424911.0,90087837.0,0.05429,0.03983,53.9732,0.56,10.3706,0.1309
4007.SR,2017,1200000000.0,602424911.0,90087837.0,0.05429,0.03983,53.9732,0.56,10.3706,0.1309
4007.SR,2018,1200000000.0,602424911.0,90087837.0,0.05429,0.03983,53.9732,0.56,10.3706,0.1309
4007.SR,2019,1200000000.0,602424911.0,90087837.0,0.05429,0.03983,53.9732,0.56,10.3706,0.1309
4007.SR,2020,1200000000.0,602424911.0,90087837.0,0.05429,0.03983,53.9732,0.56,10.3706,0.1309
4007.SR,2021,1200000000.0,602424911.0,90087837.0,0.05429,0.03983,53.9732,0.56,10.3706,0.1309
4007.SR,2022,1600000000.0,771285376.0,257336168.0,0.15273,0.1085,24.9068,1.61,10.691,0.2111
4007.SR,2023,1600000000.0,749524050.0,303330872.0,0.17063,0.11951,31.2632,1.9,11.5308,0.1703
4007.SR,2024,1600000000.0,689512417.0,338800814.0,0.17803,0.12918,18.1132,2.12,12.2578,0.1551
4008.SR,2014,360000000.0,1349242861.0,-28486961.0,-0.05122,-0.01495,-61.7722,-0.79,15.4496,1.7064
4008.SR,2015,360000000.0,1349242861.0,-28486961.0,-0.05122,-0.01495,-61.7722,-0.79,15.4496,1.7064
4008.SR,2016,360000000.0,1349242861.0,-28486961.0,-0.05122,-0.01495,-61.7722,-0.79,15.4496,1.7064
4008.SR,2017,360000000.0,1349242861.0,-28486961.0,-0.05122,-0.01495,-61.7722,-0.79,15.4496,1.7064
4008.SR,2018,360000000.0,1349242861.0,-28486961.0,-0.05122,-0.01495,-61.7722,-0.79,15.4496,1.7064
4008.SR,2019,360000000.0,1349242861.0,-28486961.0,-0.05122,-0.01495,-61.7722,-0.79,15.4496,1.7064
4008.SR,2020,360000000.0,1349242861.0,-28486961.0,-0.05122,-0.01495,-61.7722,-0.79,15.4496,1.7064
4008.SR,2021,360000000.0,1349242861.0,-28486961.0,-0.05122,-0.01495,-61.7722,-0.79,15.4496,1.7064
4008.SR,2022,360000000.0,940378739.0,-142500986.0,-0.29383,-0.08744,-6.8687,-3.96,11.4936,1.414
4008.SR,2023,360000000.0,800961953.0,-68965603.0,-0.18208,-0.0552,-20.1563,-1.92,9.6874,1.1875
4008.SR,2024,360000000.0,926567179.0,-14085949.0,-0.04205,-0.01175,-81.1538,-0.39,10.4082,1.5137
4009.SR,2014,920400000.0,2679536688.0,17201012.0,0.01368,0.00433,166.5789,0.19,13.6631,1.564
4009.SR,2015,920400000.0,2679536688.0,17201012.0,0.01368,0.00433,166.5789,0.19,13.6631,1.564
4009.SR,2016,920400000.0,2679536688.0,17201012.0,0.01368,0.00433,166.5789,0.19,13.6631,1.564
4009.SR,2017,920400000.0,2679536688.0,17201012.0,0.01368,0.00433,166.5789,0.19,13.6631,1.564
4009.SR,2018,920400000.0,2679536688.0,17201012.0,0.01368,0.00433,166.5789,0.19,13.6631,1.564
4009.SR,2019,920400000.0,2679536688.0,17201012.0,0.01368,0.00433,166.5789,0.19,13.6631,1.564
4009.SR,2020,920400000.0,2679536688.0,17201012.0,0.01368,0.00433,166.5789,0.19,13.6631,1.564
4009.SR,2021,920400000.0,2679536688.0,17201012.0,0.01368,0.00433,166.5789,0.19,13.6631,1.564
4009.SR,2022,920400000.0,3127202216.0,75182816.0,0.05814,0.01774,31.0366,0.82,14.4354,1.6863
4009.SR,2023,920400000.0,3769325477.0,17038421.0,0.01287,0.00354,458.2353,0.19,14.3374,1.8833
4009.SR,2024,920400000.0,3451253202.0,282001652.0,0.19147,0.05497,22.451,3.06,17.6674,1.5164
4011.SR,2014,575000000.0,1095651403.0,22042833.0,0.04853,0.01422,46.6364,0.44,7.899,2.1577
4011.SR,2015,575000000.0,1095651403.0,22042833.0,0.04853,0.01422,46.6364,0.44,7.899,2.1577
4011.SR,2016,575000000.0,1095651403.0,22042833.0,0.04853,0.01422,46.6364,0.44,7.899,2.1577
4011.SR,2017,575000000.0,1095651403.0,22042833.0,0.04853,0.01422,46.6364,0.44,7.899,2.1577
4011.SR,2018,575000000.0,1095651403.0,22042833.0,0.04853,0.01422,46.6364,0.44,7.899,2.1577
4011.SR,2019,575000000.0,1095651403.0,22042833.0,0.04853,0.01422,46.6364,0.44,7.899,2.1577
4011.SR,2020,575000000.0,1095651403.0,22042833.0,0.04853,0.01422,46.6364,0.44,7.899,2.1577
4011.SR,2021,575000000.0,1095651403.0,22042833.0,0.04853,0.01422,46.6364,0.44,7.899,2.1577
4011.SR,2022,575000000.0,1292781749.0,34161868.0,0.08099,0.02114,20.9153,0.59,6.7731,0.086
4011.SR,2023,575000000.0,1388856118.0,30833786.0,0.08223,0.01797,26.2963,0.54,6.2691,0.111
4011.SR,2024,575000000.0,1542059971.0,11700333.0,0.03658,0.00655,26.2963,0.54,4.8578,0.2647
4012.SR,2014,400000000.0,107456155.0,59730268.0,0.10312,0.08699,32.2819,0.149,1.448,0.0332
4012.SR,2015,400000000.0,107456155.0,59730268.0,0.10312,0.08699,32.2819,0.149,1.448,0.0332
4012.SR,2016,400000000.0,107456155.0,59730268.0,0.10312,0.08699,32.2819,0.149,1.448,0.0332
4012.SR,2017,400000000.0,107456155.0,59730268.0,0.10312,0.08699,32.2819,0.149,1.448,0.0332
4012.SR,2018,400000000.0,107456155.0,59730268.0,0.10312,0.08699,32.2819,0.149,1.448,0.0332
4012.SR,2019,400000000.0,107456155.0,59730268.0,0.10312,0.08699,32.2819,0.149,1.448,0.0332
4012.SR,2020,400000000.0,107456155.0,59730268.0,0.10312,0.08699,32.2819,0.149,1.448,0.0332
4012.SR,2021,400000000.0,107456155.0,59730268.0,0.10312,0.08699,32.2819,0.149,1.448,0.0332
4012.SR,2022,400000000.0,131951989.0,53436256.0,0.09279,0.07682,29.0769,0.13,1.4313,0.0421
4012.SR,2023,400000000.0,113082915.0,76915786.0,0.13293,0.1097,24.6842,0.19,1.4617,0.0407
4012.SR,2024,400000000.0,146492510.0,83903649.0,0.14249,0.11676,20.2381,0.21,1.4825,0.0521
4013.SR,2014,3500000000.0,5300291255.0,1376615197.0,0.25783,0.12714,41.0687,3.93,15.2548,0.5721
4013.SR,2015,3500000000.0,5300291255.0,1376615197.0,0.25783,0.12714,41.0687,3.93,15.2548,0.5721
4013.SR,2016,3500000000.0,5300291255.0,1376615197.0,0.25783,0.12714,41.0687,3.93,15.2548,0.5721
4013.SR,2017,3500000000.0,5300291255.0,1376615197.0,0.25783,0.12714,41.0687,3.93,15.2548,0.5721
4013.SR,2018,3500000000.0,5300291255.0,1376615197.0,0.25783,0.12714,41.0687,3.93,15.2548,0.5721
4013.SR,2019,3500000000.0,5300291255.0,1376615197.0,0.25783,0.12714,41.0687,3.93,15.2548,0.5721
4013.SR,2020,3500000000.0,5300291255.0,1376615197.0,0.25783,0.12714,41.0687,3.93,15.2548,0.5721
4013.SR,2021,3500000000.0,5300291255.0,1376615197.0,0.25783,0.12714,41.0687,3.93,15.2548,0.5721
4013.SR,2022,3500000000.0,6478452959.0,1650750047.0,0.29431,0.14102,46.7373,4.72,16.7963,0.599
4013.SR,2023,3500000000.0,9031799748.0,2046013922.0,0.33096,0.14418,48.547,5.85,18.53,0.7992
4013.SR,2024,3500000000.0,12945280975.0,2315290800.0,0.33897,0.12737,42.3565,6.62,20.5004,1.138
4014.SR,2014,200000000.0,544149879.0,77524475.0,0.16374,0.07617,69.5639,2.5841,15.7819,0.5623
4014.SR,2015,200000000.0,544149879.0,77524475.0,0.16374,0.07617,69.5639,2.5841,15.7819,0.5623
4014.SR,2016,200000000.0,544149879.0,77524475.0,0.16374,0.07617,69.5639,2.5841,15.7819,0.5623
4014.SR,2017,200000000.0,544149879.0,77524475.0,0.16374,0.07617,69.5639,2.5841,15.7819,0.5623
4014.SR,2018,200000000.0,544149879.0,77524475.0,0.16374,0.07617,69.5639,2.5841,15.7819,0.5623
4014.SR,2019,200000000.0,544149879.0,77524475.0,0.16374,0.07617,69.5639,2.5841,15.7819,0.5623
4014.SR,2020,200000000.0,544149879.0,77524475.0,0.16374,0.07617,69.5639,2.5841,15.7819,0.5623
4014.SR,2021,200000000.0,544149879.0,77524475.0,0.16374,0.07617,69.5639,2.5841,15.7819,0.5623
4014.SR,2022,200000000.0,462404941.0,17566594.0,0.03722,0.01803,69.5639,0.5856,15.6791,0.4391
4014.SR,2023,300000000.0,597275049.0,40058545.0,0.08166,0.03937,35.7602,1.3353,17.0255,0.7104
4014.SR,2024,300000000.0,446776842.0,26168089.0,0.05124,0.02546,57.8949,0.8723,17.0203,0.4077
4015.SR,2014,100000000.0,200658299.0,170695307.0,0.13859,0.11918,27.512,2.4385,17.5948,0.0016
4015.SR,2015,100000000.0,200658299.0,170695307.0,0.13859,0.11918,27.512,2.4385,17.5948,0.0016
4015.SR,2016,100000000.0,200658299.0,170695307.0,0.13859,0.11918,27.512,2.4385,17.5948,0.0016
4015.SR,2017,100000000.0,200658299.0,170695307.0,0.13859,0.11918,27.512,2.4385,17.5948,0.0016
4015.SR,2018,100000000.0,200658299.0,170695307.0,0.13859,0.11918,27.512,2.4385,17.5948,0.0016
4015.SR,2019,100000000.0,200658299.0,170695307.0,0.13859,0.11918,27.512,2.4385,17.5948,0.0016
4015.SR,2020,100000000.0,200658299.0,170695307.0,0.13859,0.11918,27.512,2.4385,17.5948,0.0016
4015.SR,2021,100000000.0,200658299.0,170695307.0,0.13859,0.11918,27.512,2.4385,17.5948,0.0016
4015.SR,2022,700000000.0,191553799.0,171314162.0,0.13997,0.12064,27.512,2.4473,17.3752,0.0022
4015.SR,2023,700000000.0,249836618.0,292400083.0,0.22316,0.19099,27.512,4.18,20.0618,0.0017
4015.SR,2024,700000000.0,281026830.0,356524229.0,0.24631,0.20814,29.9018,5.09,21.2944,0.0014
4016.SR,2014,200000000.0,146345098.0,65827349.0,0.21484,0.1454,30.5263,3.2914,15.32,0.2024
4016.SR,2015,200000000.0,146345098.0,65827349.0,0.21484,0.1454,30.5263,3.2914,15.32,0.2024
4016.SR,2016,200000000.0,146345098.0,65827349.0,0.21484,0.1454,30.5263,3.2914,15.32,0.2024
4016.SR,2017,200000000.0,146345098.0,65827349.0,0.21484,0.1454,30.5263,3.2914,15.32,0.2024
4016.SR,2018,200000000.0,146345098.0,65827349.0,0.21484,0.1454,30.5263,3.2914,15.32,0.2024
4016.SR,2019,200000000.0,146345098.0,65827349.0,0.21484,0.1454,30.5263,3.2914,15.32,0.2024
4016.SR,2020,200000000.0,146345098.0,65827349.0,0.21484,0.1454,30.5263,3.2914,15.32,0.2024
4016.SR,2021,200000000.0,146345098.0,65827349.0,0.21484,0.1454,30.5263,3.2914,15.32,0.2024
4016.SR,2022,200000000.0,146345098.0,65827349.0,0.21484,0.1454,30.5263,3.2914,15.32,0.2024
4016.SR,2023,200000000.0,146345098.0,65827349.0,0.21484,0.1454,30.5263,3.2914,15.32,0.2024
4016.SR,2024,200000000.0,158571648.0,79848920.0,0.23673,0.16304,30.5263,3.99,18.4105,0.1778
4017.SR,2014,200000000.0,2976627000.0,279595000.0,0.27404,0.06607,50.7576,1.2156,4.4359,2.2189
4017.SR,2015,200000000.0,2976627000.0,279595000.0,0.27404,0.06607,50.7576,1.2156,4.4359,2.2189
4017.SR,2016,200000000.0,2976627000.0,279595000.0,0.27404,0.06607,50.7576,1.2156,4.4359,2.2189
4017.SR,2017,200000000.0,2976627000.0,279595000.0,0.27404,0.06607,50.7576,1.2156,4.4359,2.2189
4017.SR,2018,200000000.0,2976627000.0,279595000.0,0.27404,0.06607,50.7576,1.2156,4.4359,2.2189
4017.SR,2019,200000000.0,2976627000.0,279595000.0,0.27404,0.06607,50.7576,1.2156,4.4359,2.2189
4017.SR,2020,200000000.0,2976627000.0,279595000.0,0.27404,0.06607,50.7576,1.2156,4.4359,2.2189
4017.SR,2021,200000000.0,2976627000.0,279595000.0,0.27404,0.06607,50.7576,1.2156,4.4359,2.2189
4017.SR,2022,200000000.0,2976627000.0,279595000.0,0.27404,0.06607,50.7576,1.2156,4.4359,2.2189
4017.SR,2023,200000000.0,2976627000.0,279595000.0,0.27404,0.06607,50.7576,1.2156,4.4359,2.2189
4017.SR,2024,232000000.0,2002201000.0,287551000.0,0.14502,0.0602,50.7576,1.32,12.8059,0.366
4020.SR,2014,2400000000.0,4782094000.0,54909000.0,0.01855,0.00706,88.2607,0.1984,10.641,1.3477
4020.SR,2015,2400000000.0,4782094000.0,54909000.0,0.01855,0.00706,88.2607,0.1984,10.641,1.3477
4020.SR,2016,2400000000.0,4782094000.0,54909000.0,0.01855,0.00706,88.2607,0.1984,10.641,1.3477
4020.SR,2017,2400000000.0,4782094000.0,54909000.0,0.01855,0.00706,88.2607,0.1984,10.641,1.3477
4020.SR,2018,2400000000.0,4782094000.0,54909000.0,0.01855,0.00706,88.2607,0.1984,10.641,1.3477
4020.SR,2019,2400000000.0,4782094000.0,54909000.0,0.01855,0.00706,88.2607,0.1984,10.641,1.3477
4020.SR,2020,2400000000.0,4782094000.0,54909000.0,0.01855,0.00706,88.2607,0.1984,10.641,1.3477
4020.SR,2021,2400000000.0,4782094000.0,54909000.0,0.01855,0.00706,88.2607,0.1984,10.641,1.3477
4020.SR,2022,3750000000.0,4159615000.0,110539000.0,0.02921,0.01329,38.9365,0.2933,12.2872,0.7372
4020.SR,2023,3750000000.0,4028249000.0,67634000.0,0.01446,0.00761,88.5556,0.18,12.6634,0.6907
4020.SR,2024,3750000000.0,4246298000.0,215063000.0,0.04422,0.02345,44.386,0.57,13.2774,0.6675
4030.SR,2014,3937500000.0,11689621000.0,192433000.0,0.02044,0.00889,66.5641,0.208,10.2,1.0763
4030.SR,2015,3937500000.0,11689621000.0,192433000.0,0.02044,0.00889,66.5641,0.208,10.2,1.0763
4030.SR,2016,3937500000.0,11689621000.0,192433000.0,0.02044,0.00889,66.5641,0.208,10.2,1.0763
4030.SR,2017,3937500000.0,11689621000.0,192433000.0,0.02044,0.00889,66.5641,0.208,10.2,1.0763
4030.SR,2018,3937500000.0,11689621000.0,192433000.0,0.02044,0.00889,66.5641,0.208,10.2,1.0763
4030.SR,2019,3937500000.0,11689621000.0,192433000.0,0.02044,0.00889,66.5641,0.208,10.2,1.0763
4030.SR,2020,3937500000.0,11689621000.0,192433000.0,0.02044,0.00889,66.5641,0.208,10.2,1.0763
4030.SR,2021,3937500000.0,11689621000.0,192433000.0,0.02044,0.00889,66.5641,0.208,10.2,1.0763
4030.SR,2022,4921875000.0,11782747000.0,1040909000.0,0.10459,0.04673,13.948,1.128,11.3682,0.949
4030.SR,2023,7382812000.0,10464009000.0,1613428000.0,0.14451,0.07014,10.0731,1.752,12.8283,0.7058
4030.SR,2024,7382812000.0,12023711000.0,2169392000.0,0.17039,0.08727,8.8946,2.352,14.7643,0.7137
4031.SR,2014,1880000000.0,2581972000.0,-254410000.0,-0.11234,-0.05249,-21.8889,-1.35,12.0464,0.5668
4031.SR,2015,1880000000.0,2581972000.0,-254410000.0,-0.11234,-0.05249,-21.8889,-1.35,12.0464,0.5668
4031.SR,2016,1880000000.0,2581972000.0,-254410000.0,-0.11234,-0.05249,-21.8889,-1.35,12.0464,0.5668
4031.SR,2017,1880000000.0,2581972000.0,-254410000.0,-0.11234,-0.05249,-21.8889,-1.35,12.0464,0.5668
4031.SR,2018,1880000000.0,2581972000.0,-254410000.0,-0.11234,-0.05249,-21.8889,-1.35,12.0464,0.5668
4031.SR,2019,1880000000.0,2581972000.0,-254410000.0,-0.11234,-0.05249,-21.8889,-1.35,12.0464,0.5668
4031.SR,2020,1880000000.0,2581972000.0,-254410000.0,-0.11234,-0.05249,-21.8889,-1.35,12.0464,0.5668
4031.SR,2021,1880000000.0,2581972000.0,-254410000.0,-0.11234,-0.05249,-21.8889,-1.35,12.0464,0.5668
4031.SR,2022,1880000000.0,2268553000.0,-244488000.0,-0.11198,-0.05305,-16.8,-1.3,11.181,0.3601
4031.SR,2023,1880000000.0,1887640000.0,211477000.0,0.0954,0.04924,32.2768,1.12,12.4016,0.1445
4031.SR,2024,1880000000.0,1754059000.0,327034000.0,0.13499,0.07707,29.3678,1.74,13.3707,0.0661
4040.SR,2014,1250000000.0,3731547000.0,-216188000.0,-0.20596,-0.04522,-11.6416,-1.73,8.3972,1.5255
4040.SR,2015,1250000000.0,3731547000.0,-216188000.0,-0.20596,-0.04522,-11.6416,-1.73,8.3972,1.5255
4040.SR,2016,1250000000.0,3731547000.0,-216188000.0,-0.20596,-0.04522,-11.6416,-1.73,8.3972,1.5255
4040.SR,2017,1250000000.0,3731547000.0,-216188000.0,-0.20596,-0.04522,-11.6416,-1.73,8.3972,1.5255
4040.SR,2018,1250000000.0,3731547000.0,-216188000.0,-0.20596,-0.04522,-11.6416,-1.73,8.3972,1.5255
4040.SR,2019,1250000000.0,3731547000.0,-216188000.0,-0.20596,-0.04522,-11.6416,-1.73,8.3972,1.5255
4040.SR,2020,1250000000.0,3731547000.0,-216188000.0,-0.20596,-0.04522,-11.6416,-1.73,8.3972,1.5255
4040.SR,2021,1250000000.0,3731547000.0,-216188000.0,-0.20596,-0.04522,-11.6416,-1.73,8.3972,1.5255
4040.SR,2022,1250000000.0,3734399000.0,-90872000.0,-0.09111,-0.01922,-21.8356,-0.73,7.5607,1.8142
4040.SR,2023,1250000000.0,3114527000.0,-35584000.0,-0.03828,-0.00817,-74.0714,-0.28,7.3127,1.4638
4040.SR,2024,1250000000.0,2904311000.0,-9628000.0,-0.01049,-0.00244,-255.5,-0.08,7.375,1.4006
4050.SR,2014,600000000.0,2445521920.0,50842979.0,0.06308,0.01564,42.1373,0.7286,11.5139,2.3541
4050.SR,2015,600000000.0,2445521920.0,50842979.0,0.06308,0.01564,42.1373,0.7286,11.5139,2.3541
4050.SR,2016,600000000.0,2445521920.0,50842979.0,0.06308,0.01564,42.1373,0.7286,11.5139,2.3541
4050.SR,2017,600000000.0,2445521920.0,50842979.0,0.06308,0.01564,42.1373,0.7286,11.5139,2.3541
4050.SR,2018,600000000.0,2445521920.0,50842979.0,0.06308,0.01564,42.1373,0.7286,11.5139,2.3541
4050.SR,2019,600000000.0,2445521920.0,50842979.0,0.06308,0.01564,42.1373,0.7286,11.5139,2.3541
4050.SR,2020,600000000.0,2445521920.0,50842979.0,0.06308,0.01564,42.1373,0.7286,11.5139,2.3541
4050.SR,2021,600000000.0,2445521920.0,50842979.0,0.06308,0.01564,42.1373,0.7286,11.5139,2.3541
4050.SR,2022,600000000.0,5058472962.0,75177274.0,0.09523,0.01627,30.3333,1.0714,11.0407,5.1603
4050.SR,2023,600000000.0,4902899491.0,114552035.0,0.14195,0.01932,45.3049,1.64,12.0154,4.5553
4050.SR,2024,700000000.0,5489568073.0,44212614.0,0.05231,0.00718,100.7937,0.63,12.135,5.0871
4051.SR,2014,101250000.0,44881215.0,21550718.0,0.11104,0.09018,52.8639,0.213,1.9169,0.0991
4051.SR,2015,101250000.0,44881215.0,21550718.0,0.11104,0.09018,52.8639,0.213,1.9169,0.0991
4051.SR,2016,101250000.0,44881215.0,21550718.0,0.11104,0.09018,52.8639,0.213,1.9169,0.0991
4051.SR,2017,101250000.0,44881215.0,21550718.0,0.11104,0.09018,52.8639,0.213,1.9169,0.0991
4051.SR,2018,101250000.0,44881215.0,21550718.0,0.11104,0.09018,52.8639,0.213,1.9169,0.0991
4051.SR,2019,101250000.0,44881215.0,21550718.0,0.11104,0.09018,52.8639,0.213,1.9169,0.0991
4051.SR,2020,101250000.0,44881215.0,21550718.0,0.11104,0.09018,52.8639,0.213,1.9169,0.0991
4051.SR,2021,101250000.0,44881215.0,21550718.0,0.11104,0.09018,52.8639,0.213,1.9169,0.0991
4051.SR,2022,101250000.0,59219087.0,21775621.0,0.11328,0.08914,26.3721,0.215,1.8803,0.1446
4051.SR,2023,101250000.0,45699247.0,21650725.0,0.11264,0.08849,30.3738,0.214,1.9166,0.101
4051.SR,2024,101250000.0,46797777.0,23305570.0,0.11854,0.09597,280.4348,0.023,1.967,0.0815
4061.SR,2014,105000000.0,153631193.0,3737711.0,0.03462,0.0139,326.7993,0.1048,4.3082,0.1399
4061.SR,2015,105000000.0,153631193.0,3737711.0,0.03462,0.0139,326.7993,0.1048,4.3082,0.1399
4061.SR,2016,105000000.0,153631193.0,3737711.0,0.03462,0.0139,326.7993,0.1048,4.3082,0.1399
4061.SR,2017,105000000.0,153631193.0,3737711.0,0.03462,0.0139,326.7993,0.1048,4.3082,0.1399
4061.SR,2019,105000000.0,153631193.0,3737711.0,0.03462,0.0139,326.7993,0.1048,4.3082,0.1399
4061.SR,2020,105000000.0,153631193.0,3737711.0,0.03462,0.0139,326.7993,0.1048,4.3082,0.1399
4061.SR,2021,105000000.0,153631193.0,3737711.0,0.03462,0.0139,326.7993,0.1048,4.3082,0.1399
4061.SR,2022,315000000.0,313170727.0,-28319864.0,-0.1547,-0.06687,-14.5775,-1.42,8.1957,0.6545
4061.SR,2023,315000000.0,322495135.0,12136424.0,0.04572,0.02059,47.8947,0.38,8.6585,0.6319
4061.SR,2024,315000000.0,303041030.0,102528.0,0.00038,0.00017,458.2353,0.004,8.4829,0.5925
4070.SR,2014,50000000.0,208012746.0,-35499986.0,-1.9084,-0.17026,-1.4927,-11.54,0.6912,5.4959
4070.SR,2015,50000000.0,208012746.0,-35499986.0,-1.9084,-0.17026,-1.4927,-11.54,0.6912,5.4959
4070.SR,2016,50000000.0,208012746.0,-35499986.0,-1.9084,-0.17026,-1.4927,-11.54,0.6912,5.4959
4070.SR,2017,50000000.0,208012746.0,-35499986.0,-1.9084,-0.17026,-1.4927,-11.54,0.6912,5.4959
4070.SR,2018,50000000.0,208012746.0,-35499986.0,-1.9084,-0.17026,-1.4927,-11.54,0.6912,5.4959
4070.SR,2019,50000000.0,208012746.0,-35499986.0,-1.9084,-0.17026,-1.4927,-11.54,0.6912,5.4959
4070.SR,2020,50000000.0,208012746.0,-35499986.0,-1.9084,-0.17026,-1.4927,-11.54,0.6912,5.4959
4070.SR,2021,50000000.0,208012746.0,-35499986.0,-1.9084,-0.17026,-1.4927,-11.54,0.6912,5.4959
4070.SR,2022,50000000.0,208012746.0,-35499986.0,-1.9084,-0.17026,-30.1515,-0.5769,0.6912,5.4959
4070.SR,2023,50000000.0,224294638.0,-60496313.0,1.25609,-0.331988,-5.2507,-3.1958,0.6912,0.0003
4070.SR,2024,400000000.0,220004038.0,-56452177.0,-0.60055,-0.19262,-10.8794,-1.41,5.9036,0.1699
4071.SR,2014,500000000.0,2508454815.0,206247959.0,0.28204,0.06366,24.5631,3.7455,13.296,3.2123
4071.SR,2015,500000000.0,2508454815.0,206247959.0,0.28204,0.06366,24.5631,3.7455,13.296,3.2123
4071.SR,2016,500000000.0,2508454815.0,206247959.0,0.28204,0.06366,24.5631,3.7455,13.296,3.2123
4071.SR,2017,500000000.0,2508454815.0,206247959.0,0.28204,0.06366,24.5631,3.7455,13.296,3.2123
4071.SR,2018,500000000.0,2508454815.0,206247959.0,0.28204,0.06366,24.5631,3.7455,13.296,3.2123
4071.SR,2019,500000000.0,2508454815.0,206247959.0,0.28204,0.06366,24.5631,3.7455,13.296,3.2123
4071.SR,2020,500000000.0,2508454815.0,206247959.0,0.28204,0.06366,24.5631,3.7455,13.296,3.2123
4071.SR,2021,500000000.0,2508454815.0,206247959.0,0.28204,0.06366,24.5631,3.7455,13.296,3.2123
4071.SR,2022,500000000.0,1821282540.0,274699804.0,0.35419,0.0934,19.49,4.9909,14.9067,1.9094
4071.SR,2023,500000000.0,3428660339.0,318237426.0,0.32927,0.08855,37.8395,5.79,20.239,2.7191
4071.SR,2024,550000000.0,13003138116.0,271288638.0,0.21829,0.02868,29.4523,4.93,24.9524,2.0449
4072.SR,2014,2992500000.0,4368379000.0,19020000.0,0.00503,0.00233,43.5833,0.0572,11.3661,0.2149
4072.SR,2015,2992500000.0,4368379000.0,19020000.0,0.00503,0.00233,43.5833,0.0572,11.3661,0.2149
4072.SR,2016,2992500000.0,4368379000.0,19020000.0,0.00503,0.00233,43.5833,0.0572,11.3661,0.2149
4072.SR,2017,2992500000.0,4368379000.0,19020000.0,0.00503,0.00233,43.5833,0.0572,11.3661,0.2149
4072.SR,2018,2992500000.0,4368379000.0,19020000.0,0.00503,0.00233,43.5833,0.0572,11.3661,0.2149
4072.SR,2019,2992500000.0,4368379000.0,19020000.0,0.00503,0.00233,43.5833,0.0572,11.3661,0.2149
4072.SR,2020,2992500000.0,4368379000.0,19020000.0,0.00503,0.00233,43.5833,0.0572,11.3661,0.2149
4072.SR,2021,2992500000.0,4368379000.0,19020000.0,0.00503,0.00233,43.5833,0.0572,11.3661,0.2149
4072.SR,2022,2992500000.0,4368379000.0,19020000.0,0.00503,0.00233,43.5833,0.0572,11.3661,0.2149
4072.SR,2023,2992500000.0,4368379000.0,19020000.0,0.00503,0.00233,43.5833,0.0572,11.3661,0.2149
4072.SR,2024,3325000000.0,4369745000.0,399962000.0,0.10059,0.04785,43.5833,1.2,12.5495,0.0274
4080.SR,2014,1263888890.0,1225610351.0,-63485897.0,-0.04529,-0.02083,-38.12,-0.5,11.0914,0.5215
4080.SR,2015,1263888890.0,1225610351.0,-63485897.0,-0.04529,-0.02083,-38.12,-0.5,11.0914,0.5215
4080.SR,2016,1263888890.0,1225610351.0,-63485897.0,-0.04529,-0.02083,-38.12,-0.5,11.0914,0.5215
4080.SR,2017,1263888890.0,1225610351.0,-63485897.0,-0.04529,-0.02083,-38.12,-0.5,11.0914,0.5215
4080.SR,2018,1263888890.0,1225610351.0,-63485897.0,-0.04529,-0.02083,-38.12,-0.5,11.0914,0.5215
4080.SR,2019,1263888890.0,1225610351.0,-63485897.0,-0.04529,-0.02083,-38.12,-0.5,11.0914,0.5215
4080.SR,2020,1263888890.0,1225610351.0,-63485897.0,-0.04529,-0.02083,-38.12,-0.5,11.0914,0.5215
4080.SR,2021,1263888890.0,1225610351.0,-63485897.0,-0.04529,-0.02083,-38.12,-0.5,11.0914,0.5215
4080.SR,2022,1263888890.0,1351707639.0,10123556.0,0.00767,0.00338,127.0,0.08,9.7946,0.658
4080.SR,2023,1263888890.0,1248098878.0,-132646446.0,-0.11428,-0.04789,-12.3048,-1.05,8.5729,0.6499
4080.SR,2024,1263888890.0,1130920423.0,-3874739.0,-0.00358,-0.00152,-373.0,-0.03,8.5327,0.5691
4081.SR,2014,1000000000.0,675304000.0,225088000.0,0.18879,0.12053,13.9778,1.875,9.9354,0.4904
4081.SR,2015,1000000000.0,675304000.0,225088000.0,0.18879,0.12053,13.9778,1.875,9.9354,0.4904
4081.SR,2016,1000000000.0,675304000.0,225088000.0,0.18879,0.12053,13.9778,1.875,9.9354,0.4904
4081.SR,2017,1000000000.0,675304000.0,225088000.0,0.18879,0.12053,13.9778,1.875,9.9354,0.4904
4081.SR,2018,1000000000.0,675304000.0,225088000.0,0.18879,0.12053,13.9778,1.875,9.9354,0.4904
4081.SR,2019,1000000000.0,675304000.0,225088000.0,0.18879,0.12053,13.9778,1.875,9.9354,0.4904
4081.SR,2020,1000000000.0,675304000.0,225088000.0,0.18879,0.12053,13.9778,1.875,9.9354,0.4904
4081.SR,2021,1000000000.0,675304000.0,225088000.0,0.18879,0.12053,13.9778,1.875,9.9354,0.4904
4081.SR,2022,1000000000.0,649881000.0,171457000.0,0.13822,0.0901,11.0606,1.43,10.7392,0.4298
4081.SR,2023,1200000000.0,699658000.0,88714000.0,0.06656,0.04419,20.027,0.74,11.4743,0.4538
4081.SR,2024,1200000000.0,616773000.0,131236000.0,0.09291,0.06338,14.1835,1.09,12.0665,0.3287
4082.SR,2014,311355000.0,676384756.0,40881246.0,0.11173,0.03922,20.6333,0.5723,5.1223,1.7853
4082.SR,2015,311355000.0,676384756.0,40881246.0,0.11173,0.03922,20.6333,0.5723,5.1223,1.7853
4082.SR,2016,311355000.0,676384756.0,40881246.0,0.11173,0.03922,20.6333,0.5723,5.1223,1.7853
4082.SR,2017,311355000.0,676384756.0,40881246.0,0.11173,0.03922,20.6333,0.5723,5.1223,1.7853
4082.SR,2018,311355000.0,676384756.0,40881246.0,0.11173,0.03922,20.6333,0.5723,5.1223,1.7853
4082.SR,2019,311355000.0,676384756.0,40881246.0,0.11173,0.03922,20.6333,0.5723,5.1223,1.7853
4082.SR,2020,311355000.0,676384756.0,40881246.0,0.11173,0.03922,20.6333,0.5723,5.1223,1.7853
4082.SR,2021,311355000.0,676384756.0,40881246.0,0.11173,0.03922,20.6333,0.5723,5.1223,1.7853
4082.SR,2022,500000000.0,654297769.0,44980627.0,0.09729,0.0397,20.6333,0.6297,7.8231,1.1185
4082.SR,2023,714285720.0,500352813.0,30968087.0,0.04437,0.02413,20.6333,0.6,11.721,0.554
4082.SR,2024,714285720.0,592365201.0,22740221.0,0.02708,0.01635,26.0455,0.44,11.7941,0.6447
4083.SR,2014,250000000.0,1046765455.0,212164631.0,0.23821,0.10951,20.2247,8.4866,35.627,1.0643
4083.SR,2015,250000000.0,1046765455.0,212164631.0,0.23821,0.10951,20.2247,8.4866,35.627,1.0643
4083.SR,2016,250000000.0,1046765455.0,212164631.0,0.23821,0.10951,20.2247,8.4866,35.627,1.0643
4083.SR,2017,250000000.0,1046765455.0,212164631.0,0.23821,0.10951,20.2247,8.4866,35.627,1.0643
4083.SR,2018,250000000.0,1046765455.0,212164631.0,0.23821,0.10951,20.2247,8.4866,35.627,1.0643
4083.SR,2019,250000000.0,1046765455.0,212164631.0,0.23821,0.10951,20.2247,8.4866,35.627,1.0643
4083.SR,2020,250000000.0,1046765455.0,212164631.0,0.23821,0.10951,20.2247,8.4866,35.627,1.0643
4083.SR,2021,250000000.0,1046765455.0,212164631.0,0.23821,0.10951,20.2247,8.4866,35.627,1.0643
4083.SR,2022,250000000.0,1046765455.0,212164631.0,0.23821,0.10951,20.2247,8.4866,35.627,1.0643
4083.SR,2023,250000000.0,1046765455.0,212164631.0,0.23821,0.10951,20.2247,8.4866,35.627,1.0643
4083.SR,2024,250000000.0,1379900966.0,222384355.0,0.22202,0.1004,20.2247,8.9,44.5059,1.1485
4090.SR,2014,1604574830.0,297258246.0,-117294908.0,-0.03253,-0.02978,-43.5616,-0.73,22.4663,0.0017
4090.SR,2015,1604574830.0,297258246.0,-117294908.0,-0.03253,-0.02978,-43.5616,-0.73,22.4663,0.0017
4090.SR,2016,1604574830.0,297258246.0,-117294908.0,-0.03253,-0.02978,-43.5616,-0.73,22.4663,0.0017
4090.SR,2017,1604574830.0,297258246.0,-117294908.0,-0.03253,-0.02978,-43.5616,-0.73,22.4663,0.0017
4090.SR,2018,1604574830.0,297258246.0,-117294908.0,-0.03253,-0.02978,-43.5616,-0.73,22.4663,0.0017
4090.SR,2019,1604574830.0,297258246.0,-117294908.0,-0.03253,-0.02978,-43.5616,-0.73,22.4663,0.0017
4090.SR,2020,1604574830.0,297258246.0,-117294908.0,-0.03253,-0.02978,-43.5616,-0.73,22.4663,0.0017
4090.SR,2021,1604574830.0,297258246.0,-117294908.0,-0.03253,-0.02978,-43.5616,-0.73,22.4663,0.0017
4090.SR,2022,1604574830.0,690138236.0,139570012.0,0.03857,0.03369,28.5747,0.87,22.6237,0.0991
4090.SR,2023,2604574830.0,2858768510.0,109161022.0,0.02143,0.01574,41.1538,0.65,25.1809,0.3035
4090.SR,2024,2604574830.0,2920723049.0,333724736.0,0.04979,0.03445,32.1094,1.28,26.2906,0.2828
4100.SR,2014,1648162400.0,547556831.0,103856497.0,0.03091,0.02658,97.4603,0.5192,16.8002,0.2737784168688921
4100.SR,2015,1648162400.0,547556831.0,103856497.0,0.03091,0.02658,97.4603,0.5192,16.8002,0.2737784168688921
4100.SR,2016,1648162400.0,547556831.0,103856497.0,0.03091,0.02658,97.4603,0.5192,16.8002,0.2737784168688921
4100.SR,2017,1648162400.0,547556831.0,103856497.0,0.03091,0.02658,97.4603,0.5192,16.8002,0.2737784168688921
4100.SR,2018,1648162400.0,547556831.0,103856497.0,0.03091,0.02658,97.4603,0.5192,16.8002,0.2737784168688921
4100.SR,2019,1648162400.0,547556831.0,103856497.0,0.03091,0.02658,97.4603,0.5192,16.8002,0.2737784168688921
4100.SR,2020,1648162400.0,547556831.0,103856497.0,0.03091,0.02658,97.4603,0.5192,16.8002,0.2737784168688921
4100.SR,2021,1648162400.0,547556831.0,103856497.0,0.03091,0.02658,97.4603,0.5192,16.8002,0.2737784168688921
4100.SR,2022,1999999990.0,547556831.0,103856497.0,0.03091,0.02658,97.4603,0.5192,16.8002,0.2737784168688921
4100.SR,2023,1648162400.0,530630674.0,334234764.0,0.08971,0.07837,36.601,1.6729,20.4577,0.0312
4100.SR,2024,1648162400.0,450200547.0,411041500.0,0.10092,0.09007,47.3896,2.052,20.272,0.0252
4110.SR,2014,300000000.0,737049017.0,-9649264.0,-0.04273,-0.00992,-76.6875,-0.032,0.4731,1.2351
4110.SR,2015,300000000.0,737049017.0,-9649264.0,-0.04273,-0.00992,-76.6875,-0.032,0.4731,1.2351
4110.SR,2016,300000000.0,737049017.0,-9649264.0,-0.04273,-0.00992,-76.6875,-0.032,0.4731,1.2351
4110.SR,2017,300000000.0,737049017.0,-9649264.0,-0.04273,-0.00992,-76.6875,-0.032,0.4731,1.2351
4110.SR,2018,300000000.0,737049017.0,-9649264.0,-0.04273,-0.00992,-76.6875,-0.032,0.4731,1.2351
4110.SR,2019,300000000.0,737049017.0,-9649264.0,-0.04273,-0.00992,-76.6875,-0.032,0.4731,1.2351
4110.SR,2020,300000000.0,737049017.0,-9649264.0,-0.04273,-0.00992,-76.6875,-0.032,0.4731,1.2351
4110.SR,2021,300000000.0,737049017.0,-9649264.0,-0.04273,-0.00992,-76.6875,-0.032,0.4731,1.2351
4110.SR,2022,600000000.0,876296229.0,-30837648.0,-0.08926,-0.0265,-47.32,-0.05,0.7753,0.5021
4110.SR,2023,600000000.0,1009901565.0,-13890857.0,-0.03016,-0.00982,-92.1739,-0.023,0.7602,0.5451
4110.SR,2024,600000000.0,1104267457.0,-56556790.0,-0.13256,-0.03788,-38.9362,-0.094,0.6619,0.7479
4130.SR,2014,177000000.0,169871630.0,-8343826.0,-0.08398,-0.02904,-75.1058,-0.0458,0.5473,0.5129
4130.SR,2015,177000000.0,169871630.0,-8343826.0,-0.08398,-0.02904,-75.1058,-0.0458,0.5473,0.5129
4130.SR,2016,177000000.0,169871630.0,-8343826.0,-0.08398,-0.02904,-75.1058,-0.0458,0.5473,0.5129
4130.SR,2017,177000000.0,169871630.0,-8343826.0,-0.08398,-0.02904,-75.1058,-0.0458,0.5473,0.5129
4130.SR,2018,177000000.0,169871630.0,-8343826.0,-0.08398,-0.02904,-75.1058,-0.0458,0.5473,0.5129
4130.SR,2019,177000000.0,169871630.0,-8343826.0,-0.08398,-0.02904,-75.1058,-0.0458,0.5473,0.5129
4130.SR,2020,177000000.0,169871630.0,-8343826.0,-0.08398,-0.02904,-75.1058,-0.0458,0.5473,0.5129
4130.SR,2021,177000000.0,169871630.0,-8343826.0,-0.08398,-0.02904,-75.1058,-0.0458,0.5473,0.5129
4130.SR,2022,297000000.0,85174391.0,-7975100.0,-0.05133,-0.0265,-38.9829,-0.0402,0.9687,0.2999
4130.SR,2023,297000000.0,35065697.0,3496076.0,0.0164,0.01198,118.9398,0.016,0.9847,0.0527
4130.SR,2024,218295000.0,37082818.0,8375608.0,0.03825,0.03164,122.4915,0.0384,1.0218,0.0469
4140.SR,2014,64800000.0,11188549.0,-14883172.0,-1.14818,-0.331988,-42.7393,-0.0914,0.2101,0.0743
4140.SR,2015,64800000.0,11188549.0,-14883172.0,-1.14818,-0.331988,-42.7393,-0.0914,0.2101,0.0743
4140.SR,2016,64800000.0,11188549.0,-14883172.0,-1.14818,-0.331988,-42.7393,-0.0914,0.2101,0.0743
4140.SR,2017,64800000.0,11188549.0,-14883172.0,-1.14818,-0.331988,-42.7393,-0.0914,0.2101,0.0743
4140.SR,2018,64800000.0,11188549.0,-14883172.0,-1.14818,-0.331988,-42.7393,-0.0914,0.2101,0.0743
4140.SR,2019,64800000.0,11188549.0,-14883172.0,-1.14818,-0.331988,-42.7393,-0.0914,0.2101,0.0743
4140.SR,2020,64800000.0,11188549.0,-14883172.0,-1.14818,-0.331988,-42.7393,-0.0914,0.2101,0.0743
4140.SR,2021,64800000.0,11188549.0,-14883172.0,-1.14818,-0.331988,-42.7393,-0.0914,0.2101,0.0743
4140.SR,2022,194400000.0,8670520.0,-21093008.0,-0.24387,-0.21876,-20.2614,-0.153,0.8232,0.0003
4140.SR,2023,194400000.0,9233161.0,-15604475.0,-0.1025,-0.09681,-35.375,-0.08,0.743,0.0474956841563786
4140.SR,2024,194400000.0,8811967.0,-19566893.0,-0.14527,-0.13615,-24.5,-0.1,0.6427,0.0453290483539094
4141.SR,2014,60000000.0,76532013.0,9934641.0,0.0858,0.05179,65.1807,0.9759,11.3443,0.4126
4141.SR,2015,60000000.0,76532013.0,9934641.0,0.0858,0.05179,65.1807,0.9759,11.3443,0.4126
4141.SR,2016,60000000.0,76532013.0,9934641.0,0.0858,0.05179,65.1807,0.9759,11.3443,0.4126
4141.SR,2017,60000000.0,76532013.0,9934641.0,0.0858,0.05179,65.1807,0.9759,11.3443,0.4126
4141.SR,2018,60000000.0,76532013.0,9934641.0,0.0858,0.05179,65.1807,0.9759,11.3443,0.4126
4141.SR,2019,60000000.0,76532013.0,9934641.0,0.0858,0.05179,65.1807,0.9759,11.3443,0.4126
4141.SR,2020,60000000.0,76532013.0,9934641.0,0.0858,0.05179,65.1807,0.9759,11.3443,0.4126
4141.SR,2021,60000000.0,76532013.0,9934641.0,0.0858,0.05179,65.1807,0.9759,11.3443,0.4126
4141.SR,2022,60000000.0,75219786.0,5791528.0,0.05009,0.03032,42.9693,0.97,11.3129,0.396
4141.SR,2023,120000000.0,82717786.0,-13906393.0,-0.10114,-0.06444,-21.798,-2.03,13.2953,0.3296
4141.SR,2024,120000000.0,54957522.0,-3523471.0,-0.02235,-0.01562,-133.9655,-0.29,12.979,0.1963
4142.SR,2014,1500000000.0,1916600086.0,239832593.0,0.11782,0.06068,15.4255,1.5989,13.5709,0.6559
4142.SR,2015,1500000000.0,1916600086.0,239832593.0,0.11782,0.06068,15.4255,1.5989,13.5709,0.6559
4142.SR,2016,1500000000.0,1916600086.0,239832593.0,0.11782,0.06068,15.4255,1.5989,13.5709,0.6559
4142.SR,2017,1500000000.0,1916600086.0,239832593.0,0.11782,0.06068,15.4255,1.5989,13.5709,0.6559
4191.SR,2016,200000000.0,72688394.0,15102972.0,0.06354,0.04866,143.5185,0.27,11.885,0.1697
4142.SR,2018,1500000000.0,1916600086.0,239832593.0,0.11782,0.06068,15.4255,1.5989,13.5709,0.6559
4142.SR,2019,1500000000.0,1916600086.0,239832593.0,0.11782,0.06068,15.4255,1.5989,13.5709,0.6559
4142.SR,2020,1500000000.0,1916600086.0,239832593.0,0.11782,0.06068,15.4255,1.5989,13.5709,0.6559
4142.SR,2021,1500000000.0,1916600086.0,239832593.0,0.11782,0.06068,15.4255,1.5989,13.5709,0.6559
4142.SR,2022,1500000000.0,2503340219.0,352319866.0,0.16953,0.08216,15.4255,2.35,14.1379,0.6968
4142.SR,2023,1500000000.0,2584730610.0,518769603.0,0.23756,0.10974,26.763,3.46,15.0066,0.3252
4142.SR,2024,1500000000.0,3187707202.0,816689852.0,0.33532,0.15348,25.2844,5.45,17.5287,0.1678
4143.SR,2014,400000000.0,176295844.0,80126183.0,0.16574,0.12145,26.7633,2.0032,12.086,0.2211
4143.SR,2015,400000000.0,176295844.0,80126183.0,0.16574,0.12145,26.7633,2.0032,12.086,0.2211
4143.SR,2016,400000000.0,176295844.0,80126183.0,0.16574,0.12145,26.7633,2.0032,12.086,0.2211
4143.SR,2017,400000000.0,176295844.0,80126183.0,0.16574,0.12145,26.7633,2.0032,12.086,0.2211
4143.SR,2018,400000000.0,176295844.0,80126183.0,0.16574,0.12145,26.7633,2.0032,12.086,0.2211
4143.SR,2019,400000000.0,176295844.0,80126183.0,0.16574,0.12145,26.7633,2.0032,12.086,0.2211
4143.SR,2020,400000000.0,176295844.0,80126183.0,0.16574,0.12145,26.7633,2.0032,12.086,0.2211
4143.SR,2021,400000000.0,176295844.0,80126183.0,0.16574,0.12145,26.7633,2.0032,12.086,0.2211
4143.SR,2022,400000000.0,176295844.0,80126183.0,0.16574,0.12145,26.7633,2.0032,12.086,0.2211
4143.SR,2023,400000000.0,176295844.0,80126183.0,0.16574,0.12145,26.7633,2.0032,12.086,0.2211
4143.SR,2024,400000000.0,177565537.0,82646390.0,0.16712,0.12308,26.7633,2.07,12.6408,0.088
4144.SR,2014,125000000.0,44177837.0,24882353.0,0.23598,0.1663,22.9675,1.9906,8.4355,0.0192
4144.SR,2015,125000000.0,44177837.0,24882353.0,0.23598,0.1663,22.9675,1.9906,8.4355,0.0192
4144.SR,2016,125000000.0,44177837.0,24882353.0,0.23598,0.1663,22.9675,1.9906,8.4355,0.0192
4144.SR,2017,125000000.0,44177837.0,24882353.0,0.23598,0.1663,22.9675,1.9906,8.4355,0.0192
4144.SR,2018,125000000.0,44177837.0,24882353.0,0.23598,0.1663,22.9675,1.9906,8.4355,0.0192
4144.SR,2019,125000000.0,44177837.0,24882353.0,0.23598,0.1663,22.9675,1.9906,8.4355,0.0192
4144.SR,2020,125000000.0,44177837.0,24882353.0,0.23598,0.1663,22.9675,1.9906,8.4355,0.0192
4144.SR,2021,125000000.0,44177837.0,24882353.0,0.23598,0.1663,22.9675,1.9906,8.4355,0.0192
4144.SR,2022,62500000.0,46898631.0,30743382.0,0.28931,0.20252,22.9675,2.46,8.567,0.3473
4144.SR,2023,62500000.0,45092756.0,46575187.0,0.38252,0.27764,15.6533,3.75,10.9145,0.2653
4144.SR,2024,62500000.0,47357469.0,42855291.0,0.28835,0.21994,25.1304,3.45,12.8655,0.2285
4145.SR,2014,240000000.0,313106813.0,173681580.0,0.41569,0.23762,11.973,5.43,13.0567,0.5604
4145.SR,2015,240000000.0,313106813.0,173681580.0,0.41569,0.23762,11.973,5.43,13.0567,0.5604
4145.SR,2016,240000000.0,313106813.0,173681580.0,0.41569,0.23762,11.973,5.43,13.0567,0.5604
4145.SR,2017,240000000.0,313106813.0,173681580.0,0.41569,0.23762,11.973,5.43,13.0567,0.5604
4145.SR,2018,240000000.0,313106813.0,173681580.0,0.41569,0.23762,11.973,5.43,13.0567,0.5604
4145.SR,2019,240000000.0,313106813.0,173681580.0,0.41569,0.23762,11.973,5.43,13.0567,0.5604
4145.SR,2020,240000000.0,313106813.0,173681580.0,0.41569,0.23762,11.973,5.43,13.0567,0.5604
4145.SR,2021,240000000.0,313106813.0,173681580.0,0.41569,0.23762,11.973,5.43,13.0567,0.5604
4145.SR,2022,240000000.0,148183576.0,177647740.0,0.37255,0.2511,11.973,5.55,16.7458,0.162
4145.SR,2023,320000000.0,102556767.0,67664553.0,0.11893,0.0957,26.0664,2.11,18.8123,0.067
4145.SR,2024,320000000.0,143184036.0,1318003.0,0.00232,0.00184,458.2353,0.04,16.7669,0.156
4150.SR,2014,1777777770.0,412976562.0,318309495.0,0.15748,0.13076,14.1899,1.79,11.3695,0.0272
4150.SR,2015,1777777770.0,412976562.0,318309495.0,0.15748,0.13076,14.1899,1.79,11.3695,0.0272
4150.SR,2016,1777777770.0,412976562.0,318309495.0,0.15748,0.13076,14.1899,1.79,11.3695,0.0272
4150.SR,2017,1777777770.0,412976562.0,318309495.0,0.15748,0.13076,14.1899,1.79,11.3695,0.0272
4150.SR,2018,1777777770.0,412976562.0,318309495.0,0.15748,0.13076,14.1899,1.79,11.3695,0.0272
4150.SR,2019,1777777770.0,412976562.0,318309495.0,0.15748,0.13076,14.1899,1.79,11.3695,0.0272
4150.SR,2020,1777777770.0,412976562.0,318309495.0,0.15748,0.13076,14.1899,1.79,11.3695,0.0272
4150.SR,2021,1777777770.0,412976562.0,318309495.0,0.15748,0.13076,14.1899,1.79,11.3695,0.0272
4150.SR,2022,1777777770.0,400107339.0,300356265.0,0.14239,0.11938,10.7014,1.6895,12.3617,0.0235
4150.SR,2023,1777777770.0,411276680.0,271539533.0,0.11862,0.10076,13.8039,1.53,13.3922,0.0202
4150.SR,2024,1777777770.0,365684650.0,296196445.0,0.12029,0.1039,20.1198,1.67,14.3091,0.0213
4160.SR,2014,100000000.0,143378003.0,-162451394.0,1.25609,-0.331988,-0.2752,-11.54,4.7907,0.0003
4160.SR,2015,100000000.0,143378003.0,-162451394.0,1.25609,-0.331988,-0.2752,-11.54,4.7907,0.0003
4160.SR,2016,100000000.0,143378003.0,-162451394.0,1.25609,-0.331988,-0.2752,-11.54,4.7907,0.0003
4160.SR,2017,100000000.0,143378003.0,-162451394.0,1.25609,-0.331988,-0.2752,-11.54,4.7907,0.0003
4160.SR,2018,100000000.0,143378003.0,-162451394.0,1.25609,-0.331988,-0.2752,-11.54,4.7907,0.0003
4160.SR,2019,100000000.0,143378003.0,-162451394.0,1.25609,-0.331988,-0.2752,-11.54,4.7907,0.0003
4160.SR,2020,100000000.0,143378003.0,-162451394.0,1.25609,-0.331988,-0.2752,-11.54,4.7907,0.0003
4160.SR,2021,100000000.0,143378003.0,-162451394.0,1.25609,-0.331988,-0.2752,-11.54,4.7907,0.0003
4160.SR,2022,100000000.0,144727884.0,-2955601.0,0.02572,-0.10145,-14.9066,-0.7757,4.7907,0.0003
4160.SR,2023,250000000.0,71815001.0,-6530218.0,0.18828,-0.08874,-12.68,-1.0,4.7907,0.4535
4160.SR,2024,65000000.0,67937255.0,-8013419.0,-0.28632,-0.08188,-35.6504,-1.23,3.821,0.6159
4161.SR,2014,1143000000.0,3220216711.0,240563746.0,0.17047,0.05194,45.619,0.21,1.2346,1.6825
4161.SR,2015,1143000000.0,3220216711.0,240563746.0,0.17047,0.05194,45.619,0.21,1.2346,1.6825
4161.SR,2016,1143000000.0,3220216711.0,240563746.0,0.17047,0.05194,45.619,0.21,1.2346,1.6825
4161.SR,2017,1143000000.0,3220216711.0,240563746.0,0.17047,0.05194,45.619,0.21,1.2346,1.6825
4161.SR,2018,1143000000.0,3220216711.0,240563746.0,0.17047,0.05194,45.619,0.21,1.2346,1.6825
4161.SR,2019,1143000000.0,3220216711.0,240563746.0,0.17047,0.05194,45.619,0.21,1.2346,1.6825
4161.SR,2020,1143000000.0,3220216711.0,240563746.0,0.17047,0.05194,45.619,0.21,1.2346,1.6825
4161.SR,2021,1143000000.0,3220216711.0,240563746.0,0.17047,0.05194,45.619,0.21,1.2346,1.6825
4161.SR,2022,1143000000.0,3420943629.0,118654833.0,0.08579,0.02505,48.4,0.1,1.1855,1.6962
4161.SR,2023,1143000000.0,3527076562.0,276531287.0,0.2008,0.05627,25.7917,0.24,1.2242,1.5618
4161.SR,2024,1143000000.0,3790615345.0,272158318.0,0.19453,0.0531,26.9583,0.24,1.2239,1.6476
4162.SR,2014,600000000.0,493233775.0,166091980.0,0.20639,0.12796,18.7419,3.1,13.4123,0.0623
4162.SR,2015,600000000.0,493233775.0,166091980.0,0.20639,0.12796,18.7419,3.1,13.4123,0.0623
4162.SR,2016,600000000.0,493233775.0,166091980.0,0.20639,0.12796,18.7419,3.1,13.4123,0.0623
4162.SR,2017,600000000.0,493233775.0,166091980.0,0.20639,0.12796,18.7419,3.1,13.4123,0.0623
4162.SR,2018,600000000.0,493233775.0,166091980.0,0.20639,0.12796,18.7419,3.1,13.4123,0.0623
4162.SR,2019,600000000.0,493233775.0,166091980.0,0.20639,0.12796,18.7419,3.1,13.4123,0.0623
4162.SR,2020,600000000.0,493233775.0,166091980.0,0.20639,0.12796,18.7419,3.1,13.4123,0.0623
4162.SR,2021,600000000.0,493233775.0,166091980.0,0.20639,0.12796,18.7419,3.1,13.4123,0.0623
4162.SR,2022,600000000.0,583837262.0,290201821.0,0.34036,0.2086,12.7917,4.8,15.0085,0.0544
4162.SR,2023,600000000.0,637228101.0,282213242.0,0.30876,0.18511,15.6809,4.7,15.4588,0.0492
4162.SR,2024,600000000.0,926270129.0,278652929.0,0.28764,0.15918,20.6466,4.64,16.8329,0.1893
4163.SR,2014,850000000.0,3041873734.0,239144980.0,0.24176,0.05933,20.0279,2.8135,11.6375,2.2191
4163.SR,2015,850000000.0,3041873734.0,239144980.0,0.24176,0.05933,20.0279,2.8135,11.6375,2.2191
4163.SR,2016,850000000.0,3041873734.0,239144980.0,0.24176,0.05933,20.0279,2.8135,11.6375,2.2191
4163.SR,2017,850000000.0,3041873734.0,239144980.0,0.24176,0.05933,20.0279,2.8135,11.6375,2.2191
4163.SR,2018,850000000.0,3041873734.0,239144980.0,0.24176,0.05933,20.0279,2.8135,11.6375,2.2191
4163.SR,2019,850000000.0,3041873734.0,239144980.0,0.24176,0.05933,20.0279,2.8135,11.6375,2.2191
4163.SR,2020,850000000.0,3041873734.0,239144980.0,0.24176,0.05933,20.0279,2.8135,11.6375,2.2191
4163.SR,2021,850000000.0,3041873734.0,239144980.0,0.24176,0.05933,20.0279,2.8135,11.6375,2.2191
4163.SR,2022,850000000.0,3401585517.0,305448633.0,0.29308,0.07164,20.0279,3.59,12.8846,2.4035
4163.SR,2023,850000000.0,3394482418.0,329223377.0,0.27342,0.07154,27.3385,3.87,15.4471,1.7473
4163.SR,2024,850000000.0,3579290698.0,370105462.0,0.26728,0.07597,18.023,4.35,17.1347,1.4421
4164.SR,2014,1300000000.0,2683329073.0,812528628.0,0.50669,0.18954,24.4802,6.2502,12.3353,0.8475
4164.SR,2015,1300000000.0,2683329073.0,812528628.0,0.50669,0.18954,24.4802,6.2502,12.3353,0.8475
4164.SR,2016,1300000000.0,2683329073.0,812528628.0,0.50669,0.18954,24.4802,6.2502,12.3353,0.8475
4164.SR,2017,1300000000.0,2683329073.0,812528628.0,0.50669,0.18954,24.4802,6.2502,12.3353,0.8475
4164.SR,2018,1300000000.0,2683329073.0,812528628.0,0.50669,0.18954,24.4802,6.2502,12.3353,0.8475
4164.SR,2019,1300000000.0,2683329073.0,812528628.0,0.50669,0.18954,24.4802,6.2502,12.3353,0.8475
4164.SR,2020,1300000000.0,2683329073.0,812528628.0,0.50669,0.18954,24.4802,6.2502,12.3353,0.8475
4164.SR,2021,1300000000.0,2683329073.0,812528628.0,0.50669,0.18954,24.4802,6.2502,12.3353,0.8475
4164.SR,2022,1300000000.0,2701518913.0,887811814.0,0.46156,0.19234,24.4802,6.83,17.2568,0.5207
4164.SR,2023,1300000000.0,2908571313.0,892618140.0,0.37934,0.17305,19.9418,6.87,18.9443,0.477
4164.SR,2024,1300000000.0,3587246396.0,820723624.0,0.32511,0.14218,18.6371,6.31,19.8931,0.5915
4165.SR,2014,250000000.0,392551797.0,148677253.0,0.3941,0.19313,23.2484,5.9471,15.0904,0.6985
4165.SR,2015,250000000.0,392551797.0,148677253.0,0.3941,0.19313,23.2484,5.9471,15.0904,0.6985
4165.SR,2016,250000000.0,392551797.0,148677253.0,0.3941,0.19313,23.2484,5.9471,15.0904,0.6985
4165.SR,2017,250000000.0,392551797.0,148677253.0,0.3941,0.19313,23.2484,5.9471,15.0904,0.6985
4165.SR,2018,250000000.0,392551797.0,148677253.0,0.3941,0.19313,23.2484,5.9471,15.0904,0.6985
4165.SR,2019,250000000.0,392551797.0,148677253.0,0.3941,0.19313,23.2484,5.9471,15.0904,0.6985
4165.SR,2020,250000000.0,392551797.0,148677253.0,0.3941,0.19313,23.2484,5.9471,15.0904,0.6985
4165.SR,2021,250000000.0,392551797.0,148677253.0,0.3941,0.19313,23.2484,5.9471,15.0904,0.6985
4165.SR,2022,250000000.0,392551797.0,148677253.0,0.3941,0.19313,23.2484,5.9471,15.0904,0.6985
4165.SR,2023,250000000.0,392551797.0,148677253.0,0.3941,0.19313,23.2484,5.9471,15.0904,0.6985
4165.SR,2024,250000000.0,325545034.0,156958529.0,0.3713,0.20077,23.2484,6.28,18.7275,0.4767
4170.SR,2014,52566930.0,15044425.0,-14036427.0,-0.25318,-0.19914,-62.0017,-0.0213,0.2101,0.286195617663044
4170.SR,2015,52566930.0,15044425.0,-14036427.0,-0.25318,-0.19914,-62.0017,-0.0213,0.2101,0.286195617663044
4170.SR,2016,52566930.0,15044425.0,-14036427.0,-0.25318,-0.19914,-62.0017,-0.0213,0.2101,0.286195617663044
4170.SR,2017,52566930.0,15044425.0,-14036427.0,-0.25318,-0.19914,-62.0017,-0.0213,0.2101,0.286195617663044
4170.SR,2018,52566930.0,15044425.0,-14036427.0,-0.25318,-0.19914,-62.0017,-0.0213,0.2101,0.286195617663044
4170.SR,2019,52566930.0,15044425.0,-14036427.0,-0.25318,-0.19914,-62.0017,-0.0213,0.2101,0.286195617663044
4170.SR,2020,52566930.0,15044425.0,-14036427.0,-0.25318,-0.19914,-62.0017,-0.0213,0.2101,0.286195617663044
4170.SR,2021,52566930.0,15044425.0,-14036427.0,-0.25318,-0.19914,-62.0017,-0.0213,0.2101,0.286195617663044
4170.SR,2022,578236230.0,19905955.0,-7232908.0,-0.02386,-0.02256,-12.0,-0.06,0.4763,0.0344252988091043
4170.SR,2023,578236230.0,27861255.0,-44196274.0,-0.0836,-0.07999,-15.0,-0.04,0.438,0.0003
4170.SR,2024,578236230.0,30612028.0,6367340.0,0.01261,0.01192,96.0,0.01,0.4356,0.0005
4180.SR,2014,275000000.0,18542373.0,149638380.0,0.29484,0.28444,12.6161,0.323,1.8456,0.0016
4180.SR,2015,275000000.0,18542373.0,149638380.0,0.29484,0.28444,12.6161,0.323,1.8456,0.0016
4180.SR,2016,275000000.0,18542373.0,149638380.0,0.29484,0.28444,12.6161,0.323,1.8456,0.0016
4180.SR,2017,275000000.0,18542373.0,149638380.0,0.29484,0.28444,12.6161,0.323,1.8456,0.0016
4180.SR,2018,275000000.0,18542373.0,149638380.0,0.29484,0.28444,12.6161,0.323,1.8456,0.0016
4180.SR,2019,275000000.0,18542373.0,149638380.0,0.29484,0.28444,12.6161,0.323,1.8456,0.0016
4180.SR,2020,275000000.0,18542373.0,149638380.0,0.29484,0.28444,12.6161,0.323,1.8456,0.0016
4180.SR,2021,275000000.0,18542373.0,149638380.0,0.29484,0.28444,12.6161,0.323,1.8456,0.0016
4180.SR,2022,275000000.0,24880073.0,-31865495.0,-0.06686,-0.06395,-24.7917,-0.12,1.6206,0.0107
4180.SR,2023,275000000.0,17476469.0,5207720.0,0.01129,0.0108,155.0,0.02,1.7333,0.0075
4180.SR,2024,275000000.0,20839204.0,14515058.0,0.03045,0.02928,84.2,0.05,1.7332,0.0047
4190.SR,2014,1200000000.0,2343075000.0,991858000.0,0.56068,0.2412,23.7969,0.827,1.4742,0.3629
4190.SR,2015,1200000000.0,2343075000.0,991858000.0,0.56068,0.2412,23.7969,0.827,1.4742,0.3629
4190.SR,2016,1200000000.0,2343075000.0,991858000.0,0.56068,0.2412,23.7969,0.827,1.4742,0.3629
4190.SR,2017,1200000000.0,2343075000.0,991858000.0,0.56068,0.2412,23.7969,0.827,1.4742,0.3629
4190.SR,2018,1200000000.0,2343075000.0,991858000.0,0.56068,0.2412,23.7969,0.827,1.4742,0.3629
4190.SR,2019,1200000000.0,2343075000.0,991858000.0,0.56068,0.2412,23.7969,0.827,1.4742,0.3629
4190.SR,2020,1200000000.0,2343075000.0,991858000.0,0.56068,0.2412,23.7969,0.827,1.4742,0.3629
4190.SR,2021,1200000000.0,2343075000.0,991858000.0,0.56068,0.2412,23.7969,0.827,1.4742,0.3629
4190.SR,2022,1200000000.0,2455951000.0,969761000.0,0.5432,0.23173,18.5185,0.81,1.5013,0.4001
4190.SR,2023,1200000000.0,2338916000.0,973043000.0,0.54465,0.23256,19.2346,0.81,1.4763,0.4032
4190.SR,2024,1200000000.0,2527842000.0,973955000.0,0.55395,0.23236,15.6296,0.81,1.454,0.4538
4191.SR,2014,200000000.0,72688394.0,15102972.0,0.06354,0.04866,143.5185,0.27,11.885,0.1697
4191.SR,2015,200000000.0,72688394.0,15102972.0,0.06354,0.04866,143.5185,0.27,11.885,0.1697
4191.SR,2017,200000000.0,72688394.0,15102972.0,0.06354,0.04866,143.5185,0.27,11.885,0.1697
4191.SR,2018,200000000.0,72688394.0,15102972.0,0.06354,0.04866,143.5185,0.27,11.885,0.1697
4191.SR,2019,200000000.0,72688394.0,15102972.0,0.06354,0.04866,143.5185,0.27,11.885,0.1697
4191.SR,2020,200000000.0,72688394.0,15102972.0,0.06354,0.04866,143.5185,0.27,11.885,0.1697
4191.SR,2021,200000000.0,72688394.0,15102972.0,0.06354,0.04866,143.5185,0.27,11.885,0.1697
4191.SR,2022,200000000.0,72688394.0,15102972.0,0.06354,0.04866,33.4868,0.76,11.885,0.1697
4191.SR,2023,200000000.0,45780996.0,16916216.0,0.07041,0.05648,34.8235,0.85,12.141,0.0649
4191.SR,2024,200000000.0,80024465.0,26936557.0,0.11181,0.08866,22.963,1.35,11.9514,0.1615
4192.SR,2014,42000000.0,229866030.0,184884412.0,0.48508,0.28444,24.4595,0.5282,1.089,0.4579
4192.SR,2015,42000000.0,229866030.0,184884412.0,0.48508,0.28444,24.4595,0.5282,1.089,0.4579
4192.SR,2016,42000000.0,229866030.0,184884412.0,0.48508,0.28444,24.4595,0.5282,1.089,0.4579
4192.SR,2017,42000000.0,229866030.0,184884412.0,0.48508,0.28444,24.4595,0.5282,1.089,0.4579
4192.SR,2018,42000000.0,229866030.0,184884412.0,0.48508,0.28444,24.4595,0.5282,1.089,0.4579
4192.SR,2019,42000000.0,229866030.0,184884412.0,0.48508,0.28444,24.4595,0.5282,1.089,0.4579
4192.SR,2020,42000000.0,229866030.0,184884412.0,0.48508,0.28444,24.4595,0.5282,1.089,0.4579
4192.SR,2021,42000000.0,229866030.0,184884412.0,0.48508,0.28444,24.4595,0.5282,1.089,0.4579
4192.SR,2022,350000000.0,241474230.0,129765732.0,0.32759,0.20539,24.4595,0.37,1.1746,0.3173
4192.SR,2023,350000000.0,538429749.0,98186736.0,0.24135,0.12323,31.4643,0.28,1.1502,1.1318
4192.SR,2024,350000000.0,301821615.0,37539556.0,0.08919,0.04464,72.9091,0.11,1.2549,0.5466
4193.SR,2014,600000000.0,750542929.5,65614635.5,0.07119,0.029505,21.11745,0.62,11.78515,0.45425
4193.SR,2015,600000000.0,750542929.5,65614635.5,0.07119,0.029505,21.11745,0.62,11.78515,0.45425
4193.SR,2016,600000000.0,750542929.5,65614635.5,0.07119,0.029505,21.11745,0.62,11.78515,0.45425
4193.SR,2017,600000000.0,750542929.5,65614635.5,0.07119,0.029505,21.11745,0.62,11.78515,0.45425
4193.SR,2018,600000000.0,750542929.5,65614635.5,0.07119,0.029505,21.11745,0.62,11.78515,0.45425
4193.SR,2019,600000000.0,750542929.5,65614635.5,0.07119,0.029505,21.11745,0.62,11.78515,0.45425
4193.SR,2020,600000000.0,750542929.5,65614635.5,0.07119,0.029505,21.11745,0.62,11.78515,0.45425
4193.SR,2021,600000000.0,750542929.5,65614635.5,0.07119,0.029505,21.11745,0.62,11.78515,0.45425
4193.SR,2022,600000000.0,884222855.5,70831247.5,0.074715,0.0285349999999999,18.16325,0.65005,12.10135,0.39805
4193.SR,2023,606850000.0,1026818839.0,71150541.5,0.09539,0.04108,21.96145,0.749,12.4573,0.41195
4193.SR,2024,643134840.0,1032443633.5,84705926.5,0.084715,0.0348,20.2314,0.794,13.14285,0.3644
4194.SR,2014,600000000.0,750542929.5,65614635.5,0.07119,0.029505,21.11745,0.62,11.78515,0.45425
4194.SR,2015,600000000.0,750542929.5,65614635.5,0.07119,0.029505,21.11745,0.62,11.78515,0.45425
4194.SR,2016,600000000.0,750542929.5,65614635.5,0.07119,0.029505,21.11745,0.62,11.78515,0.45425
4194.SR,2017,600000000.0,750542929.5,65614635.5,0.07119,0.029505,21.11745,0.62,11.78515,0.45425
4194.SR,2018,600000000.0,750542929.5,65614635.5,0.07119,0.029505,21.11745,0.62,11.78515,0.45425
4194.SR,2019,600000000.0,750542929.5,65614635.5,0.07119,0.029505,21.11745,0.62,11.78515,0.45425
4194.SR,2020,600000000.0,750542929.5,65614635.5,0.07119,0.029505,21.11745,0.62,11.78515,0.45425
4194.SR,2021,600000000.0,750542929.5,65614635.5,0.07119,0.029505,21.11745,0.62,11.78515,0.45425
4194.SR,2022,600000000.0,884222855.5,70831247.5,0.074715,0.0285349999999999,18.16325,0.65005,12.10135,0.39805
4194.SR,2023,606850000.0,1026818839.0,71150541.5,0.09539,0.04108,21.96145,0.749,12.4573,0.41195
4194.SR,2024,643134840.0,1032443633.5,84705926.5,0.084715,0.0348,20.2314,0.794,13.14285,0.3644
4200.SR,2014,750000000.0,4440243098.0,176804966.0,0.17767,0.03253,28.3051,1.77,9.9515,3.027
4200.SR,2015,750000000.0,4440243098.0,176804966.0,0.17767,0.03253,28.3051,1.77,9.9515,3.027
4200.SR,2016,750000000.0,4440243098.0,176804966.0,0.17767,0.03253,28.3051,1.77,9.9515,3.027
4200.SR,2017,750000000.0,4440243098.0,176804966.0,0.17767,0.03253,28.3051,1.77,9.9515,3.027
4200.SR,2018,750000000.0,4440243098.0,176804966.0,0.17767,0.03253,28.3051,1.77,9.9515,3.027
4200.SR,2019,750000000.0,4440243098.0,176804966.0,0.17767,0.03253,28.3051,1.77,9.9515,3.027
4200.SR,2020,750000000.0,4440243098.0,176804966.0,0.17767,0.03253,28.3051,1.77,9.9515,3.027
4200.SR,2021,750000000.0,4440243098.0,176804966.0,0.17767,0.03253,28.3051,1.77,9.9515,3.027
4200.SR,2022,750000000.0,5249349373.0,241826918.0,0.22982,0.04101,23.1056,2.415,11.0934,3.1229
4200.SR,2023,750000000.0,6270210380.0,280814473.0,0.23947,0.04051,47.3488,2.81,12.3592,3.369
4200.SR,2024,1000000000.0,6963835876.0,338047048.0,0.24898,0.04239,35.5621,3.38,14.7949,2.8541
4210.SR,2014,800000000.0,4061410120.0,537019653.0,0.25987,0.08439,29.2399,6.71,25.8307,0.4621
4210.SR,2015,800000000.0,4061410120.0,537019653.0,0.25987,0.08439,29.2399,6.71,25.8307,0.4621
4210.SR,2016,800000000.0,4061410120.0,537019653.0,0.25987,0.08439,29.2399,6.71,25.8307,0.4621
4210.SR,2017,800000000.0,4061410120.0,537019653.0,0.25987,0.08439,29.2399,6.71,25.8307,0.4621
4210.SR,2018,800000000.0,4061410120.0,537019653.0,0.25987,0.08439,29.2399,6.71,25.8307,0.4621
4210.SR,2019,800000000.0,4061410120.0,537019653.0,0.25987,0.08439,29.2399,6.71,25.8307,0.4621
4210.SR,2020,800000000.0,4061410120.0,537019653.0,0.25987,0.08439,29.2399,6.71,25.8307,0.4621
4210.SR,2021,800000000.0,4061410120.0,537019653.0,0.25987,0.08439,29.2399,6.71,25.8307,0.4621
4210.SR,2022,800000000.0,3863586481.0,648791550.0,0.27502,0.09901,22.4414,8.11,33.1451,0.3539
4210.SR,2023,800000000.0,2469728889.0,559620553.0,0.19518,0.08974,24.4857,7.0,38.5361,0.3045
4210.SR,2024,800000000.0,2160993556.0,201690449.0,0.06406,0.03594,109.127,2.52,40.175,0.2933
4220.SR,2014,11333333000.0,8600143000.0,-836529000.0,-0.10757,-0.05108,-16.1764,-1.5987,14.8622,0.8022
4220.SR,2015,11333333000.0,8600143000.0,-836529000.0,-0.10757,-0.05108,-16.1764,-1.5987,14.8622,0.8022
4220.SR,2016,11333333000.0,8600143000.0,-836529000.0,-0.10757,-0.05108,-16.1764,-1.5987,14.8622,0.8022
4220.SR,2017,11333333000.0,8600143000.0,-836529000.0,-0.10757,-0.05108,-16.1764,-1.5987,14.8622,0.8022
4220.SR,2018,11333333000.0,8600143000.0,-836529000.0,-0.10757,-0.05108,-16.1764,-1.5987,14.8622,0.8022
4220.SR,2019,11333333000.0,8600143000.0,-836529000.0,-0.10757,-0.05108,-16.1764,-1.5987,14.8622,0.8022
4220.SR,2020,11333333000.0,8600143000.0,-836529000.0,-0.10757,-0.05108,-16.1764,-1.5987,14.8622,0.8022
4220.SR,2021,11333333000.0,8600143000.0,-836529000.0,-0.10757,-0.05108,-16.1764,-1.5987,14.8622,0.8022
4220.SR,2022,11333333000.0,8536054000.0,-1157290000.0,-0.16038,-0.07332,-8.1765,-2.2092,12.7179,0.95
4220.SR,2023,11333333000.0,8743415000.0,-253220000.0,-0.03877,-0.01669,-35.5817,-0.4839,12.243,1.0909
4220.SR,2024,5232599000.0,9823749000.0,-1134565000.0,-0.19439,-0.07504,-4.0323,-4.7,10.0656,1.5394
4230.SR,2014,600000000.0,665384000.0,-130439000.0,-0.4216,-0.13702,-9.7233,-4.31,10.2317,0.6112
4230.SR,2015,600000000.0,665384000.0,-130439000.0,-0.4216,-0.13702,-9.7233,-4.31,10.2317,0.6112
4230.SR,2016,600000000.0,665384000.0,-130439000.0,-0.4216,-0.13702,-9.7233,-4.31,10.2317,0.6112
4230.SR,2017,600000000.0,665384000.0,-130439000.0,-0.4216,-0.13702,-9.7233,-4.31,10.2317,0.6112
4230.SR,2018,600000000.0,665384000.0,-130439000.0,-0.4216,-0.13702,-9.7233,-4.31,10.2317,0.6112
4230.SR,2019,600000000.0,665384000.0,-130439000.0,-0.4216,-0.13702,-9.7233,-4.31,10.2317,0.6112
4230.SR,2020,600000000.0,665384000.0,-130439000.0,-0.4216,-0.13702,-9.7233,-4.31,10.2317,0.6112
4230.SR,2021,600000000.0,665384000.0,-130439000.0,-0.4216,-0.13702,-9.7233,-4.31,10.2317,0.6112
4230.SR,2022,302344000.0,685070000.0,-196132000.0,-0.91759,-0.22665,-3.4792,-6.49,3.9064,1.4298
4230.SR,2023,302344000.0,2182458000.0,-48015000.0,-0.50825,-0.02782,-14.9057,-1.59,2.3428,5.3599
4230.SR,2024,302344000.0,2393091000.0,-62365000.0,-1.59699,-0.02243,-29.8544,-2.06,0.2405,5.6184
4240.SR,2014,2100000000.0,8095848631.0,-1090753102.0,0.33861,0.01037,-2.9971,-9.5003,2.1997,5.6184
4240.SR,2015,2100000000.0,8095848631.0,-1090753102.0,0.33861,0.01037,-2.9971,-9.5003,2.1997,5.6184
4240.SR,2016,2100000000.0,8095848631.0,-1090753102.0,0.33861,0.01037,-2.9971,-9.5003,2.1997,5.6184
4240.SR,2017,2100000000.0,8095848631.0,-1090753102.0,0.33861,0.01037,-2.9971,-9.5003,2.1997,5.6184
4240.SR,2018,2100000000.0,8095848631.0,-1090753102.0,0.33861,0.01037,-2.9971,-9.5003,2.1997,5.6184
4240.SR,2019,2100000000.0,8095848631.0,-1090753102.0,0.33861,0.01037,-2.9971,-9.5003,2.1997,5.6184
4240.SR,2020,2100000000.0,8095848631.0,-1090753102.0,0.33861,0.01037,-2.9971,-9.5003,2.1997,5.6184
4240.SR,2021,2100000000.0,8095848631.0,-1090753102.0,0.33861,0.01037,-2.9971,-9.5003,2.1997,5.6184
4240.SR,2022,2100000000.0,8095848631.0,85477270.0,0.33861,0.01037,20.9189,0.74,2.1997,5.6184
4240.SR,2023,1147664480.0,6563929419.0,-1177762076.0,1.25609,-0.16827,-1.7157,-10.27,2.1997,0.0003
4240.SR,2024,1147664480.0,5603825678.0,-203538578.0,0.22974,-0.03936,-7.427,-1.78,2.1997,0.0003
4250.SR,2014,9294000000.0,18194352000.0,946206000.0,0.10968,0.03528,24.902,1.02,9.282,1.1387
4250.SR,2015,9294000000.0,18194352000.0,946206000.0,0.10968,0.03528,24.902,1.02,9.282,1.1387
4250.SR,2016,9294000000.0,18194352000.0,946206000.0,0.10968,0.03528,24.902,1.02,9.282,1.1387
4250.SR,2017,9294000000.0,18194352000.0,946206000.0,0.10968,0.03528,24.902,1.02,9.282,1.1387
4250.SR,2018,9294000000.0,18194352000.0,946206000.0,0.10968,0.03528,24.902,1.02,9.282,1.1387
4250.SR,2019,9294000000.0,18194352000.0,946206000.0,0.10968,0.03528,24.902,1.02,9.282,1.1387
4250.SR,2020,9294000000.0,18194352000.0,946206000.0,0.10968,0.03528,24.902,1.02,9.282,1.1387
4250.SR,2021,9294000000.0,18194352000.0,946206000.0,0.10968,0.03528,24.902,1.02,9.282,1.1387
4250.SR,2022,11545342000.0,13825759000.0,-352430000.0,-0.03307,-0.01322,-47.2,-0.35,10.9872,0.8657
4250.SR,2023,11545342000.0,14559878000.0,37480000.0,0.00295,0.00139,458.2353,0.03,11.0185,0.9218
4250.SR,2024,11800229000.0,14083146000.0,200090000.0,0.01528,0.0073,120.9412,0.17,11.4149,0.899
4260.SR,2014,711667000.0,285814000.0,219912000.0,0.13758,0.11671,15.0647,3.09,22.4605,0.016
4260.SR,2015,711667000.0,285814000.0,219912000.0,0.13758,0.11671,15.0647,3.09,22.4605,0.016
4260.SR,2016,711667000.0,285814000.0,219912000.0,0.13758,0.11671,15.0647,3.09,22.4605,0.016
4260.SR,2017,711667000.0,285814000.0,219912000.0,0.13758,0.11671,15.0647,3.09,22.4605,0.016
4260.SR,2018,711667000.0,285814000.0,219912000.0,0.13758,0.11671,15.0647,3.09,22.4605,0.016
4260.SR,2019,711667000.0,285814000.0,219912000.0,0.13758,0.11671,15.0647,3.09,22.4605,0.016
4260.SR,2020,711667000.0,285814000.0,219912000.0,0.13758,0.11671,15.0647,3.09,22.4605,0.016
4260.SR,2021,711667000.0,285814000.0,219912000.0,0.13758,0.11671,15.0647,3.09,22.4605,0.016
4260.SR,2022,711667000.0,795568000.0,252009000.0,0.15168,0.11444,12.8955,3.54,24.2323,0.2576
4260.SR,2023,711667000.0,1110422000.0,277230000.0,0.15467,0.1002,20.2564,3.9,26.1407,0.3448
4260.SR,2024,781667000.0,2268176000.0,314635000.0,0.13807,0.07844,19.2706,4.25,34.5067,0.6189
4261.SR,2014,430000000.0,950794190.0,125726066.0,0.2216,0.08282,20.8562,2.92,13.1943,1.2758
4261.SR,2015,430000000.0,950794190.0,125726066.0,0.2216,0.08282,20.8562,2.92,13.1943,1.2758
4261.SR,2016,430000000.0,950794190.0,125726066.0,0.2216,0.08282,20.8562,2.92,13.1943,1.2758
4261.SR,2017,430000000.0,950794190.0,125726066.0,0.2216,0.08282,20.8562,2.92,13.1943,1.2758
4261.SR,2018,430000000.0,950794190.0,125726066.0,0.2216,0.08282,20.8562,2.92,13.1943,1.2758
4261.SR,2019,430000000.0,950794190.0,125726066.0,0.2216,0.08282,20.8562,2.92,13.1943,1.2758
4261.SR,2020,430000000.0,950794190.0,125726066.0,0.2216,0.08282,20.8562,2.92,13.1943,1.2758
4261.SR,2021,430000000.0,950794190.0,125726066.0,0.2216,0.08282,20.8562,2.92,13.1943,1.2758
4261.SR,2022,430000000.0,1201353072.0,193107949.0,0.31343,0.11412,15.3675,4.49,15.4619,1.5114
4261.SR,2023,430000000.0,1511655370.0,142069485.0,0.20375,0.06917,19.9394,3.3,16.9692,1.687
4261.SR,2024,430000000.0,1745202836.0,182706083.0,0.23422,0.07586,18.0235,4.25,19.3125,1.7682
4262.SR,2014,550000000.0,1000784011.0,143662779.0,0.17031,0.07789,34.2466,2.6121,15.3371,0.6725
4262.SR,2015,550000000.0,1000784011.0,143662779.0,0.17031,0.07789,34.2466,2.6121,15.3371,0.6725
4262.SR,2016,550000000.0,1000784011.0,143662779.0,0.17031,0.07789,34.2466,2.6121,15.3371,0.6725
4262.SR,2017,550000000.0,1000784011.0,143662779.0,0.17031,0.07789,34.2466,2.6121,15.3371,0.6725
4262.SR,2018,550000000.0,1000784011.0,143662779.0,0.17031,0.07789,34.2466,2.6121,15.3371,0.6725
4262.SR,2019,550000000.0,1000784011.0,143662779.0,0.17031,0.07789,34.2466,2.6121,15.3371,0.6725
4262.SR,2020,550000000.0,1000784011.0,143662779.0,0.17031,0.07789,34.2466,2.6121,15.3371,0.6725
4262.SR,2021,550000000.0,1000784011.0,143662779.0,0.17031,0.07789,34.2466,2.6121,15.3371,0.6725
4262.SR,2022,550000000.0,1000784011.0,143662779.0,0.17031,0.07789,34.2466,2.6121,15.3371,0.6725
4262.SR,2023,550000000.0,2221078721.0,160622507.0,0.17189,0.0631,34.2466,2.92,18.6422,1.41
4262.SR,2024,550000000.0,2162082291.0,180301098.0,0.16116,0.05447,34.2466,2.92,22.0408,1.4038
4263.SR,2014,800000000.0,2210396000.0,362412000.0,0.33772,0.11037,30.5181,4.5302,13.4141,1.7255
4263.SR,2015,800000000.0,2210396000.0,362412000.0,0.33772,0.11037,30.5181,4.5302,13.4141,1.7255
4263.SR,2016,800000000.0,2210396000.0,362412000.0,0.33772,0.11037,30.5181,4.5302,13.4141,1.7255
4263.SR,2017,800000000.0,2210396000.0,362412000.0,0.33772,0.11037,30.5181,4.5302,13.4141,1.7255
4263.SR,2018,800000000.0,2210396000.0,362412000.0,0.33772,0.11037,30.5181,4.5302,13.4141,1.7255
4263.SR,2019,800000000.0,2210396000.0,362412000.0,0.33772,0.11037,30.5181,4.5302,13.4141,1.7255
4263.SR,2020,800000000.0,2210396000.0,362412000.0,0.33772,0.11037,30.5181,4.5302,13.4141,1.7255
4263.SR,2021,800000000.0,2210396000.0,362412000.0,0.33772,0.11037,30.5181,4.5302,13.4141,1.7255
4263.SR,2022,800000000.0,2210396000.0,362412000.0,0.33772,0.11037,30.5181,4.5302,13.4141,1.7255
4263.SR,2023,800000000.0,2050846000.0,509716000.0,0.44184,0.1552,30.5181,6.37,15.4266,1.3641
4263.SR,2024,800000000.0,1830127000.0,661435000.0,0.50176,0.20297,30.5441,8.27,17.5289,0.9518
4270.SR,2014,600000000.0,1060305825.0,-59297476.0,-0.0924,-0.03484,-22.1818,-0.99,10.6958,1.2989
4270.SR,2015,600000000.0,1060305825.0,-59297476.0,-0.0924,-0.03484,-22.1818,-0.99,10.6958,1.2989
4270.SR,2016,600000000.0,1060305825.0,-59297476.0,-0.0924,-0.03484,-22.1818,-0.99,10.6958,1.2989
4270.SR,2017,600000000.0,1060305825.0,-59297476.0,-0.0924,-0.03484,-22.1818,-0.99,10.6958,1.2989
4270.SR,2018,600000000.0,1060305825.0,-59297476.0,-0.0924,-0.03484,-22.1818,-0.99,10.6958,1.2989
4270.SR,2019,600000000.0,1060305825.0,-59297476.0,-0.0924,-0.03484,-22.1818,-0.99,10.6958,1.2989
4270.SR,2020,600000000.0,1060305825.0,-59297476.0,-0.0924,-0.03484,-22.1818,-0.99,10.6958,1.2989
4270.SR,2021,600000000.0,1060305825.0,-59297476.0,-0.0924,-0.03484,-22.1818,-0.99,10.6958,1.2989
4270.SR,2022,600000000.0,1103521569.0,-9219476.0,-0.01441,-0.00535,-116.6667,-0.15,10.6323,1.2915
4270.SR,2023,600000000.0,1022701288.0,-132304036.0,-0.23224,-0.08103,-7.0407,-2.21,8.3574,1.5541
4270.SR,2024,600000000.0,926067643.0,-219413027.0,-0.56054,-0.16065,-3.3443,-3.66,4.6902,2.3381
4280.SR,2014,37058823000.0,18380459000.0,1017427000.0,0.03294,0.02002,37.4074,0.27,8.3352,0.5323
4280.SR,2015,37058823000.0,18380459000.0,1017427000.0,0.03294,0.02002,37.4074,0.27,8.3352,0.5323
4280.SR,2016,37058823000.0,18380459000.0,1017427000.0,0.03294,0.02002,37.4074,0.27,8.3352,0.5323
4280.SR,2017,37058823000.0,18380459000.0,1017427000.0,0.03294,0.02002,37.4074,0.27,8.3352,0.5323
4280.SR,2018,37058823000.0,18380459000.0,1017427000.0,0.03294,0.02002,37.4074,0.27,8.3352,0.5323
4280.SR,2019,37058823000.0,18380459000.0,1017427000.0,0.03294,0.02002,37.4074,0.27,8.3352,0.5323
4280.SR,2020,37058823000.0,18380459000.0,1017427000.0,0.03294,0.02002,37.4074,0.27,8.3352,0.5323
4280.SR,2021,37058823000.0,18380459000.0,1017427000.0,0.03294,0.02002,37.4074,0.27,8.3352,0.5323
4280.SR,2022,37058823000.0,20936354000.0,6957868000.0,0.22584,0.13384,4.117,1.88,8.2911,0.5976
4280.SR,2023,37058823000.0,17473917000.0,1013243000.0,0.03075,0.01889,26.4815,0.27,9.4904,0.4257
4280.SR,2024,37058823000.0,15160370000.0,1236970000.0,0.03338,0.02273,26.7879,0.33,10.5054,0.3236
4290.SR,2014,650000000.0,1388594867.0,-35847636.0,-0.05721,-0.01776,-24.7838,-0.74,9.6392,1.8586
4290.SR,2015,650000000.0,1388594867.0,-35847636.0,-0.05721,-0.01776,-24.7838,-0.74,9.6392,1.8586
4290.SR,2016,650000000.0,1388594867.0,-35847636.0,-0.05721,-0.01776,-24.7838,-0.74,9.6392,1.8586
4290.SR,2017,650000000.0,1388594867.0,-35847636.0,-0.05721,-0.01776,-24.7838,-0.74,9.6392,1.8586
4290.SR,2018,650000000.0,1388594867.0,-35847636.0,-0.05721,-0.01776,-24.7838,-0.74,9.6392,1.8586
4290.SR,2019,650000000.0,1388594867.0,-35847636.0,-0.05721,-0.01776,-24.7838,-0.74,9.6392,1.8586
4290.SR,2020,650000000.0,1388594867.0,-35847636.0,-0.05721,-0.01776,-24.7838,-0.74,9.6392,1.8586
4290.SR,2021,650000000.0,1388594867.0,-35847636.0,-0.05721,-0.01776,-24.7838,-0.74,9.6392,1.8586
4290.SR,2022,650000000.0,1475207296.0,-15311505.0,-0.02554,-0.00747,-57.3333,-0.24,8.8045,2.0963
4290.SR,2023,650000000.0,1563881547.0,-47680945.0,-0.09278,-0.02297,-35.2055,-0.73,7.0079,2.7028
4290.SR,2024,650000000.0,1580573823.0,81067928.0,0.16586,0.03842,25.48,1.25,8.0311,2.4457
4291.SR,2014,430000000.0,245621674.0,24457508.0,0.03977,0.02842,105.2632,0.57,14.3023,0.1679
4291.SR,2015,430000000.0,245621674.0,24457508.0,0.03977,0.02842,105.2632,0.57,14.3023,0.1679
4291.SR,2016,430000000.0,245621674.0,24457508.0,0.03977,0.02842,105.2632,0.57,14.3023,0.1679
4291.SR,2017,430000000.0,245621674.0,24457508.0,0.03977,0.02842,105.2632,0.57,14.3023,0.1679
4291.SR,2018,430000000.0,245621674.0,24457508.0,0.03977,0.02842,105.2632,0.57,14.3023,0.1679
4291.SR,2019,430000000.0,245621674.0,24457508.0,0.03977,0.02842,105.2632,0.57,14.3023,0.1679
4291.SR,2020,430000000.0,245621674.0,24457508.0,0.03977,0.02842,105.2632,0.57,14.3023,0.1679
4291.SR,2021,430000000.0,245621674.0,24457508.0,0.03977,0.02842,105.2632,0.57,14.3023,0.1679
4291.SR,2022,430000000.0,353135300.0,71046522.0,0.11228,0.07622,41.3939,1.65,15.129,0.2363
4291.SR,2023,430000000.0,629078421.0,101784524.0,0.15021,0.08709,49.8734,2.37,16.3889,0.4677
4291.SR,2024,430000000.0,629078421.0,101784524.0,0.15021,0.08709,49.8734,2.37,16.3889,0.4677
4292.SR,2014,400000000.0,589663203.0,35521640.0,0.0478,0.02644,65.0562,0.89,18.5799,0.7086
4292.SR,2015,400000000.0,589663203.0,35521640.0,0.0478,0.02644,65.0562,0.89,18.5799,0.7086
4292.SR,2016,400000000.0,589663203.0,35521640.0,0.0478,0.02644,65.0562,0.89,18.5799,0.7086
4292.SR,2017,400000000.0,589663203.0,35521640.0,0.0478,0.02644,65.0562,0.89,18.5799,0.7086
4292.SR,2018,400000000.0,589663203.0,35521640.0,0.0478,0.02644,65.0562,0.89,18.5799,0.7086
4292.SR,2019,400000000.0,589663203.0,35521640.0,0.0478,0.02644,65.0562,0.89,18.5799,0.7086
4292.SR,2020,400000000.0,589663203.0,35521640.0,0.0478,0.02644,65.0562,0.89,18.5799,0.7086
4292.SR,2021,400000000.0,589663203.0,35521640.0,0.0478,0.02644,65.0562,0.89,18.5799,0.7086
4292.SR,2022,420872150.0,1189029574.0,70615973.0,0.09026,0.04136,32.4405,1.68,19.5196,1.2768
4292.SR,2023,420872150.0,1236634556.0,67786016.0,0.0843,0.03263,44.5963,1.61,18.6938,1.3295
4292.SR,2024,420872150.0,1310242654.0,63370908.0,0.07981,0.02976,47.4172,1.51,19.0395,1.4371
4300.SR,2014,10800000000.0,12802050000.0,132520000.0,0.00692,0.00415,83.8333,0.12,17.7404,0.4917
4300.SR,2015,10800000000.0,12802050000.0,132520000.0,0.00692,0.00415,83.8333,0.12,17.7404,0.4917
4300.SR,2016,10800000000.0,12802050000.0,132520000.0,0.00692,0.00415,83.8333,0.12,17.7404,0.4917
4300.SR,2017,10800000000.0,12802050000.0,132520000.0,0.00692,0.00415,83.8333,0.12,17.7404,0.4917
4300.SR,2018,10800000000.0,12802050000.0,132520000.0,0.00692,0.00415,83.8333,0.12,17.7404,0.4917
4300.SR,2019,10800000000.0,12802050000.0,132520000.0,0.00692,0.00415,83.8333,0.12,17.7404,0.4917
4300.SR,2020,10800000000.0,12802050000.0,132520000.0,0.00692,0.00415,83.8333,0.12,17.7404,0.4917
4300.SR,2021,10800000000.0,12802050000.0,132520000.0,0.00692,0.00415,83.8333,0.12,17.7404,0.4917
4300.SR,2022,10800000000.0,13908725000.0,441720000.0,0.02279,0.01349,28.3415,0.41,18.152,0.5505
4300.SR,2023,10800000000.0,13363423000.0,610758000.0,0.03062,0.01819,24.9123,0.57,18.7888,0.4981
4300.SR,2024,10800000000.0,15839508000.0,806840000.0,0.03899,0.02286,20.1333,0.75,19.532,0.5424
4310.SR,2014,3393000000.0,125182593.0,-22088547.0,-0.00718,-0.00671,-248.6154,-0.065,9.0661,0.0008
4310.SR,2015,3393000000.0,125182593.0,-22088547.0,-0.00718,-0.00671,-248.6154,-0.065,9.0661,0.0008
4310.SR,2016,3393000000.0,125182593.0,-22088547.0,-0.00718,-0.00671,-248.6154,-0.065,9.0661,0.0008
4310.SR,2017,3393000000.0,125182593.0,-22088547.0,-0.00718,-0.00671,-248.6154,-0.065,9.0661,0.0008
4310.SR,2018,3393000000.0,125182593.0,-22088547.0,-0.00718,-0.00671,-248.6154,-0.065,9.0661,0.0008
4310.SR,2019,3393000000.0,125182593.0,-22088547.0,-0.00718,-0.00671,-248.6154,-0.065,9.0661,0.0008
4310.SR,2020,3393000000.0,125182593.0,-22088547.0,-0.00718,-0.00671,-248.6154,-0.065,9.0661,0.0008
4310.SR,2021,3393000000.0,125182593.0,-22088547.0,-0.00718,-0.00671,-248.6154,-0.065,9.0661,0.0008
4310.SR,2022,3393000000.0,355816965.0,-19388732.0,-0.00632,-0.0057,-188.421,-0.057,9.017,0.0726
4310.SR,2023,3393000000.0,773310519.0,-45557467.0,-0.01503,-0.01235,-104.6269,-0.134,8.852,0.1843
4310.SR,2024,3393000000.0,1656061816.0,-20956568.0,-0.00699,-0.00487,-240.3226,-0.062,8.8115,0.4829
4320.SR,2014,933333330.0,799786285.0,67975591.0,0.06394,0.03331,24.6575,0.73,11.3899,0.6479
4320.SR,2015,933333330.0,799786285.0,67975591.0,0.06394,0.03331,24.6575,0.73,11.3899,0.6479
4320.SR,2016,933333330.0,799786285.0,67975591.0,0.06394,0.03331,24.6575,0.73,11.3899,0.6479
4320.SR,2017,933333330.0,799786285.0,67975591.0,0.06394,0.03331,24.6575,0.73,11.3899,0.6479
4320.SR,2018,933333330.0,799786285.0,67975591.0,0.06394,0.03331,24.6575,0.73,11.3899,0.6479
4320.SR,2019,933333330.0,799786285.0,67975591.0,0.06394,0.03331,24.6575,0.73,11.3899,0.6479
4320.SR,2020,933333330.0,799786285.0,67975591.0,0.06394,0.03331,24.6575,0.73,11.3899,0.6479
4320.SR,2021,933333330.0,799786285.0,67975591.0,0.06394,0.03331,24.6575,0.73,11.3899,0.6479
4320.SR,2022,933333330.0,804542480.0,66773852.0,0.06225,0.03261,21.5278,0.72,11.5977,0.6552
4320.SR,2023,933333330.0,1030936390.0,36416938.0,0.03381,0.01688,51.1795,0.39,11.4847,0.8576
4320.SR,2024,933333330.0,1101276981.0,-31600315.0,-0.03026,-0.01398,-70.9412,-0.34,10.8924,0.9695
4321.SR,2014,4750000000.0,11602359786.0,486659016.0,0.03613,0.01936,22.1373,1.02,28.3604,0.8048
4321.SR,2015,4750000000.0,11602359786.0,486659016.0,0.03613,0.01936,22.1373,1.02,28.3604,0.8048
4321.SR,2016,4750000000.0,11602359786.0,486659016.0,0.03613,0.01936,22.1373,1.02,28.3604,0.8048
4321.SR,2017,4750000000.0,11602359786.0,486659016.0,0.03613,0.01936,22.1373,1.02,28.3604,0.8048
4321.SR,2018,4750000000.0,11602359786.0,486659016.0,0.03613,0.01936,22.1373,1.02,28.3604,0.8048
4321.SR,2019,4750000000.0,11602359786.0,486659016.0,0.03613,0.01936,22.1373,1.02,28.3604,0.8048
4321.SR,2020,4750000000.0,11602359786.0,486659016.0,0.03613,0.01936,22.1373,1.02,28.3604,0.8048
4321.SR,2021,4750000000.0,11602359786.0,486659016.0,0.03613,0.01936,22.1373,1.02,28.3604,0.8048
4321.SR,2022,4750000000.0,12500581523.0,775431515.0,0.05741,0.03027,11.7178,1.63,28.5073,0.8563
4321.SR,2023,4750000000.0,13439259317.0,1514995569.0,0.10894,0.05628,6.5141,3.19,30.0521,0.8517
4321.SR,2024,4750000000.0,16624509056.0,1216906944.0,0.08376,0.04111,8.4766,2.56,31.1307,1.035
4322.SR,2014,400000000.0,1275194269.0,193719486.0,0.34051,0.10506,20.1796,0.3896,1.1378,1.238
4322.SR,2015,400000000.0,1275194269.0,193719486.0,0.34051,0.10506,20.1796,0.3896,1.1378,1.238
4322.SR,2016,400000000.0,1275194269.0,193719486.0,0.34051,0.10506,20.1796,0.3896,1.1378,1.238
4322.SR,2017,400000000.0,1275194269.0,193719486.0,0.34051,0.10506,20.1796,0.3896,1.1378,1.238
4322.SR,2018,400000000.0,1275194269.0,193719486.0,0.34051,0.10506,20.1796,0.3896,1.1378,1.238
4322.SR,2019,400000000.0,1275194269.0,193719486.0,0.34051,0.10506,20.1796,0.3896,1.1378,1.238
4322.SR,2020,400000000.0,1275194269.0,193719486.0,0.34051,0.10506,20.1796,0.3896,1.1378,1.238
4322.SR,2021,400000000.0,1275194269.0,193719486.0,0.34051,0.10506,20.1796,0.3896,1.1378,1.238
4322.SR,2022,400000000.0,1686723727.0,245743632.0,0.37711,0.11523,20.1796,0.49,1.4688,1.1152
4322.SR,2023,500000000.0,2882264018.0,202350000.0,0.27401,0.06686,21.3,0.4,1.485,2.0048
4322.SR,2024,500000000.0,3357626238.0,266125914.0,0.33762,0.06796,30.5283,0.53,1.6705,2.1247
4323.SR,2014,375000000.0,165783580.0,81209527.0,0.17865,0.13098,38.5185,1.62,13.6371,0.0479
4323.SR,2015,375000000.0,165783580.0,81209527.0,0.17865,0.13098,38.5185,1.62,13.6371,0.0479
4323.SR,2016,375000000.0,165783580.0,81209527.0,0.17865,0.13098,38.5185,1.62,13.6371,0.0479
4323.SR,2017,375000000.0,165783580.0,81209527.0,0.17865,0.13098,38.5185,1.62,13.6371,0.0479
4323.SR,2018,375000000.0,165783580.0,81209527.0,0.17865,0.13098,38.5185,1.62,13.6371,0.0479
4323.SR,2019,375000000.0,165783580.0,81209527.0,0.17865,0.13098,38.5185,1.62,13.6371,0.0479
4323.SR,2020,375000000.0,165783580.0,81209527.0,0.17865,0.13098,38.5185,1.62,13.6371,0.0479
4323.SR,2021,375000000.0,165783580.0,81209527.0,0.17865,0.13098,38.5185,1.62,13.6371,0.0479
4323.SR,2022,375000000.0,184671130.0,87635484.0,0.17726,0.13097,28.3262,1.7475,10.6837,0.0398
4323.SR,2023,375000000.0,314337231.0,103007847.0,0.19238,0.13136,20.7039,2.06,10.7343,0.0376
4323.SR,2024,500000000.0,592419013.0,106603556.0,0.18217,0.10275,22.045,2.132,12.6738,0.0329
4324.SR,2014,200000000.0,169281440.0,24328455.0,0.07187,0.03692,39.3889,0.122,1.6926,0.4506
4324.SR,2015,200000000.0,169281440.0,24328455.0,0.07187,0.03692,39.3889,0.122,1.6926,0.4506
4324.SR,2016,200000000.0,169281440.0,24328455.0,0.07187,0.03692,39.3889,0.122,1.6926,0.4506
4324.SR,2017,200000000.0,169281440.0,24328455.0,0.07187,0.03692,39.3889,0.122,1.6926,0.4506
4324.SR,2018,200000000.0,169281440.0,24328455.0,0.07187,0.03692,39.3889,0.122,1.6926,0.4506
4324.SR,2019,200000000.0,169281440.0,24328455.0,0.07187,0.03692,39.3889,0.122,1.6926,0.4506
4324.SR,2020,200000000.0,169281440.0,24328455.0,0.07187,0.03692,39.3889,0.122,1.6926,0.4506
4324.SR,2021,200000000.0,169281440.0,24328455.0,0.07187,0.03692,39.3889,0.122,1.6926,0.4506
4324.SR,2022,200000000.0,108076099.0,28215495.0,0.08147,0.04415,39.3889,0.14,1.7705,0.2705
4324.SR,2023,200000000.0,116022181.0,28765944.0,0.07848,0.04494,39.3889,0.14,1.895,0.2222
4324.SR,2024,200000000.0,71187904.0,35632018.0,0.09207,0.05483,39.3889,0.18,1.9752,0.0879
4330.SR,2014,1716971010.0,1473966816.0,96550165.0,0.0604,0.03142,17.52,0.56,9.31,0.8553
4330.SR,2015,1716971010.0,1473966816.0,96550165.0,0.0604,0.03142,17.52,0.56,9.31,0.8553
4330.SR,2016,1716971010.0,1473966816.0,96550165.0,0.0604,0.03142,17.52,0.56,9.31,0.8553
4330.SR,2017,1716971010.0,1473966816.0,96550165.0,0.0604,0.03142,17.52,0.56,9.31,0.8553
4330.SR,2018,1716971010.0,1473966816.0,96550165.0,0.0604,0.03142,17.52,0.56,9.31,0.8553
4330.SR,2019,1716971010.0,1473966816.0,96550165.0,0.0604,0.03142,17.52,0.56,9.31,0.8553
4330.SR,2020,1716971010.0,1473966816.0,96550165.0,0.0604,0.03142,17.52,0.56,9.31,0.8553
4330.SR,2021,1716971010.0,1473966816.0,96550165.0,0.0604,0.03142,17.52,0.56,9.31,0.8553
4330.SR,2022,1716971010.0,1543515199.0,88927084.0,0.05682,0.02893,19.08,0.52,8.92,0.9398
4330.SR,2023,1716971010.0,1573767110.0,21653191.0,0.01444,0.00708,70.25,0.13,8.54,0.9779
4330.SR,2024,1716971010.0,1544524603.0,-187275085.0,-0.13896,-0.06442,70.25,-1.09,7.15,1.1346
4331.SR,2014,118000000.0,2689661.0,4291407.0,0.052,0.05035,62.6377,0.3637,6.9944,0.0227937372881355
4331.SR,2015,118000000.0,2689661.0,4291407.0,0.052,0.05035,62.6377,0.3637,6.9944,0.0227937372881355
4331.SR,2016,118000000.0,2689661.0,4291407.0,0.052,0.05035,62.6377,0.3637,6.9944,0.0227937372881355
4331.SR,2017,118000000.0,2689661.0,4291407.0,0.052,0.05035,62.6377,0.3637,6.9944,0.0227937372881355
4331.SR,2018,118000000.0,2689661.0,4291407.0,0.052,0.05035,62.6377,0.3637,6.9944,0.0227937372881355
4331.SR,2019,118000000.0,2689661.0,4291407.0,0.052,0.05035,62.6377,0.3637,6.9944,0.0227937372881355
4331.SR,2020,118000000.0,2689661.0,4291407.0,0.052,0.05035,62.6377,0.3637,6.9944,0.0227937372881355
4331.SR,2021,118000000.0,2689661.0,4291407.0,0.052,0.05035,62.6377,0.3637,6.9944,0.0227937372881355
4331.SR,2022,118000000.0,2352308.0,5695096.0,0.06808,0.06609,36.9638,0.4826,7.1847,0.019934813559322
4331.SR,2023,118000000.0,2577475.0,7249609.0,0.08391,0.08159,27.4426,0.6144,7.4585,0.0218430084745762
4331.SR,2024,118000000.0,2697719.0,3023955.0,0.03469,0.03367,58.68,0.26,7.31,0.0228620254237288
4333.SR,2014,510000000.0,100323557.0,39458241.0,0.07218,0.06099,15.8976,0.7737,10.72,0.1771
4333.SR,2015,510000000.0,100323557.0,39458241.0,0.07218,0.06099,15.8976,0.7737,10.72,0.1771
4333.SR,2016,510000000.0,100323557.0,39458241.0,0.07218,0.06099,15.8976,0.7737,10.72,0.1771
4333.SR,2017,510000000.0,100323557.0,39458241.0,0.07218,0.06099,15.8976,0.7737,10.72,0.1771
4333.SR,2018,510000000.0,100323557.0,39458241.0,0.07218,0.06099,15.8976,0.7737,10.72,0.1771
4333.SR,2019,510000000.0,100323557.0,39458241.0,0.07218,0.06099,15.8976,0.7737,10.72,0.1771
4333.SR,2020,510000000.0,100323557.0,39458241.0,0.07218,0.06099,15.8976,0.7737,10.72,0.1771
4333.SR,2021,510000000.0,100323557.0,39458241.0,0.07218,0.06099,15.8976,0.7737,10.72,0.1771
4333.SR,2022,510000000.0,307888335.0,33158623.0,0.06069,0.04418,18.1511,0.6501,10.71,0.5543
4333.SR,2023,510000000.0,308825156.0,36298505.0,0.06624,0.04239,15.9056,0.7117,10.7806,0.5501
4333.SR,2024,510000000.0,308076227.0,32517272.0,0.05915,0.03789,16.06,0.7117,10.78,0.5526
4334.SR,2014,613700000.0,126180323.0,8380249.0,0.0157,0.0127,65.6155,0.1366,8.6989,0.1879
4334.SR,2015,613700000.0,126180323.0,8380249.0,0.0157,0.0127,65.6155,0.1366,8.6989,0.1879
4334.SR,2016,613700000.0,126180323.0,8380249.0,0.0157,0.0127,65.6155,0.1366,8.6989,0.1879
4334.SR,2017,613700000.0,126180323.0,8380249.0,0.0157,0.0127,65.6155,0.1366,8.6989,0.1879
4334.SR,2018,613700000.0,126180323.0,8380249.0,0.0157,0.0127,65.6155,0.1366,8.6989,0.1879
4334.SR,2019,613700000.0,126180323.0,8380249.0,0.0157,0.0127,65.6155,0.1366,8.6989,0.1879
4334.SR,2020,613700000.0,126180323.0,8380249.0,0.0157,0.0127,65.6155,0.1366,8.6989,0.1879
4334.SR,2021,613700000.0,126180323.0,8380249.0,0.0157,0.0127,65.6155,0.1366,8.6989,0.1879
4334.SR,2022,613700000.0,226938259.0,28210372.0,0.05461,0.0407,18.1867,0.4597,8.1349,0.402
4334.SR,2023,613700000.0,235270358.0,44519775.0,0.08791,0.06036,12.8613,0.7254,8.3699,0.3894
4334.SR,2024,613700000.0,223817207.0,41136866.0,0.08004,0.05533,14.14,0.67,8.38,0.3876
4335.SR,2014,880000000.0,583001436.0,29868881.0,0.03478,0.02072,29.1765,0.34,9.7587,0.6375
4335.SR,2015,880000000.0,583001436.0,29868881.0,0.03478,0.02072,29.1765,0.34,9.7587,0.6375
4335.SR,2016,880000000.0,583001436.0,29868881.0,0.03478,0.02072,29.1765,0.34,9.7587,0.6375
4335.SR,2017,880000000.0,583001436.0,29868881.0,0.03478,0.02072,29.1765,0.34,9.7587,0.6375
4335.SR,2018,880000000.0,583001436.0,29868881.0,0.03478,0.02072,29.1765,0.34,9.7587,0.6375
4335.SR,2019,880000000.0,583001436.0,29868881.0,0.03478,0.02072,29.1765,0.34,9.7587,0.6375
4335.SR,2020,880000000.0,583001436.0,29868881.0,0.03478,0.02072,29.1765,0.34,9.7587,0.6375
4335.SR,2021,880000000.0,583001436.0,29868881.0,0.03478,0.02072,29.1765,0.34,9.7587,0.6375
4335.SR,2022,880000000.0,840289978.0,10900439.0,0.01301,0.00703,73.75,0.12,9.2826,0.9755
4335.SR,2023,880000000.0,849188863.0,-8349470.0,-0.01043,-0.00507,-64.3333,-0.09,8.9177,1.0122
4335.SR,2024,880000000.0,842906784.0,-22289468.0,-0.02914,-0.01384,-64.3333,-0.25,8.46,1.0606
4336.SR,2014,681086520.0,370848985.0,30528929.0,0.04779,0.03024,21.9749,0.4482,9.3799,0.5354
4336.SR,2015,681086520.0,370848985.0,30528929.0,0.04779,0.03024,21.9749,0.4482,9.3799,0.5354
4336.SR,2016,681086520.0,370848985.0,30528929.0,0.04779,0.03024,21.9749,0.4482,9.3799,0.5354
4336.SR,2017,681086520.0,370848985.0,30528929.0,0.04779,0.03024,21.9749,0.4482,9.3799,0.5354
4336.SR,2018,681086520.0,370848985.0,30528929.0,0.04779,0.03024,21.9749,0.4482,9.3799,0.5354
4336.SR,2019,681086520.0,370848985.0,30528929.0,0.04779,0.03024,21.9749,0.4482,9.3799,0.5354
4336.SR,2020,681086520.0,370848985.0,30528929.0,0.04779,0.03024,21.9749,0.4482,9.3799,0.5354
4336.SR,2021,681086520.0,370848985.0,30528929.0,0.04779,0.03024,21.9749,0.4482,9.3799,0.5354
4336.SR,2022,681086520.0,745203344.0,-106042.0,-0.00017,-0.00009,-373.0,-0.0016,8.8128,0.9796
4336.SR,2023,1037659950.0,519736958.0,-11806606.0,-0.01697,-0.00889,-53.1723,-0.1138,7.6214,0.6031
4336.SR,2024,1037659950.0,752607452.0,15138500.0,0.01938,0.01068,37.29,0.15,7.43,0.9049
4337.SR,2014,572400000.0,152002501.0,982467.0,0.00196,0.0015,-3.8371,0.02,8.77,0.2985
4337.SR,2015,572400000.0,152002501.0,982467.0,0.00196,0.0015,-3.8371,0.02,8.77,0.2985
4337.SR,2016,572400000.0,152002501.0,982467.0,0.00196,0.0015,-3.8371,0.02,8.77,0.2985
4337.SR,2017,572400000.0,152002501.0,982467.0,0.00196,0.0015,-3.8371,0.02,8.77,0.2985
4337.SR,2018,572400000.0,152002501.0,982467.0,0.00196,0.0015,-3.8371,0.02,8.77,0.2985
4337.SR,2019,572400000.0,152002501.0,982467.0,0.00196,0.0015,-3.8371,0.02,8.77,0.2985
4337.SR,2020,572400000.0,152002501.0,982467.0,0.00196,0.0015,-3.8371,0.02,8.77,0.2985
4337.SR,2021,572400000.0,152002501.0,982467.0,0.00196,0.0015,-3.8371,0.02,8.77,0.2985
4337.SR,2022,572400000.0,166936184.0,-83388207.0,-0.1828,-0.13545,-3.8371,-1.46,7.17,0.3654
4337.SR,2023,572400000.0,169569496.0,-52231895.0,-0.13599,-0.09457,-4.9863,-0.91,6.25,0.4187
4337.SR,2024,572400000.0,169347681.0,-114922138.0,-0.38244,-0.24454,-4.9863,-2.01,4.25,0.6167
4338.SR,2014,1375000000.0,633674000.0,75420000.0,0.05788,0.03894,20.7836,0.5485,9.4769,0.4288
4338.SR,2015,1375000000.0,633674000.0,75420000.0,0.05788,0.03894,20.7836,0.5485,9.4769,0.4288
4338.SR,2016,1375000000.0,633674000.0,75420000.0,0.05788,0.03894,20.7836,0.5485,9.4769,0.4288
4338.SR,2017,1375000000.0,633674000.0,75420000.0,0.05788,0.03894,20.7836,0.5485,9.4769,0.4288
4338.SR,2018,1375000000.0,633674000.0,75420000.0,0.05788,0.03894,20.7836,0.5485,9.4769,0.4288
4338.SR,2019,1375000000.0,633674000.0,75420000.0,0.05788,0.03894,20.7836,0.5485,9.4769,0.4288
4338.SR,2020,1375000000.0,633674000.0,75420000.0,0.05788,0.03894,20.7836,0.5485,9.4769,0.4288
4338.SR,2021,1375000000.0,633674000.0,75420000.0,0.05788,0.03894,20.7836,0.5485,9.4769,0.4288
4338.SR,2022,1375000000.0,663744000.0,66117000.0,0.05133,0.03414,21.0417,0.48,9.2578,0.4629
4338.SR,2023,1375000000.0,747446000.0,40556000.0,0.0323,0.02068,31.2069,0.29,9.0027,0.5332
4338.SR,2024,1375000000.0,790681000.0,26678000.0,0.02192,0.01343,36.49,0.19,8.7,0.5973
4339.SR,2014,1075070350.0,784616334.0,45559753.0,0.05006,0.02688,29.9681,0.4238,8.4656,0.8219
4339.SR,2015,1075070350.0,784616334.0,45559753.0,0.05006,0.02688,29.9681,0.4238,8.4656,0.8219
4339.SR,2016,1075070350.0,784616334.0,45559753.0,0.05006,0.02688,29.9681,0.4238,8.4656,0.8219
4339.SR,2017,1075070350.0,784616334.0,45559753.0,0.05006,0.02688,29.9681,0.4238,8.4656,0.8219
4339.SR,2018,1075070350.0,784616334.0,45559753.0,0.05006,0.02688,29.9681,0.4238,8.4656,0.8219
4339.SR,2019,1075070350.0,784616334.0,45559753.0,0.05006,0.02688,29.9681,0.4238,8.4656,0.8219
4339.SR,2020,1075070350.0,784616334.0,45559753.0,0.05006,0.02688,29.9681,0.4238,8.4656,0.8219
4339.SR,2021,1075070350.0,784616334.0,45559753.0,0.05006,0.02688,29.9681,0.4238,8.4656,0.8219
4339.SR,2022,1075070350.0,776394568.0,47184270.0,0.05266,0.02814,23.0579,0.4389,8.2045,0.848
4339.SR,2023,1075070350.0,628995780.0,40270844.0,0.04559,0.02539,22.0242,0.3746,8.2271,0.6874
4339.SR,2024,1075070350.0,657084238.0,14835952.0,0.01692,0.00976,42.83,0.14,8.09,0.6933
4342.SR,2014,1865097850.0,611494577.0,27847573.0,0.0162,0.01131,84.9929,0.1762,9.92,0.32
4342.SR,2015,1865097850.0,611494577.0,27847573.0,0.0162,0.01131,84.9929,0.1762,9.92,0.32
4342.SR,2016,1865097850.0,611494577.0,27847573.0,0.0162,0.01131,84.9929,0.1762,9.92,0.32
4342.SR,2017,1865097850.0,611494577.0,27847573.0,0.0162,0.01131,84.9929,0.1762,9.92,0.32
4342.SR,2018,1865097850.0,611494577.0,27847573.0,0.0162,0.01131,84.9929,0.1762,9.92,0.32
4342.SR,2019,1865097850.0,611494577.0,27847573.0,0.0162,0.01131,84.9929,0.1762,9.92,0.32
4342.SR,2020,1865097850.0,611494577.0,27847573.0,0.0162,0.01131,84.9929,0.1762,9.92,0.32
4342.SR,2021,1865097850.0,611494577.0,27847573.0,0.0162,0.01131,84.9929,0.1762,9.92,0.32
4342.SR,2022,1865097850.0,514193908.0,77641492.0,0.0428,0.03265,30.9883,0.4163,9.54,0.25
4342.SR,2023,1865097850.0,239677077.0,200274317.0,0.1094,0.09179,12.479,1.0738,9.8148,0.1104
4342.SR,2024,1865097850.0,571663177.0,55774988.0,0.0313,0.02547,33.71,0.3,9.3139,0.3123
4344.SR,2014,1175000000.0,689831317.0,-35437775.0,-0.03408,-0.02049,-39.7881,-0.3016,8.8486,0.596
4344.SR,2015,1175000000.0,689831317.0,-35437775.0,-0.03408,-0.02049,-39.7881,-0.3016,8.8486,0.596
4344.SR,2016,1175000000.0,689831317.0,-35437775.0,-0.03408,-0.02049,-39.7881,-0.3016,8.8486,0.596
4344.SR,2017,1175000000.0,689831317.0,-35437775.0,-0.03408,-0.02049,-39.7881,-0.3016,8.8486,0.596
4344.SR,2018,1175000000.0,689831317.0,-35437775.0,-0.03408,-0.02049,-39.7881,-0.3016,8.8486,0.596
4344.SR,2019,1175000000.0,689831317.0,-35437775.0,-0.03408,-0.02049,-39.7881,-0.3016,8.8486,0.596
4344.SR,2020,1175000000.0,689831317.0,-35437775.0,-0.03408,-0.02049,-39.7881,-0.3016,8.8486,0.596
4344.SR,2021,1175000000.0,689831317.0,-35437775.0,-0.03408,-0.02049,-39.7881,-0.3016,8.8486,0.596
4344.SR,2022,1175000000.0,847036429.0,41110344.0,0.04036,0.02301,29.4962,0.3499,8.4885,0.7963
4344.SR,2023,1869444440.0,851156175.0,33561234.0,0.02652,0.01587,50.8007,0.1795,8.2015,0.5172
4344.SR,2024,1869444440.0,1023876153.0,14409840.0,0.00965,0.00593,108.82,0.08,7.78,0.664
4345.SR,2014,1180000000.0,13811568.0,-14857817.0,-0.0159,-0.0157,-56.7848,-0.13,7.9056,0.0082
4345.SR,2015,1180000000.0,13811568.0,-14857817.0,-0.0159,-0.0157,-56.7848,-0.13,7.9056,0.0082
4345.SR,2016,1180000000.0,13811568.0,-14857817.0,-0.0159,-0.0157,-56.7848,-0.13,7.9056,0.0082
4345.SR,2017,1180000000.0,13811568.0,-14857817.0,-0.0159,-0.0157,-56.7848,-0.13,7.9056,0.0082
4345.SR,2018,1180000000.0,13811568.0,-14857817.0,-0.0159,-0.0157,-56.7848,-0.13,7.9056,0.0082
4345.SR,2019,1180000000.0,13811568.0,-14857817.0,-0.0159,-0.0157,-56.7848,-0.13,7.9056,0.0082
4345.SR,2020,1180000000.0,13811568.0,-14857817.0,-0.0159,-0.0157,-56.7848,-0.13,7.9056,0.0082
4345.SR,2021,1180000000.0,13811568.0,-14857817.0,-0.0159,-0.0157,-56.7848,-0.13,7.9056,0.0082
4345.SR,2022,1180000000.0,17281497.0,-3603344.0,-0.0039,-0.0039,-160.4611,-0.03,7.6751,0.0081
4345.SR,2023,1180000000.0,79027727.0,-10220410.0,-0.0115,-0.011,-54.1483,-0.09,7.3335,0.0717
4345.SR,2024,1180000000.0,319008287.0,8129877.0,0.0096,0.0078,68.65,0.07,7.08,0.3158
4347.SR,2014,1628811000.0,499925727.0,65401922.0,0.04702,0.03459,24.3088,0.4015,8.5391,0.2746
4347.SR,2015,1628811000.0,499925727.0,65401922.0,0.04702,0.03459,24.3088,0.4015,8.5391,0.2746
4347.SR,2016,1628811000.0,499925727.0,65401922.0,0.04702,0.03459,24.3088,0.4015,8.5391,0.2746
4347.SR,2017,1628811000.0,499925727.0,65401922.0,0.04702,0.03459,24.3088,0.4015,8.5391,0.2746
4347.SR,2018,1628811000.0,499925727.0,65401922.0,0.04702,0.03459,24.3088,0.4015,8.5391,0.2746
4347.SR,2019,1628811000.0,499925727.0,65401922.0,0.04702,0.03459,24.3088,0.4015,8.5391,0.2746
4347.SR,2020,1628811000.0,499925727.0,65401922.0,0.04702,0.03459,24.3088,0.4015,8.5391,0.2746
4347.SR,2021,1628811000.0,499925727.0,65401922.0,0.04702,0.03459,24.3088,0.4015,8.5391,0.2746
4347.SR,2022,1628811000.0,527317564.0,97579682.0,0.07041,0.05137,15.2922,0.599,8.4782,0.2795
4347.SR,2023,1628811000.0,361021028.0,110901375.0,0.08021,0.06071,14.45,0.68,8.4991,0.1737
4347.SR,2024,1628811000.0,779317144.0,88436872.0,0.06436,0.04549,18.1,0.54,8.37,0.4681
4348.SR,2014,1410088480.0,836813133.0,-33831010.0,-0.03084,-0.0175,-26.3888,-0.33,7.78,0.6873
4348.SR,2015,1410088480.0,836813133.0,-33831010.0,-0.03084,-0.0175,-26.3888,-0.33,7.78,0.6873
4348.SR,2016,1410088480.0,836813133.0,-33831010.0,-0.03084,-0.0175,-26.3888,-0.33,7.78,0.6873
4348.SR,2017,1410088480.0,836813133.0,-33831010.0,-0.03084,-0.0175,-26.3888,-0.33,7.78,0.6873
4348.SR,2018,1410088480.0,836813133.0,-33831010.0,-0.03084,-0.0175,-26.3888,-0.33,7.78,0.6873
4348.SR,2019,1410088480.0,836813133.0,-33831010.0,-0.03084,-0.0175,-26.3888,-0.33,7.78,0.6873
4348.SR,2020,1410088480.0,836813133.0,-33831010.0,-0.03084,-0.0175,-26.3888,-0.33,7.78,0.6873
4348.SR,2021,1410088480.0,836813133.0,-33831010.0,-0.03084,-0.0175,-26.3888,-0.33,7.78,0.6873
4348.SR,2022,1410088480.0,813568960.0,43376044.0,0.04004,0.02273,24.7064,0.31,7.59,0.7041
4348.SR,2023,1410088480.0,814971112.0,35135066.0,0.03322,0.01877,24.7222,0.25,7.42,0.7195
4348.SR,2024,1410088480.0,813791403.0,59338554.0,0.05675,0.0319,13.55,0.42,7.42,0.7186
5110.SR,2014,41665938000.0,223259000000.0,14390871000.0,0.05719,0.0303,14.8025,1.62,52.7818,0.433
5110.SR,2015,41665938000.0,223259000000.0,14390871000.0,0.05719,0.0303,14.8025,1.62,52.7818,0.433
5110.SR,2016,41665938000.0,223259000000.0,14390871000.0,0.05719,0.0303,14.8025,1.62,52.7818,0.433
5110.SR,2017,41665938000.0,223259000000.0,14390871000.0,0.05719,0.0303,14.8025,1.62,52.7818,0.433
5110.SR,2018,41665938000.0,223259000000.0,14390871000.0,0.05719,0.0303,14.8025,1.62,52.7818,0.433
5110.SR,2019,41665938000.0,223259000000.0,14390871000.0,0.05719,0.0303,14.8025,1.62,52.7818,0.433
5110.SR,2020,41665938000.0,223259000000.0,14390871000.0,0.05719,0.0303,14.8025,1.62,52.7818,0.433
5110.SR,2021,41665938000.0,223259000000.0,14390871000.0,0.05719,0.0303,14.8025,1.62,52.7818,0.433
5110.SR,2022,41665938000.0,222431000000.0,15135224000.0,0.05951,0.03172,12.905,1.79,52.7818,0.3888
5110.SR,2023,41665938000.0,244471000000.0,10249299000.0,0.03993,0.02091,30.6129,0.62,52.7818,0.4304
5110.SR,2024,41665938000.0,295643000000.0,6866943000.0,0.02705,0.01311,-36.7391,-0.46,52.7818,0.5761
6001.SR,2014,353571450.0,438970862.0,84254428.0,0.14783,0.08351,38.1933,2.38,16.1193,0.3995
6001.SR,2015,353571450.0,438970862.0,84254428.0,0.14783,0.08351,38.1933,2.38,16.1193,0.3995
6001.SR,2016,353571450.0,438970862.0,84254428.0,0.14783,0.08351,38.1933,2.38,16.1193,0.3995
6001.SR,2017,353571450.0,438970862.0,84254428.0,0.14783,0.08351,38.1933,2.38,16.1193,0.3995
6001.SR,2018,353571450.0,438970862.0,84254428.0,0.14783,0.08351,38.1933,2.38,16.1193,0.3995
6001.SR,2019,353571450.0,438970862.0,84254428.0,0.14783,0.08351,38.1933,2.38,16.1193,0.3995
6001.SR,2020,353571450.0,438970862.0,84254428.0,0.14783,0.08351,38.1933,2.38,16.1193,0.3995
6001.SR,2021,353571450.0,438970862.0,84254428.0,0.14783,0.08351,38.1933,2.38,16.1193,0.3995
6001.SR,2022,353571450.0,576295958.0,2917385.0,0.00581,0.00289,458.2353,0.08,12.2655,0.8935
6001.SR,2023,353571450.0,644793133.0,-98011332.0,-0.26471,-0.09993,-18.4116,-2.77,8.6782,1.242
6001.SR,2024,353571450.0,490581147.0,44667304.0,0.14978,0.05158,42.1429,1.26,8.1906,0.907
6002.SR,2014,646800000.0,956561199.0,151791474.0,0.14545,0.07589,26.5532,2.35,16.1348,0.6222
6002.SR,2015,646800000.0,956561199.0,151791474.0,0.14545,0.07589,26.5532,2.35,16.1348,0.6222
6002.SR,2016,646800000.0,956561199.0,151791474.0,0.14545,0.07589,26.5532,2.35,16.1348,0.6222
6002.SR,2017,646800000.0,956561199.0,151791474.0,0.14545,0.07589,26.5532,2.35,16.1348,0.6222
6002.SR,2018,646800000.0,956561199.0,151791474.0,0.14545,0.07589,26.5532,2.35,16.1348,0.6222
6002.SR,2019,646800000.0,956561199.0,151791474.0,0.14545,0.07589,26.5532,2.35,16.1348,0.6222
6002.SR,2020,646800000.0,956561199.0,151791474.0,0.14545,0.07589,26.5532,2.35,16.1348,0.6222
6002.SR,2021,646800000.0,956561199.0,151791474.0,0.14545,0.07589,26.5532,2.35,16.1348,0.6222
6002.SR,2022,646800000.0,937947095.0,3546104.0,0.00338,0.00178,458.2353,0.05,16.3351,0.5681
6002.SR,2023,646800000.0,873194410.0,8386476.0,0.00803,0.0043,249.2308,0.13,15.9783,0.5591
6002.SR,2024,646800000.0,792629577.0,-116524061.0,-0.119,-0.0643,-13.9444,-1.8,14.301,0.5645
6004.SR,2014,820000000.0,1058112338.0,14055459.0,0.01611,0.00728,458.2353,0.17,10.6405,0.5438
6004.SR,2015,820000000.0,1058112338.0,14055459.0,0.01611,0.00728,458.2353,0.17,10.6405,0.5438
6004.SR,2016,820000000.0,1058112338.0,14055459.0,0.01611,0.00728,458.2353,0.17,10.6405,0.5438
6004.SR,2017,820000000.0,1058112338.0,14055459.0,0.01611,0.00728,458.2353,0.17,10.6405,0.5438
6004.SR,2018,820000000.0,1058112338.0,14055459.0,0.01611,0.00728,458.2353,0.17,10.6405,0.5438
6004.SR,2019,820000000.0,1058112338.0,14055459.0,0.01611,0.00728,458.2353,0.17,10.6405,0.5438
6004.SR,2020,820000000.0,1058112338.0,14055459.0,0.01611,0.00728,458.2353,0.17,10.6405,0.5438
6004.SR,2021,820000000.0,1058112338.0,14055459.0,0.01611,0.00728,458.2353,0.17,10.6405,0.5438
6004.SR,2022,820000000.0,911268650.0,257103138.0,0.25808,0.12979,23.8854,3.14,13.6576,0.2745
6004.SR,2023,820000000.0,908823567.0,282657704.0,0.23496,0.13377,37.3913,3.45,15.6838,0.1903
6004.SR,2024,820000000.0,1236022691.0,352770108.0,0.2577,0.1445,37.3913,3.45,17.7051,0.2611
6010.SR,2014,1016400000.0,2693917461.0,-285028123.0,-0.23836,-0.07328,-10.8007,-1.3435,5.6252,1.4274
6010.SR,2015,1016400000.0,2693917461.0,-285028123.0,-0.23836,-0.07328,-10.8007,-1.3435,5.6252,1.4274
6010.SR,2016,1016400000.0,2693917461.0,-285028123.0,-0.23836,-0.07328,-10.8007,-1.3435,5.6252,1.4274
6010.SR,2017,1016400000.0,2693917461.0,-285028123.0,-0.23836,-0.07328,-10.8007,-1.3435,5.6252,1.4274
6010.SR,2018,1016400000.0,2693917461.0,-285028123.0,-0.23836,-0.07328,-10.8007,-1.3435,5.6252,1.4274
6010.SR,2019,1016400000.0,2693917461.0,-285028123.0,-0.23836,-0.07328,-10.8007,-1.3435,5.6252,1.4274
6010.SR,2020,1016400000.0,2693917461.0,-285028123.0,-0.23836,-0.07328,-10.8007,-1.3435,5.6252,1.4274
6010.SR,2021,1016400000.0,2693917461.0,-285028123.0,-0.23836,-0.07328,-10.8007,-1.3435,5.6252,1.4274
6010.SR,2022,1016400000.0,2527996929.0,95491687.0,0.07667,0.02476,33.4754,0.2917,6.0925,1.2206
6010.SR,2023,3016400000.0,1459613481.0,302064771.0,0.12359,0.06807,15.7345,1.77,11.911,0.1194
6010.SR,2024,3016400000.0,1406999872.0,774631968.0,0.19636,0.14403,9.6031,2.57,14.2452,0.0575
6012.SR,2014,337500000.0,116919297.0,-42207449.0,-0.203,-0.12993,-12.6251,-3.4042,13.1075,0.3545
6012.SR,2015,337500000.0,116919297.0,-42207449.0,-0.203,-0.12993,-12.6251,-3.4042,13.1075,0.3545
6012.SR,2016,337500000.0,116919297.0,-42207449.0,-0.203,-0.12993,-12.6251,-3.4042,13.1075,0.3545
6012.SR,2017,337500000.0,116919297.0,-42207449.0,-0.203,-0.12993,-12.6251,-3.4042,13.1075,0.3545
6012.SR,2018,337500000.0,116919297.0,-42207449.0,-0.203,-0.12993,-12.6251,-3.4042,13.1075,0.3545
6012.SR,2019,337500000.0,116919297.0,-42207449.0,-0.203,-0.12993,-12.6251,-3.4042,13.1075,0.3545
6012.SR,2020,337500000.0,116919297.0,-42207449.0,-0.203,-0.12993,-12.6251,-3.4042,13.1075,0.3545
6012.SR,2021,337500000.0,116919297.0,-42207449.0,-0.203,-0.12993,-12.6251,-3.4042,13.1075,0.3545
6012.SR,2022,158084670.0,95964506.0,-24621384.0,-0.12533,-0.08129,-11.8236,-1.766,11.702,0.3518
6012.SR,2023,158084670.0,112204253.0,-30889166.0,-0.18221,-0.11289,-13.8462,-1.95,9.7453,0.4707
6012.SR,2024,158084670.0,115459673.0,-73105420.0,-0.62208,-0.31599,-4.7186,-4.62,5.1225,0.763
6013.SR,2014,30000000.0,65928949.0,2348659.0,0.07213,0.02373,362.0513,0.78,10.8546,1.6275
6013.SR,2015,30000000.0,65928949.0,2348659.0,0.07213,0.02373,362.0513,0.78,10.8546,1.6275
6013.SR,2016,30000000.0,65928949.0,2348659.0,0.07213,0.02373,362.0513,0.78,10.8546,1.6275
6013.SR,2017,30000000.0,65928949.0,2348659.0,0.07213,0.02373,362.0513,0.78,10.8546,1.6275
6013.SR,2018,30000000.0,65928949.0,2348659.0,0.07213,0.02373,362.0513,0.78,10.8546,1.6275
6013.SR,2019,30000000.0,65928949.0,2348659.0,0.07213,0.02373,362.0513,0.78,10.8546,1.6275
6013.SR,2020,30000000.0,65928949.0,2348659.0,0.07213,0.02373,362.0513,0.78,10.8546,1.6275
6013.SR,2021,30000000.0,65928949.0,2348659.0,0.07213,0.02373,362.0513,0.78,10.8546,1.6275
6013.SR,2022,30000000.0,62343752.0,-3223093.0,-0.10998,-0.03434,-143.7383,-1.07,8.6837,1.7938
6013.SR,2023,30000000.0,66486452.0,-5168411.0,-0.22005,-0.05861,-79.5322,-1.71,6.9745,2.156
6013.SR,2024,30000000.0,48171089.0,1299272.0,0.06016,0.01644,306.9767,0.43,7.4234,1.405
6014.SR,2014,255000000.0,409541250.0,118587389.0,0.34811,0.15814,30.372,4.7058,13.5183,0.6806
6014.SR,2015,255000000.0,409541250.0,118587389.0,0.34811,0.15814,30.372,4.7058,13.5183,0.6806
6014.SR,2016,255000000.0,409541250.0,118587389.0,0.34811,0.15814,30.372,4.7058,13.5183,0.6806
6014.SR,2017,255000000.0,409541250.0,118587389.0,0.34811,0.15814,30.372,4.7058,13.5183,0.6806
6014.SR,2018,255000000.0,409541250.0,118587389.0,0.34811,0.15814,30.372,4.7058,13.5183,0.6806
6014.SR,2019,255000000.0,409541250.0,118587389.0,0.34811,0.15814,30.372,4.7058,13.5183,0.6806
6014.SR,2020,255000000.0,409541250.0,118587389.0,0.34811,0.15814,30.372,4.7058,13.5183,0.6806
6014.SR,2021,255000000.0,409541250.0,118587389.0,0.34811,0.15814,30.372,4.7058,13.5183,0.6806
6014.SR,2022,255000000.0,427437285.0,115555901.0,0.34226,0.15294,30.372,4.57,13.2613,0.6896
6014.SR,2023,255000000.0,398624144.0,57976024.0,0.17631,0.07834,42.0175,2.28,12.7867,0.6168
6014.SR,2024,255000000.0,357184414.0,38335348.0,0.12308,0.05583,49.6027,1.51,11.8507,0.6018
6015.SR,2014,0.0,948202000.0,203917000.0,1.25609,0.18744,99.1225,0.0807,0.2101,3.0467
6015.SR,2015,0.0,948202000.0,203917000.0,1.25609,0.18744,99.1225,0.0807,0.2101,3.0467
6015.SR,2016,0.0,948202000.0,203917000.0,1.25609,0.18744,99.1225,0.0807,0.2101,3.0467
6015.SR,2017,0.0,948202000.0,203917000.0,1.25609,0.18744,99.1225,0.0807,0.2101,3.0467
6015.SR,2018,0.0,948202000.0,203917000.0,1.25609,0.18744,99.1225,0.0807,0.2101,3.0467
6015.SR,2019,0.0,948202000.0,203917000.0,1.25609,0.18744,99.1225,0.0807,0.2101,3.0467
6015.SR,2020,0.0,948202000.0,203917000.0,1.25609,0.18744,99.1225,0.0807,0.2101,3.0467
6015.SR,2021,0.0,948202000.0,203917000.0,1.25609,0.18744,99.1225,0.0807,0.2101,3.0467
6015.SR,2022,168473000.0,1044796000.0,259226000.0,1.25497,0.21349,99.1225,0.0308,0.2101,1.5931
6015.SR,2023,168473000.0,1105479000.0,259466000.0,0.71683,0.1791,104.8701,0.0308,0.2101,1.1643
6015.SR,2024,168473000.0,1109276000.0,158759000.0,0.38081,0.10362,120.8908,0.0189,0.2101,1.4675
6016.SR,2014,25000000.0,88932939.0,15367655.0,0.28073,0.10696,87.3333,0.4391,1.5641,1.0519
6016.SR,2015,25000000.0,88932939.0,15367655.0,0.28073,0.10696,87.3333,0.4391,1.5641,1.0519
6016.SR,2016,25000000.0,88932939.0,15367655.0,0.28073,0.10696,87.3333,0.4391,1.5641,1.0519
6016.SR,2017,25000000.0,88932939.0,15367655.0,0.28073,0.10696,87.3333,0.4391,1.5641,1.0519
6016.SR,2018,25000000.0,88932939.0,15367655.0,0.28073,0.10696,87.3333,0.4391,1.5641,1.0519
6016.SR,2019,25000000.0,88932939.0,15367655.0,0.28073,0.10696,87.3333,0.4391,1.5641,1.0519
6016.SR,2020,25000000.0,88932939.0,15367655.0,0.28073,0.10696,87.3333,0.4391,1.5641,1.0519
6016.SR,2021,25000000.0,88932939.0,15367655.0,0.28073,0.10696,87.3333,0.4391,1.5641,1.0519
6016.SR,2022,35000000.0,94303046.0,2696972.0,0.0483,0.01829,87.3333,0.077,1.6267,1.0555
6016.SR,2023,35000000.0,76282047.0,12285277.0,0.19531,0.0829,87.3333,0.35,1.9676,0.6025
6016.SR,2024,35000000.0,79185637.0,8445501.0,0.11986,0.05699,87.3333,0.24,2.0588,0.5613
6017.SR,2014,96000000.0,305700009.0,117068284.0,0.62514,0.23697,32.9348,0.5683,0.9091,0.1397
6017.SR,2015,96000000.0,305700009.0,117068284.0,0.62514,0.23697,32.9348,0.5683,0.9091,0.1397
6017.SR,2016,96000000.0,305700009.0,117068284.0,0.62514,0.23697,32.9348,0.5683,0.9091,0.1397
6017.SR,2017,96000000.0,305700009.0,117068284.0,0.62514,0.23697,32.9348,0.5683,0.9091,0.1397
6017.SR,2018,96000000.0,305700009.0,117068284.0,0.62514,0.23697,32.9348,0.5683,0.9091,0.1397
6017.SR,2019,96000000.0,305700009.0,117068284.0,0.62514,0.23697,32.9348,0.5683,0.9091,0.1397
6017.SR,2020,96000000.0,305700009.0,117068284.0,0.62514,0.23697,32.9348,0.5683,0.9091,0.1397
6017.SR,2021,96000000.0,305700009.0,117068284.0,0.62514,0.23697,32.9348,0.5683,0.9091,0.1397
6017.SR,2022,104918030.0,406919485.0,58977006.0,0.09892,0.06192,32.9348,0.29,4.8793,0.1283
6017.SR,2023,104918030.0,505316896.0,125336967.0,0.11623,0.08187,32.9348,0.61,5.59,0.085
6017.SR,2024,104918030.0,520635218.0,187979245.0,0.15718,0.1099,32.9348,0.92,6.1236,0.0579
6020.SR,2014,300000000.0,156147926.0,1089793.0,0.00368,0.00241,458.2353,0.036,9.8632,0.5204930866666667
6020.SR,2015,300000000.0,156147926.0,1089793.0,0.00368,0.00241,458.2353,0.036,9.8632,0.5204930866666667
6020.SR,2016,300000000.0,156147926.0,1089793.0,0.00368,0.00241,458.2353,0.036,9.8632,0.5204930866666667
6020.SR,2017,300000000.0,156147926.0,1089793.0,0.00368,0.00241,458.2353,0.036,9.8632,0.5204930866666667
6020.SR,2018,300000000.0,156147926.0,1089793.0,0.00368,0.00241,458.2353,0.036,9.8632,0.5204930866666667
6020.SR,2019,300000000.0,156147926.0,1089793.0,0.00368,0.00241,458.2353,0.036,9.8632,0.5204930866666667
6020.SR,2020,300000000.0,156147926.0,1089793.0,0.00368,0.00241,458.2353,0.036,9.8632,0.5204930866666667
6020.SR,2021,300000000.0,156147926.0,1089793.0,0.00368,0.00241,458.2353,0.036,9.8632,0.5204930866666667
6020.SR,2022,300000000.0,129626252.0,7049432.0,0.02353,0.01593,80.0,0.235,10.1055,0.4320875066666667
6020.SR,2023,300000000.0,136383535.0,-6713311.0,-0.0224,-0.01551,-80.3571,-0.224,9.8787,0.4546117833333333
6020.SR,2024,300000000.0,101604543.0,10238032.0,0.03396,0.02435,-80.3571,-0.224,10.222,0.33868181
6040.SR,2014,391767000.0,148495232.0,-70550191.0,-0.24975,-0.14995,-14.4444,-2.07,7.2104,0.0323
6040.SR,2015,391767000.0,148495232.0,-70550191.0,-0.24975,-0.14995,-14.4444,-2.07,7.2104,0.0323
6040.SR,2016,391767000.0,148495232.0,-70550191.0,-0.24975,-0.14995,-14.4444,-2.07,7.2104,0.0323
6040.SR,2017,391767000.0,148495232.0,-70550191.0,-0.24975,-0.14995,-14.4444,-2.07,7.2104,0.0323
6040.SR,2018,391767000.0,148495232.0,-70550191.0,-0.24975,-0.14995,-14.4444,-2.07,7.2104,0.0323
6040.SR,2019,391767000.0,148495232.0,-70550191.0,-0.24975,-0.14995,-14.4444,-2.07,7.2104,0.0323
6040.SR,2020,391767000.0,148495232.0,-70550191.0,-0.24975,-0.14995,-14.4444,-2.07,7.2104,0.0323
6040.SR,2021,391767000.0,148495232.0,-70550191.0,-0.24975,-0.14995,-14.4444,-2.07,7.2104,0.0323
6040.SR,2022,391767000.0,155727377.0,-51468608.0,-0.2009,-0.11497,-11.5699,-1.3138,5.8684,0.0352
6040.SR,2023,391767000.0,169808942.0,80788890.0,0.28947,0.17498,8.219,2.1,8.3793,0.0475
6040.SR,2024,391767000.0,208162614.0,-144226008.0,-0.56809,-0.3253,-4.0811,-3.7,4.5814,0.3732
6050.SR,2014,400000000.0,77569341.0,-34184824.0,-0.11445,-0.09085,-53.5294,-5.0757,44.5917,0.068
6050.SR,2015,400000000.0,77569341.0,-34184824.0,-0.11445,-0.09085,-53.5294,-5.0757,44.5917,0.068
6050.SR,2016,400000000.0,77569341.0,-34184824.0,-0.11445,-0.09085,-53.5294,-5.0757,44.5917,0.068
6050.SR,2017,400000000.0,77569341.0,-34184824.0,-0.11445,-0.09085,-53.5294,-5.0757,44.5917,0.068
6050.SR,2018,400000000.0,77569341.0,-34184824.0,-0.11445,-0.09085,-53.5294,-5.0757,44.5917,0.068
6050.SR,2019,400000000.0,77569341.0,-34184824.0,-0.11445,-0.09085,-53.5294,-5.0757,44.5917,0.068
6050.SR,2020,400000000.0,77569341.0,-34184824.0,-0.11445,-0.09085,-53.5294,-5.0757,44.5917,0.068
6050.SR,2021,400000000.0,77569341.0,-34184824.0,-0.11445,-0.09085,-53.5294,-5.0757,44.5917,0.068
6050.SR,2022,400000000.0,108455848.0,-63389796.0,-0.23719,-0.17595,-17.0253,-9.4348,35.2016,0.2228
6050.SR,2023,400000000.0,126947249.0,-119959261.0,-0.68145,-0.331988,-8.1353,-11.54,17.3577,0.5285
6050.SR,2024,400000000.0,102659360.0,-40995299.0,-0.42741,-0.19455,-21.4073,-6.12,11.2796,0.528
6060.SR,2014,75000000.0,42173372.0,-237361.0,-0.00166,-0.00128,-373.0,-0.0153,7.2585,0.0701
6060.SR,2015,75000000.0,42173372.0,-237361.0,-0.00166,-0.00128,-373.0,-0.0153,7.2585,0.0701
6060.SR,2016,75000000.0,42173372.0,-237361.0,-0.00166,-0.00128,-373.0,-0.0153,7.2585,0.0701
6060.SR,2017,75000000.0,42173372.0,-237361.0,-0.00166,-0.00128,-373.0,-0.0153,7.2585,0.0701
6060.SR,2018,75000000.0,42173372.0,-237361.0,-0.00166,-0.00128,-373.0,-0.0153,7.2585,0.0701
6060.SR,2019,75000000.0,42173372.0,-237361.0,-0.00166,-0.00128,-373.0,-0.0153,7.2585,0.0701
6060.SR,2020,75000000.0,42173372.0,-237361.0,-0.00166,-0.00128,-373.0,-0.0153,7.2585,0.0701
6060.SR,2021,75000000.0,42173372.0,-237361.0,-0.00166,-0.00128,-373.0,-0.0153,7.2585,0.0701
6060.SR,2022,75000000.0,45386106.0,-3197035.0,-0.02269,-0.01731,-116.2191,-0.1625,7.0815,0.1203
6060.SR,2023,300000000.0,29228723.0,-185743.0,-0.00074,-0.00064,-373.0,-0.008,12.1952,0.0029
6060.SR,2024,300000000.0,70111511.0,-4166261.0,-0.01151,-0.01012,-141.1511,-0.139,11.9432,0.002
6070.SR,2014,300000000.0,122992130.0,17374482.0,0.02768,0.02315,100.6897,0.58,20.9207,0.0119
6070.SR,2015,300000000.0,122992130.0,17374482.0,0.02768,0.02315,100.6897,0.58,20.9207,0.0119
6070.SR,2016,300000000.0,122992130.0,17374482.0,0.02768,0.02315,100.6897,0.58,20.9207,0.0119
6070.SR,2017,300000000.0,122992130.0,17374482.0,0.02768,0.02315,100.6897,0.58,20.9207,0.0119
6070.SR,2018,300000000.0,122992130.0,17374482.0,0.02768,0.02315,100.6897,0.58,20.9207,0.0119
6070.SR,2019,300000000.0,122992130.0,17374482.0,0.02768,0.02315,100.6897,0.58,20.9207,0.0119
6070.SR,2020,300000000.0,122992130.0,17374482.0,0.02768,0.02315,100.6897,0.58,20.9207,0.0119
6070.SR,2021,300000000.0,122992130.0,17374482.0,0.02768,0.02315,100.6897,0.58,20.9207,0.0119
6070.SR,2022,300000000.0,241184323.0,51065262.0,0.07886,0.06155,26.1176,1.7,22.2512,0.1714
6070.SR,2023,300000000.0,391467763.0,61968851.0,0.08941,0.06139,23.6715,2.07,23.9533,0.3461
6070.SR,2024,300000000.0,402724844.0,75300454.0,0.1022,0.06641,23.745,2.51,25.1647,0.3375
6090.SR,2014,500000000.0,92212936.0,12128716.0,0.02399,0.02025,83.6522,0.23,10.1127,0.0543
6090.SR,2015,500000000.0,92212936.0,12128716.0,0.02399,0.02025,83.6522,0.23,10.1127,0.0543
6090.SR,2016,500000000.0,92212936.0,12128716.0,0.02399,0.02025,83.6522,0.23,10.1127,0.0543
6090.SR,2017,500000000.0,92212936.0,12128716.0,0.02399,0.02025,83.6522,0.23,10.1127,0.0543
6090.SR,2018,500000000.0,92212936.0,12128716.0,0.02399,0.02025,83.6522,0.23,10.1127,0.0543
6090.SR,2019,500000000.0,92212936.0,12128716.0,0.02399,0.02025,83.6522,0.23,10.1127,0.0543
6090.SR,2020,500000000.0,92212936.0,12128716.0,0.02399,0.02025,83.6522,0.23,10.1127,0.0543
6090.SR,2021,500000000.0,92212936.0,12128716.0,0.02399,0.02025,83.6522,0.23,10.1127,0.0543
6090.SR,2022,500000000.0,94260502.0,10711721.0,0.02103,0.01776,58.4762,0.21,10.2646,0.0486
6090.SR,2023,500000000.0,144430612.0,-32100266.0,-0.06503,-0.05236,-23.875,-0.64,9.4802,0.0868
6090.SR,2024,500000000.0,211268168.0,-153276957.0,-0.39119,-0.26915,-4.3322,-3.07,6.1926,0.136
7010.SR,2014,20000000000.0,56393438000.0,11311342000.0,0.16329,0.08852,19.8938,2.26,13.8739,0.1808
7010.SR,2015,20000000000.0,56393438000.0,11311342000.0,0.16329,0.08852,19.8938,2.26,13.8739,0.1808
7010.SR,2016,20000000000.0,56393438000.0,11311342000.0,0.16329,0.08852,19.8938,2.26,13.8739,0.1808
7010.SR,2017,20000000000.0,56393438000.0,11311342000.0,0.16329,0.08852,19.8938,2.26,13.8739,0.1808
7010.SR,2018,20000000000.0,56393438000.0,11311342000.0,0.16329,0.08852,19.8938,2.26,13.8739,0.1808
7010.SR,2019,20000000000.0,56393438000.0,11311342000.0,0.16329,0.08852,19.8938,2.26,13.8739,0.1808
7010.SR,2020,20000000000.0,56393438000.0,11311342000.0,0.16329,0.08852,19.8938,2.26,13.8739,0.1808
7010.SR,2021,20000000000.0,56393438000.0,11311342000.0,0.16329,0.08852,19.8938,2.26,13.8739,0.1808
7010.SR,2022,50000000000.0,61194394000.0,12170537000.0,0.17049,0.09185,15.0617,2.43,14.7525,0.1876
7010.SR,2023,50000000000.0,78130703000.0,13295381000.0,0.17438,0.08957,15.188,2.66,15.8461,0.3321
7010.SR,2024,50000000000.0,68153096000.0,24688652000.0,0.29321,0.15417,8.0972,4.94,17.9302,0.1934
7020.SR,2014,7700000000.0,24167662000.0,1071541000.0,0.07051,0.02722,22.4101,1.39,19.7354,0.9183
7020.SR,2015,7700000000.0,24167662000.0,1071541000.0,0.07051,0.02722,22.4101,1.39,19.7354,0.9183
7020.SR,2016,7700000000.0,24167662000.0,1071541000.0,0.07051,0.02722,22.4101,1.39,19.7354,0.9183
7020.SR,2017,7700000000.0,24167662000.0,1071541000.0,0.07051,0.02722,22.4101,1.39,19.7354,0.9183
7020.SR,2018,7700000000.0,24167662000.0,1071541000.0,0.07051,0.02722,22.4101,1.39,19.7354,0.9183
7020.SR,2019,7700000000.0,24167662000.0,1071541000.0,0.07051,0.02722,22.4101,1.39,19.7354,0.9183
7020.SR,2020,7700000000.0,24167662000.0,1071541000.0,0.07051,0.02722,22.4101,1.39,19.7354,0.9183
7020.SR,2021,7700000000.0,24167662000.0,1071541000.0,0.07051,0.02722,22.4101,1.39,19.7354,0.9183
7020.SR,2022,7700000000.0,21819745000.0,1656940000.0,0.10502,0.04274,16.1628,2.15,21.2449,0.7852
7020.SR,2023,7700000000.0,21268385000.0,2231977000.0,0.13137,0.05792,16.9138,2.9,22.8865,0.6545
7020.SR,2024,7700000000.0,19639536000.0,3106848000.0,0.17025,0.08027,13.2506,4.03,24.5136,0.5012
7030.SR,2014,8987292000.0,19041118000.0,214302000.0,0.0237,0.00763,50.1667,0.24,10.0608,0.8162
7030.SR,2015,8987292000.0,19041118000.0,214302000.0,0.0237,0.00763,50.1667,0.24,10.0608,0.8162
7030.SR,2016,8987292000.0,19041118000.0,214302000.0,0.0237,0.00763,50.1667,0.24,10.0608,0.8162
7030.SR,2017,8987292000.0,19041118000.0,214302000.0,0.0237,0.00763,50.1667,0.24,10.0608,0.8162
7030.SR,2018,8987292000.0,19041118000.0,214302000.0,0.0237,0.00763,50.1667,0.24,10.0608,0.8162
7030.SR,2019,8987292000.0,19041118000.0,214302000.0,0.0237,0.00763,50.1667,0.24,10.0608,0.8162
7030.SR,2020,8987292000.0,19041118000.0,214302000.0,0.0237,0.00763,50.1667,0.24,10.0608,0.8162
7030.SR,2021,8987292000.0,19041118000.0,214302000.0,0.0237,0.00763,50.1667,0.24,10.0608,0.8162
7030.SR,2022,8987292000.0,18658628000.0,549666000.0,0.05834,0.01944,16.4918,0.61,10.9068,0.7752
7030.SR,2023,8987292000.0,16786812000.0,1267006000.0,0.12425,0.04538,9.9858,1.41,11.7849,0.8453
7030.SR,2024,8987292000.0,17428624000.0,596369000.0,0.056,0.02149,15.5455,0.66,11.9133,0.9048
7040.SR,2014,89999000.0,764036842.0,-37399886.0,-0.50543,-0.04463,-11.2861,-1.2639,2.4979,2.5582
7040.SR,2015,89999000.0,764036842.0,-37399886.0,-0.50543,-0.04463,-11.2861,-1.2639,2.4979,2.5582
7040.SR,2016,89999000.0,764036842.0,-37399886.0,-0.50543,-0.04463,-11.2861,-1.2639,2.4979,2.5582
7040.SR,2017,89999000.0,764036842.0,-37399886.0,-0.50543,-0.04463,-11.2861,-1.2639,2.4979,2.5582
7040.SR,2018,89999000.0,764036842.0,-37399886.0,-0.50543,-0.04463,-11.2861,-1.2639,2.4979,2.5582
7040.SR,2019,89999000.0,764036842.0,-37399886.0,-0.50543,-0.04463,-11.2861,-1.2639,2.4979,2.5582
7040.SR,2020,89999000.0,764036842.0,-37399886.0,-0.50543,-0.04463,-11.2861,-1.2639,2.4979,2.5582
7040.SR,2021,89999000.0,764036842.0,-37399886.0,-0.50543,-0.04463,-11.2861,-1.2639,2.4979,2.5582
7040.SR,2022,89999000.0,764036842.0,-37399886.0,-0.50543,-0.04463,-11.2861,-1.2639,2.4979,2.5582
7040.SR,2023,89999000.0,770736086.0,42468239.0,0.44687,0.04924,36.033,1.43,3.9184,1.275
7040.SR,2024,339999000.0,808435311.0,194678385.0,0.57683,0.17273,16.9518,6.43,16.4387,0.1395
7200.SR,2014,250000000.0,818105205.0,56479749.0,0.16927,0.04904,67.1099,1.88,11.122,1.1131
7200.SR,2015,250000000.0,818105205.0,56479749.0,0.16927,0.04904,67.1099,1.88,11.122,1.1131
7200.SR,2016,250000000.0,818105205.0,56479749.0,0.16927,0.04904,67.1099,1.88,11.122,1.1131
7200.SR,2017,250000000.0,818105205.0,56479749.0,0.16927,0.04904,67.1099,1.88,11.122,1.1131
7200.SR,2018,250000000.0,818105205.0,56479749.0,0.16927,0.04904,67.1099,1.88,11.122,1.1131
7200.SR,2019,250000000.0,818105205.0,56479749.0,0.16927,0.04904,67.1099,1.88,11.122,1.1131
7200.SR,2020,250000000.0,818105205.0,56479749.0,0.16927,0.04904,67.1099,1.88,11.122,1.1131
7200.SR,2021,250000000.0,818105205.0,56479749.0,0.16927,0.04904,67.1099,1.88,11.122,1.1131
7200.SR,2022,300000000.0,1237594441.0,95863760.0,0.27205,0.06945,29.125,3.2,12.37,1.0006
7200.SR,2023,300000000.0,1567265528.0,13973356.0,0.04247,0.00807,289.3617,0.47,9.5629,2.2325
7200.SR,2024,300000000.0,2154375221.0,124401607.0,0.35029,0.05614,39.2771,4.15,14.113,2.0749
7201.SR,2014,100000000.0,18318216.0,21549524.0,0.14638,0.13018,91.1628,0.215,1.4722,0.18318216
7201.SR,2015,100000000.0,18318216.0,21549524.0,0.14638,0.13018,91.1628,0.215,1.4722,0.18318216
7201.SR,2016,100000000.0,18318216.0,21549524.0,0.14638,0.13018,91.1628,0.215,1.4722,0.18318216
7201.SR,2017,100000000.0,18318216.0,21549524.0,0.14638,0.13018,91.1628,0.215,1.4722,0.18318216
7201.SR,2018,100000000.0,18318216.0,21549524.0,0.14638,0.13018,91.1628,0.215,1.4722,0.18318216
7201.SR,2019,100000000.0,18318216.0,21549524.0,0.14638,0.13018,91.1628,0.215,1.4722,0.18318216
7201.SR,2020,100000000.0,18318216.0,21549524.0,0.14638,0.13018,91.1628,0.215,1.4722,0.18318216
7201.SR,2021,100000000.0,18318216.0,21549524.0,0.14638,0.13018,91.1628,0.215,1.4722,0.18318216
7201.SR,2022,100000000.0,14054785.0,-10439023.0,-0.07364,-0.0661,-64.0,-0.1,1.3628,0.14054785
7201.SR,2023,100000000.0,22070210.0,-9770344.0,-0.07421,-0.06525,-78.0,-0.09,1.2704,0.0003
7201.SR,2024,100000000.0,80883927.0,-17700041.0,-0.14222,-0.10061,-36.3333,-0.18,1.2186,0.4338
7202.SR,2014,1200000000.0,4902179804.0,832918609.0,0.36683,0.11612,27.1182,6.94,19.1125,0.0267
7202.SR,2015,1200000000.0,4902179804.0,832918609.0,0.36683,0.11612,27.1182,6.94,19.1125,0.0267
7202.SR,2016,1200000000.0,4902179804.0,832918609.0,0.36683,0.11612,27.1182,6.94,19.1125,0.0267
7202.SR,2017,1200000000.0,4902179804.0,832918609.0,0.36683,0.11612,27.1182,6.94,19.1125,0.0267
7202.SR,2018,1200000000.0,4902179804.0,832918609.0,0.36683,0.11612,27.1182,6.94,19.1125,0.0267
7202.SR,2019,1200000000.0,4902179804.0,832918609.0,0.36683,0.11612,27.1182,6.94,19.1125,0.0267
7202.SR,2020,1200000000.0,4902179804.0,832918609.0,0.36683,0.11612,27.1182,6.94,19.1125,0.0267
7202.SR,2021,1200000000.0,4902179804.0,832918609.0,0.36683,0.11612,27.1182,6.94,19.1125,0.0267
7202.SR,2022,1200000000.0,7485528000.0,1052869000.0,0.41448,0.12034,27.6853,8.77,23.619,0.2634
7202.SR,2023,1200000000.0,8163690000.0,1192148000.0,0.38871,0.10916,35.2266,9.93,27.9378,0.2322
7202.SR,2024,1200000000.0,8010472000.0,1596633000.0,0.43555,0.13556,20.2855,10.98,33.6774,0.2191
7203.SR,2014,800000000.0,2384631966.0,566891419.0,0.20177,0.10914,28.5469,10.98,36.2069,0.038
7203.SR,2015,800000000.0,2384631966.0,566891419.0,0.20177,0.10914,28.5469,10.98,36.2069,0.038
7203.SR,2016,800000000.0,2384631966.0,566891419.0,0.20177,0.10914,28.5469,10.98,36.2069,0.038
7203.SR,2017,800000000.0,2384631966.0,566891419.0,0.20177,0.10914,28.5469,10.98,36.2069,0.038
7203.SR,2018,800000000.0,2384631966.0,566891419.0,0.20177,0.10914,28.5469,10.98,36.2069,0.038
7203.SR,2019,800000000.0,2384631966.0,566891419.0,0.20177,0.10914,28.5469,10.98,36.2069,0.038
7203.SR,2020,800000000.0,2384631966.0,566891419.0,0.20177,0.10914,28.5469,10.98,36.2069,0.038
7203.SR,2021,800000000.0,2384631966.0,566891419.0,0.20177,0.10914,28.5469,10.98,36.2069,0.038
7203.SR,2022,800000000.0,2979379154.0,930189589.0,0.31765,0.1658,28.5469,10.98,39.2656,0.0272
7203.SR,2023,800000000.0,4102540784.0,1356230754.0,0.38521,0.19205,48.0826,10.98,51.4112,0.0561
7203.SR,2024,800000000.0,4260809435.0,1826871586.0,0.3934,0.207,48.8179,10.98,52.7818,0.1069
7204.SR,2014,20000000.0,341634711.0,80615566.0,0.50474,0.1608,19.9091,0.2687,0.5324,0.5885
7204.SR,2015,20000000.0,341634711.0,80615566.0,0.50474,0.1608,19.9091,0.2687,0.5324,0.5885
7204.SR,2016,20000000.0,341634711.0,80615566.0,0.50474,0.1608,19.9091,0.2687,0.5324,0.5885
7204.SR,2017,20000000.0,341634711.0,80615566.0,0.50474,0.1608,19.9091,0.2687,0.5324,0.5885
7204.SR,2018,20000000.0,341634711.0,80615566.0,0.50474,0.1608,19.9091,0.2687,0.5324,0.5885
7204.SR,2019,20000000.0,341634711.0,80615566.0,0.50474,0.1608,19.9091,0.2687,0.5324,0.5885
7204.SR,2020,20000000.0,341634711.0,80615566.0,0.50474,0.1608,19.9091,0.2687,0.5324,0.5885
7204.SR,2021,20000000.0,341634711.0,80615566.0,0.50474,0.1608,19.9091,0.2687,0.5324,0.5885
7204.SR,2022,150000000.0,553597200.0,131455234.0,0.6361,0.20092,19.9091,0.44,0.8453,0.6292
7204.SR,2023,150000000.0,796353077.0,129293157.0,0.40682,0.13023,28.5349,0.43,1.2734,0.8861
7204.SR,2024,300000000.0,889571337.0,163335937.0,0.35238,0.12502,26.0,0.54,1.8167,0.811
7211.SR,2014,30000000.0,46102624.0,15536093.0,0.47724,0.19752,21.11745,0.2589,0.5426,0.364
7211.SR,2015,30000000.0,46102624.0,15536093.0,0.47724,0.19752,21.11745,0.2589,0.5426,0.364
7211.SR,2016,30000000.0,46102624.0,15536093.0,0.47724,0.19752,21.11745,0.2589,0.5426,0.364
7211.SR,2017,30000000.0,46102624.0,15536093.0,0.47724,0.19752,21.11745,0.2589,0.5426,0.364
7211.SR,2018,30000000.0,46102624.0,15536093.0,0.47724,0.19752,21.11745,0.2589,0.5426,0.364
7211.SR,2019,30000000.0,46102624.0,15536093.0,0.47724,0.19752,21.11745,0.2589,0.5426,0.364
7211.SR,2020,30000000.0,46102624.0,15536093.0,0.47724,0.19752,21.11745,0.2589,0.5426,0.364
7211.SR,2021,30000000.0,46102624.0,15536093.0,0.47724,0.19752,21.11745,0.2589,0.5426,0.364
7211.SR,2022,30000000.0,55776030.0,19104434.0,0.45276,0.20514,18.16325,0.32,0.8639,0.2919
7211.SR,2023,30000000.0,89577962.0,23081725.0,0.38387,0.17325,21.96145,0.39,1.1404,0.2899
7211.SR,2024,30000000.0,150120858.0,27948450.0,0.35634,0.13956,20.2314,0.47,1.4741,0.3989
8010.SR,2014,1250000000.0,9588419000.0,288890000.0,0.09839,0.02307,36.385,1.775,19.5746,0.0161
8010.SR,2015,1250000000.0,9588419000.0,288890000.0,0.09839,0.02307,36.385,1.775,19.5746,0.0161
8010.SR,2016,1250000000.0,9588419000.0,288890000.0,0.09839,0.02307,36.385,1.775,19.5746,0.0161
8010.SR,2017,1250000000.0,9588419000.0,288890000.0,0.09839,0.02307,36.385,1.775,19.5746,0.0161
8010.SR,2018,1250000000.0,9588419000.0,288890000.0,0.09839,0.02307,36.385,1.775,19.5746,0.0161
8010.SR,2019,1250000000.0,9588419000.0,288890000.0,0.09839,0.02307,36.385,1.775,19.5746,0.0161
8010.SR,2020,1250000000.0,9588419000.0,288890000.0,0.09839,0.02307,36.385,1.775,19.5746,0.0161
8010.SR,2021,1250000000.0,9588419000.0,288890000.0,0.09839,0.02307,36.385,1.775,19.5746,0.0161
8010.SR,2022,1250000000.0,12127830000.0,302193000.0,0.09959,0.02175,33.3748,2.01,20.8837,0.0123
8010.SR,2023,1500000000.0,14794909000.0,616426000.0,0.18253,0.03661,31.6788,4.11,24.1454,0.0141
8010.SR,2024,1500000000.0,16517458000.0,1022025000.0,0.25235,0.05186,21.6422,6.82,29.9064,0.0265
8012.SR,2014,550000000.0,1867877000.0,23018000.0,0.02701,0.00846,49.2383,0.3392,12.9142,0.0014
8012.SR,2015,550000000.0,1867877000.0,23018000.0,0.02701,0.00846,49.2383,0.3392,12.9142,0.0014
8012.SR,2016,550000000.0,1867877000.0,23018000.0,0.02701,0.00846,49.2383,0.3392,12.9142,0.0014
8012.SR,2017,550000000.0,1867877000.0,23018000.0,0.02701,0.00846,49.2383,0.3392,12.9142,0.0014
8012.SR,2018,550000000.0,1867877000.0,23018000.0,0.02701,0.00846,49.2383,0.3392,12.9142,0.0014
8012.SR,2019,550000000.0,1867877000.0,23018000.0,0.02701,0.00846,49.2383,0.3392,12.9142,0.0014
8012.SR,2020,550000000.0,1867877000.0,23018000.0,0.02701,0.00846,49.2383,0.3392,12.9142,0.0014
8012.SR,2021,550000000.0,1867877000.0,23018000.0,0.02701,0.00846,49.2383,0.3392,12.9142,0.0014
8012.SR,2022,550000000.0,1640816000.0,38520000.0,0.04415,0.01466,21.1207,0.58,13.526,0.0034
8012.SR,2023,660000000.0,1872354000.0,44254000.0,0.04829,0.01656,25.3731,0.67,14.2466,0.0016
8012.SR,2024,660000000.0,2112798000.0,37203000.0,0.03884,0.01261,29.3929,0.56,14.783,0.0141
8020.SR,2014,500000000.0,666836000.0,-85660000.0,-0.21757,-0.08077,-13.3099,-1.71,7.8744,0.0063
8020.SR,2015,500000000.0,666836000.0,-85660000.0,-0.21757,-0.08077,-13.3099,-1.71,7.8744,0.0063
8020.SR,2016,500000000.0,666836000.0,-85660000.0,-0.21757,-0.08077,-13.3099,-1.71,7.8744,0.0063
8020.SR,2017,500000000.0,666836000.0,-85660000.0,-0.21757,-0.08077,-13.3099,-1.71,7.8744,0.0063
8020.SR,2018,500000000.0,666836000.0,-85660000.0,-0.21757,-0.08077,-13.3099,-1.71,7.8744,0.0063
8020.SR,2019,500000000.0,666836000.0,-85660000.0,-0.21757,-0.08077,-13.3099,-1.71,7.8744,0.0063
8020.SR,2020,500000000.0,666836000.0,-85660000.0,-0.21757,-0.08077,-13.3099,-1.71,7.8744,0.0063
8020.SR,2021,500000000.0,666836000.0,-85660000.0,-0.21757,-0.08077,-13.3099,-1.71,7.8744,0.0063
8020.SR,2022,500000000.0,666105000.0,-41378000.0,-0.11068,-0.03977,-13.3012,-0.83,7.0803,0.0049
8020.SR,2023,500000000.0,534050000.0,38188000.0,0.10264,0.03928,22.9211,0.76,7.8018,0.004
8020.SR,2024,500000000.0,766862000.0,26889000.0,0.06535,0.02532,30.4074,0.54,8.6555,0.0016
8030.SR,2014,1050000000.0,2369254000.0,-140588000.0,-0.12657,-0.0404,-12.8209,-1.34,10.5785,0.0077
8030.SR,2015,1050000000.0,2369254000.0,-140588000.0,-0.12657,-0.0404,-12.8209,-1.34,10.5785,0.0077
8030.SR,2016,1050000000.0,2369254000.0,-140588000.0,-0.12657,-0.0404,-12.8209,-1.34,10.5785,0.0077
8030.SR,2017,1050000000.0,2369254000.0,-140588000.0,-0.12657,-0.0404,-12.8209,-1.34,10.5785,0.0077
8030.SR,2018,1050000000.0,2369254000.0,-140588000.0,-0.12657,-0.0404,-12.8209,-1.34,10.5785,0.0077
8030.SR,2019,1050000000.0,2369254000.0,-140588000.0,-0.12657,-0.0404,-12.8209,-1.34,10.5785,0.0077
8030.SR,2020,1050000000.0,2369254000.0,-140588000.0,-0.12657,-0.0404,-12.8209,-1.34,10.5785,0.0077
8030.SR,2021,1050000000.0,2369254000.0,-140588000.0,-0.12657,-0.0404,-12.8209,-1.34,10.5785,0.0077
8030.SR,2022,1050000000.0,2339665000.0,-396870000.0,-0.43673,-0.12162,-2.2804,-3.78,6.7306,0.0051
8030.SR,2023,1050000000.0,2202586000.0,201472000.0,0.2481,0.06535,7.5,1.92,8.7373,0.0119
8030.SR,2024,1050000000.0,1854392000.0,101994000.0,0.10482,0.03398,26.8557,0.97,9.7966,0.002
8040.SR,2014,600000000.0,1489375863.0,5619429.0,0.00743,0.0025,287.2222,0.09,12.5972,0.0013
8040.SR,2015,600000000.0,1489375863.0,5619429.0,0.00743,0.0025,287.2222,0.09,12.5972,0.0013
8040.SR,2016,600000000.0,1489375863.0,5619429.0,0.00743,0.0025,287.2222,0.09,12.5972,0.0013
8040.SR,2017,600000000.0,1489375863.0,5619429.0,0.00743,0.0025,287.2222,0.09,12.5972,0.0013
8040.SR,2018,600000000.0,1489375863.0,5619429.0,0.00743,0.0025,287.2222,0.09,12.5972,0.0013
8040.SR,2019,600000000.0,1489375863.0,5619429.0,0.00743,0.0025,287.2222,0.09,12.5972,0.0013
8040.SR,2020,600000000.0,1489375863.0,5619429.0,0.00743,0.0025,287.2222,0.09,12.5972,0.0013
8040.SR,2021,600000000.0,1489375863.0,5619429.0,0.00743,0.0025,287.2222,0.09,12.5972,0.0013
8040.SR,2022,600000000.0,1304372651.0,8575802.0,0.01142,0.00399,93.5714,0.14,12.428,0.0082
8040.SR,2023,600000000.0,1354701964.0,36986892.0,0.04784,0.01759,27.9032,0.62,13.3968,0.0038
8040.SR,2024,600000000.0,1235274655.0,15167075.0,0.0188,0.00722,58.9231,0.26,13.6751,0.0039
8050.SR,2014,250000000.0,473425000.0,-112410000.0,-1.15362,-0.19691,-4.5852,-6.0716,5.2635,0.2087
8050.SR,2015,250000000.0,473425000.0,-112410000.0,-1.15362,-0.19691,-4.5852,-6.0716,5.2635,0.2087
8050.SR,2016,250000000.0,473425000.0,-112410000.0,-1.15362,-0.19691,-4.5852,-6.0716,5.2635,0.2087
8050.SR,2017,250000000.0,473425000.0,-112410000.0,-1.15362,-0.19691,-4.5852,-6.0716,5.2635,0.2087
8050.SR,2018,250000000.0,473425000.0,-112410000.0,-1.15362,-0.19691,-4.5852,-6.0716,5.2635,0.2087
8050.SR,2019,250000000.0,473425000.0,-112410000.0,-1.15362,-0.19691,-4.5852,-6.0716,5.2635,0.2087
8050.SR,2020,250000000.0,473425000.0,-112410000.0,-1.15362,-0.19691,-4.5852,-6.0716,5.2635,0.2087
8050.SR,2021,250000000.0,473425000.0,-112410000.0,-1.15362,-0.19691,-4.5852,-6.0716,5.2635,0.2087
8050.SR,2022,100000000.0,605954000.0,-38868000.0,-0.49108,-0.06281,-4.0371,-2.1028,3.2873,0.3039
8050.SR,2023,200000000.0,601270000.0,51302000.0,0.38597,0.06965,7.2388,2.68,8.4517,0.0965
8050.SR,2024,200000000.0,491180000.0,30123000.0,0.13117,0.03882,14.8293,1.23,10.4864,0.0726
8060.SR,2014,646397000.0,1527616000.0,-122054000.0,-0.13794,-0.05059,-12.0099,-1.5804,11.4465,0.0063
8060.SR,2015,646397000.0,1527616000.0,-122054000.0,-0.13794,-0.05059,-12.0099,-1.5804,11.4465,0.0063
8060.SR,2016,646397000.0,1527616000.0,-122054000.0,-0.13794,-0.05059,-12.0099,-1.5804,11.4465,0.0063
8060.SR,2017,646397000.0,1527616000.0,-122054000.0,-0.13794,-0.05059,-12.0099,-1.5804,11.4465,0.0063
8060.SR,2018,646397000.0,1527616000.0,-122054000.0,-0.13794,-0.05059,-12.0099,-1.5804,11.4465,0.0063
8060.SR,2019,646397000.0,1527616000.0,-122054000.0,-0.13794,-0.05059,-12.0099,-1.5804,11.4465,0.0063
8060.SR,2020,646397000.0,1527616000.0,-122054000.0,-0.13794,-0.05059,-12.0099,-1.5804,11.4465,0.0063
8060.SR,2021,646397000.0,1527616000.0,-122054000.0,-0.13794,-0.05059,-12.0099,-1.5804,11.4465,0.0063
8060.SR,2022,850583000.0,2471436000.0,-68080000.0,-0.06804,-0.02269,-17.4678,-0.8278,10.9752,0.0053
8060.SR,2023,850583000.0,2838794000.0,147977000.0,0.1241,0.03846,13.0759,1.45,12.4696,0.0022
8060.SR,2024,1275583000.0,2941895000.0,64303000.0,0.04159,0.01449,31.2258,0.62,14.2995,0.0118
8070.SR,2014,400000000.0,452286000.0,29022000.0,0.0523,0.02881,38.9231,0.65,13.873,1.130715
8070.SR,2015,400000000.0,452286000.0,29022000.0,0.0523,0.02881,38.9231,0.65,13.873,1.130715
8070.SR,2016,400000000.0,452286000.0,29022000.0,0.0523,0.02881,38.9231,0.65,13.873,1.130715
8070.SR,2017,400000000.0,452286000.0,29022000.0,0.0523,0.02881,38.9231,0.65,13.873,1.130715
8070.SR,2018,400000000.0,452286000.0,29022000.0,0.0523,0.02881,38.9231,0.65,13.873,1.130715
8070.SR,2019,400000000.0,452286000.0,29022000.0,0.0523,0.02881,38.9231,0.65,13.873,1.130715
8070.SR,2020,400000000.0,452286000.0,29022000.0,0.0523,0.02881,38.9231,0.65,13.873,1.130715
8070.SR,2021,400000000.0,452286000.0,29022000.0,0.0523,0.02881,38.9231,0.65,13.873,1.130715
8070.SR,2022,638525000.0,1276441000.0,-18225000.0,-0.02095,-0.01051,-54.1379,-0.29,18.5611,1.9990462393798207
8070.SR,2023,798153000.0,1811401000.0,66940000.0,0.04905,0.02301,18.1782,1.01,19.3476,0.0011
8070.SR,2024,798153000.0,1961443000.0,70995000.0,0.04442,0.02037,21.573,0.89,20.699,0.0007
8100.SR,2014,300000000.0,917990000.0,-62634679.0,-0.21449,-0.05176,-10.4976,-2.09,9.734,3.0599666666666665
8100.SR,2015,300000000.0,917990000.0,-62634679.0,-0.21449,-0.05176,-10.4976,-2.09,9.734,3.0599666666666665
8100.SR,2016,300000000.0,917990000.0,-62634679.0,-0.21449,-0.05176,-10.4976,-2.09,9.734,3.0599666666666665
8100.SR,2017,300000000.0,917990000.0,-62634679.0,-0.21449,-0.05176,-10.4976,-2.09,9.734,3.0599666666666665
8100.SR,2018,300000000.0,917990000.0,-62634679.0,-0.21449,-0.05176,-10.4976,-2.09,9.734,3.0599666666666665
8100.SR,2019,300000000.0,917990000.0,-62634679.0,-0.21449,-0.05176,-10.4976,-2.09,9.734,3.0599666666666665
8100.SR,2020,300000000.0,917990000.0,-62634679.0,-0.21449,-0.05176,-10.4976,-2.09,9.734,3.0599666666666665
8100.SR,2021,300000000.0,917990000.0,-62634679.0,-0.21449,-0.05176,-10.4976,-2.09,9.734,3.0599666666666665
8100.SR,2022,300000000.0,915527000.0,-61647000.0,-0.23375,-0.05222,-5.8146,-2.05,7.8479,3.051756666666667
8100.SR,2023,300000000.0,1814662000.0,71098000.0,0.25899,0.04336,6.3376,2.37,10.4534,5.6184
8100.SR,2024,300000000.0,1582458000.0,49318000.0,0.14183,0.0241,9.5366,1.64,12.7277,5.27486
8120.SR,2014,229474640.0,616260300.0,-141189259.0,-0.6958,-0.17236,-2.6863,-5.2527,7.5437,0.0332
8120.SR,2015,229474640.0,616260300.0,-141189259.0,-0.6958,-0.17236,-2.6863,-5.2527,7.5437,0.0332
8120.SR,2016,229474640.0,616260300.0,-141189259.0,-0.6958,-0.17236,-2.6863,-5.2527,7.5437,0.0332
8120.SR,2017,229474640.0,616260300.0,-141189259.0,-0.6958,-0.17236,-2.6863,-5.2527,7.5437,0.0332
8120.SR,2018,229474640.0,616260300.0,-141189259.0,-0.6958,-0.17236,-2.6863,-5.2527,7.5437,0.0332
8120.SR,2019,229474640.0,616260300.0,-141189259.0,-0.6958,-0.17236,-2.6863,-5.2527,7.5437,0.0332
8120.SR,2020,229474640.0,616260300.0,-141189259.0,-0.6958,-0.17236,-2.6863,-5.2527,7.5437,0.0332
8120.SR,2021,229474640.0,616260300.0,-141189259.0,-0.6958,-0.17236,-2.6863,-5.2527,7.5437,0.0332
8120.SR,2022,458949280.0,531371863.0,-18299703.0,-0.05919,-0.02072,-18.1277,-0.47,9.0519,0.0163
8120.SR,2023,458949280.0,519234645.0,125037351.0,0.25957,0.12417,5.9706,2.72,11.9401,0.0203
8120.SR,2024,458949280.0,569278629.0,43645516.0,0.07431,0.03857,16.4,0.95,13.6551,0.0138
8150.SR,2014,141000000.0,414248000.0,-114584000.0,-1.9084,-0.24159,-3.888,-6.07,2.5207,0.0497
8150.SR,2015,141000000.0,414248000.0,-114584000.0,-1.9084,-0.24159,-3.888,-6.07,2.5207,0.0497
8150.SR,2016,141000000.0,414248000.0,-114584000.0,-1.9084,-0.24159,-3.888,-6.07,2.5207,0.0497
8150.SR,2017,141000000.0,414248000.0,-114584000.0,-1.9084,-0.24159,-3.888,-6.07,2.5207,0.0497
8150.SR,2018,141000000.0,414248000.0,-114584000.0,-1.9084,-0.24159,-3.888,-6.07,2.5207,0.0497
8150.SR,2019,141000000.0,414248000.0,-114584000.0,-1.9084,-0.24159,-3.888,-6.07,2.5207,0.0497
8150.SR,2020,141000000.0,414248000.0,-114584000.0,-1.9084,-0.24159,-3.888,-6.07,2.5207,0.0497
8150.SR,2021,141000000.0,414248000.0,-114584000.0,-1.9084,-0.24159,-3.888,-6.07,2.5207,0.0497
8150.SR,2022,291000000.0,542008000.0,-17344000.0,-0.13932,-0.02878,-13.1707,-0.82,6.1268,0.0112
8150.SR,2023,291000000.0,643377000.0,63406000.0,0.28607,0.07786,6.3028,2.18,8.2473,0.0014
8150.SR,2024,291000000.0,641378000.0,-16483000.0,-0.06496,-0.01839,-23.614,-0.57,8.2086,0.0267
8160.SR,2014,265000000.0,285090103.0,-5517385.0,-0.02346,-0.0106,-188.3335,-0.1901,8.0348,0.0117
8160.SR,2015,265000000.0,285090103.0,-5517385.0,-0.02346,-0.0106,-188.3335,-0.1901,8.0348,0.0117
8160.SR,2016,265000000.0,285090103.0,-5517385.0,-0.02346,-0.0106,-188.3335,-0.1901,8.0348,0.0117
8160.SR,2017,265000000.0,285090103.0,-5517385.0,-0.02346,-0.0106,-188.3335,-0.1901,8.0348,0.0117
8160.SR,2018,265000000.0,285090103.0,-5517385.0,-0.02346,-0.0106,-188.3335,-0.1901,8.0348,0.0117
8160.SR,2019,265000000.0,285090103.0,-5517385.0,-0.02346,-0.0106,-188.3335,-0.1901,8.0348,0.0117
8160.SR,2020,265000000.0,285090103.0,-5517385.0,-0.02346,-0.0106,-188.3335,-0.1901,8.0348,0.0117
8160.SR,2021,265000000.0,285090103.0,-5517385.0,-0.02346,-0.0106,-188.3335,-0.1901,8.0348,0.0117
8160.SR,2022,265000000.0,1140727009.0,7255779.0,0.03036,0.00762,47.619,0.21,4.5812,0.0051
8160.SR,2023,530000000.0,1240009716.0,66291668.0,0.16517,0.04165,13.2982,1.14,10.5644,0.0092
8160.SR,2024,530000000.0,1121096037.0,31727744.0,0.05448,0.018,23.5088,0.57,11.4139,0.0096
8170.SR,2014,400000000.0,899884000.0,33432317.0,0.06396,0.0235,23.8559,0.666,10.4544,0.006
8170.SR,2015,400000000.0,899884000.0,33432317.0,0.06396,0.0235,23.8559,0.666,10.4544,0.006
8170.SR,2016,400000000.0,899884000.0,33432317.0,0.06396,0.0235,23.8559,0.666,10.4544,0.006
8170.SR,2017,400000000.0,899884000.0,33432317.0,0.06396,0.0235,23.8559,0.666,10.4544,0.006
8170.SR,2018,400000000.0,899884000.0,33432317.0,0.06396,0.0235,23.8559,0.666,10.4544,0.006
8170.SR,2019,400000000.0,899884000.0,33432317.0,0.06396,0.0235,23.8559,0.666,10.4544,0.006
8170.SR,2020,400000000.0,899884000.0,33432317.0,0.06396,0.0235,23.8559,0.666,10.4544,0.006
8170.SR,2021,400000000.0,899884000.0,33432317.0,0.06396,0.0235,23.8559,0.666,10.4544,0.006
8170.SR,2022,450000000.0,978845000.0,12702000.0,0.02398,0.00865,54.0,0.252,10.7323,0.0137
8170.SR,2023,450000000.0,1198193000.0,93896000.0,0.15543,0.05547,8.8085,1.88,13.4324,0.0087
8170.SR,2024,500000000.0,839125000.0,49134000.0,0.07104,0.02873,17.7551,0.98,14.2331,0.0095
8180.SR,2014,400000000.0,540505162.0,-74471147.0,-0.34918,-0.0988,-14.5181,-3.5069,10.0423,0.0178
8180.SR,2015,400000000.0,540505162.0,-74471147.0,-0.34918,-0.0988,-14.5181,-3.5069,10.0423,0.0178
8180.SR,2016,400000000.0,540505162.0,-74471147.0,-0.34918,-0.0988,-14.5181,-3.5069,10.0423,0.0178
8180.SR,2017,400000000.0,540505162.0,-74471147.0,-0.34918,-0.0988,-14.5181,-3.5069,10.0423,0.0178
8180.SR,2018,400000000.0,540505162.0,-74471147.0,-0.34918,-0.0988,-14.5181,-3.5069,10.0423,0.0178
8180.SR,2019,400000000.0,540505162.0,-74471147.0,-0.34918,-0.0988,-14.5181,-3.5069,10.0423,0.0178
8180.SR,2020,400000000.0,540505162.0,-74471147.0,-0.34918,-0.0988,-14.5181,-3.5069,10.0423,0.0178
8180.SR,2021,400000000.0,540505162.0,-74471147.0,-0.34918,-0.0988,-14.5181,-3.5069,10.0423,0.0178
8180.SR,2022,140000000.0,414437387.0,-53459717.0,-0.29154,-0.0809,-5.5755,-2.5181,7.2257,0.0171
8180.SR,2023,140000000.0,375758591.0,42299859.0,0.24058,0.07409,12.6884,1.99,9.3323,0.0073
8180.SR,2024,300000000.0,342599237.0,31858208.0,0.10635,0.04836,13.9206,1.26,13.3637,0.002
8190.SR,2014,400000000.0,442557000.0,-73671000.0,-0.23945,-0.0982,-18.4511,-1.84,7.6918,0.0201
8190.SR,2015,400000000.0,442557000.0,-73671000.0,-0.23945,-0.0982,-18.4511,-1.84,7.6918,0.0201
8190.SR,2016,400000000.0,442557000.0,-73671000.0,-0.23945,-0.0982,-18.4511,-1.84,7.6918,0.0201
8190.SR,2017,400000000.0,442557000.0,-73671000.0,-0.23945,-0.0982,-18.4511,-1.84,7.6918,0.0201
8190.SR,2018,400000000.0,442557000.0,-73671000.0,-0.23945,-0.0982,-18.4511,-1.84,7.6918,0.0201
8190.SR,2019,400000000.0,442557000.0,-73671000.0,-0.23945,-0.0982,-18.4511,-1.84,7.6918,0.0201
8190.SR,2020,400000000.0,442557000.0,-73671000.0,-0.23945,-0.0982,-18.4511,-1.84,7.6918,0.0201
8190.SR,2021,400000000.0,442557000.0,-73671000.0,-0.23945,-0.0982,-18.4511,-1.84,7.6918,0.0201
8190.SR,2022,400000000.0,491395000.0,-55482000.0,-0.19681,-0.07409,-5.1799,-1.39,6.4038,0.0228
8190.SR,2023,400000000.0,532607000.0,5292000.0,0.0203,0.00685,67.2308,0.13,6.6289,0.0142
8190.SR,2024,400000000.0,652289000.0,-15055000.0,-0.05644,-0.01752,-23.4737,-0.38,6.7078,0.0051
8200.SR,2014,891000000.0,1129222165.0,38309395.0,0.04012,0.01838,38.6047,0.43,10.7169,0.0595
8200.SR,2015,891000000.0,1129222165.0,38309395.0,0.04012,0.01838,38.6047,0.43,10.7169,0.0595
8200.SR,2016,891000000.0,1129222165.0,38309395.0,0.04012,0.01838,38.6047,0.43,10.7169,0.0595
8200.SR,2017,891000000.0,1129222165.0,38309395.0,0.04012,0.01838,38.6047,0.43,10.7169,0.0595
8200.SR,2018,891000000.0,1129222165.0,38309395.0,0.04012,0.01838,38.6047,0.43,10.7169,0.0595
8200.SR,2019,891000000.0,1129222165.0,38309395.0,0.04012,0.01838,38.6047,0.43,10.7169,0.0595
8200.SR,2020,891000000.0,1129222165.0,38309395.0,0.04012,0.01838,38.6047,0.43,10.7169,0.0595
8200.SR,2021,891000000.0,1129222165.0,38309395.0,0.04012,0.01838,38.6047,0.43,10.7169,0.0595
8200.SR,2022,891000000.0,1238886544.0,76052381.0,0.07713,0.03505,16.1176,0.85,11.4162,0.0558
8200.SR,2023,891000000.0,1434809270.0,124429494.0,0.115,0.05144,13.2857,1.4,12.8712,0.0495
8200.SR,2024,891000000.0,1806504197.0,474811642.0,0.34422,0.15827,10.1126,5.33,18.0911,0.0352
8210.SR,2014,1200000000.0,6465427000.0,625570000.0,0.15038,0.05887,25.1483,4.18,27.7331,0.0301
8210.SR,2015,1200000000.0,6465427000.0,625570000.0,0.15038,0.05887,25.1483,4.18,27.7331,0.0301
8210.SR,2016,1200000000.0,6465427000.0,625570000.0,0.15038,0.05887,25.1483,4.18,27.7331,0.0301
8210.SR,2017,1200000000.0,6465427000.0,625570000.0,0.15038,0.05887,25.1483,4.18,27.7331,0.0301
8210.SR,2018,1200000000.0,6465427000.0,625570000.0,0.15038,0.05887,25.1483,4.18,27.7331,0.0301
8210.SR,2019,1200000000.0,6465427000.0,625570000.0,0.15038,0.05887,25.1483,4.18,27.7331,0.0301
8210.SR,2020,1200000000.0,6465427000.0,625570000.0,0.15038,0.05887,25.1483,4.18,27.7331,0.0301
8210.SR,2021,1200000000.0,6465427000.0,625570000.0,0.15038,0.05887,25.1483,4.18,27.7331,0.0301
8210.SR,2022,1500000000.0,7914042000.0,805117000.0,0.19259,0.07081,26.679,5.39,28.0059,0.044
8210.SR,2023,1500000000.0,9762822000.0,940163000.0,0.21183,0.07081,33.9269,6.29,31.1702,0.0355
8210.SR,2024,1500000000.0,10457083000.0,1166002000.0,0.23812,0.0777,26.5725,7.79,34.12,0.0283
8230.SR,2014,400000000.0,2745897000.0,108589000.0,0.08184,0.02666,31.5854,0.984,13.2688,0.0411
8230.SR,2015,400000000.0,2745897000.0,108589000.0,0.08184,0.02666,31.5854,0.984,13.2688,0.0411
8230.SR,2016,400000000.0,2745897000.0,108589000.0,0.08184,0.02666,31.5854,0.984,13.2688,0.0411
8230.SR,2017,400000000.0,2745897000.0,108589000.0,0.08184,0.02666,31.5854,0.984,13.2688,0.0411
8230.SR,2018,400000000.0,2745897000.0,108589000.0,0.08184,0.02666,31.5854,0.984,13.2688,0.0411
8230.SR,2019,400000000.0,2745897000.0,108589000.0,0.08184,0.02666,31.5854,0.984,13.2688,0.0411
8230.SR,2020,400000000.0,2745897000.0,108589000.0,0.08184,0.02666,31.5854,0.984,13.2688,0.0411
8230.SR,2021,400000000.0,2745897000.0,108589000.0,0.08184,0.02666,31.5854,0.984,13.2688,0.0411
8230.SR,2022,400000000.0,3003814000.0,72391000.0,0.05455,0.01723,49.7222,0.72,13.2736,0.0371
8230.SR,2023,1000000000.0,5101401000.0,328061000.0,0.21511,0.05882,21.6463,3.28,17.2279,0.0241
8230.SR,2024,1000000000.0,10006982000.0,332343000.0,0.17477,0.03515,51.6867,3.32,20.8042,0.0186
8240.SR,2014,300000000.0,238353446.0,8943629.0,0.02318,0.01433,152.2917,0.24,12.8595,0.7945114866666667
8240.SR,2015,300000000.0,238353446.0,8943629.0,0.02318,0.01433,152.2917,0.24,12.8595,0.7945114866666667
8240.SR,2016,300000000.0,238353446.0,8943629.0,0.02318,0.01433,152.2917,0.24,12.8595,0.7945114866666667
8240.SR,2017,300000000.0,238353446.0,8943629.0,0.02318,0.01433,152.2917,0.24,12.8595,0.7945114866666667
8240.SR,2018,300000000.0,238353446.0,8943629.0,0.02318,0.01433,152.2917,0.24,12.8595,0.7945114866666667
8240.SR,2019,300000000.0,238353446.0,8943629.0,0.02318,0.01433,152.2917,0.24,12.8595,0.7945114866666667
8240.SR,2020,300000000.0,238353446.0,8943629.0,0.02318,0.01433,152.2917,0.24,12.8595,0.7945114866666667
8240.SR,2021,300000000.0,238353446.0,8943629.0,0.02318,0.01433,152.2917,0.24,12.8595,0.7945114866666667
8240.SR,2022,300000000.0,305389223.0,12537584.0,0.03212,0.01893,36.9048,0.42,13.1601,1.0179640766666669
8240.SR,2023,300000000.0,334562365.0,24817556.0,0.06063,0.03403,30.1205,0.83,14.128,1.1152078833333334
8240.SR,2024,300000000.0,233405672.0,16292651.0,0.0371,0.02253,91.6667,0.54,15.1472,0.7780189066666666
8250.SR,2014,500000000.0,1713601000.0,154553000.0,0.14762,0.05599,11.9134,2.6381,19.9425,0.0185
8250.SR,2015,500000000.0,1713601000.0,154553000.0,0.14762,0.05599,11.9134,2.6381,19.9425,0.0185
8250.SR,2016,500000000.0,1713601000.0,154553000.0,0.14762,0.05599,11.9134,2.6381,19.9425,0.0185
8250.SR,2017,500000000.0,1713601000.0,154553000.0,0.14762,0.05599,11.9134,2.6381,19.9425,0.0185
8250.SR,2018,500000000.0,1713601000.0,154553000.0,0.14762,0.05599,11.9134,2.6381,19.9425,0.0185
8250.SR,2019,500000000.0,1713601000.0,154553000.0,0.14762,0.05599,11.9134,2.6381,19.9425,0.0185
8250.SR,2020,500000000.0,1713601000.0,154553000.0,0.14762,0.05599,11.9134,2.6381,19.9425,0.0185
8250.SR,2021,500000000.0,1713601000.0,154553000.0,0.14762,0.05599,11.9134,2.6381,19.9425,0.0185
8250.SR,2022,500000000.0,1648298000.0,15913000.0,0.01603,0.00595,78.0952,0.3,17.8864,0.018
8250.SR,2023,525000000.0,1895618000.0,128526000.0,0.12828,0.04633,10.7347,2.45,20.2827,0.0283
8250.SR,2024,525000000.0,1682641000.0,98195000.0,0.09114,0.03426,10.7347,2.45,20.7611,0.0243
8260.SR,2014,500000000.0,177624000.0,-86776000.0,-0.21909,-0.15126,-5.0,-4.2133,13.2022,0.0031
8260.SR,2015,500000000.0,177624000.0,-86776000.0,-0.21909,-0.15126,-5.0,-4.2133,13.2022,0.0031
8260.SR,2016,500000000.0,177624000.0,-86776000.0,-0.21909,-0.15126,-5.0,-4.2133,13.2022,0.0031
8260.SR,2017,500000000.0,177624000.0,-86776000.0,-0.21909,-0.15126,-5.0,-4.2133,13.2022,0.0031
8260.SR,2018,500000000.0,177624000.0,-86776000.0,-0.21909,-0.15126,-5.0,-4.2133,13.2022,0.0031
8260.SR,2019,500000000.0,177624000.0,-86776000.0,-0.21909,-0.15126,-5.0,-4.2133,13.2022,0.0031
8260.SR,2020,500000000.0,177624000.0,-86776000.0,-0.21909,-0.15126,-5.0,-4.2133,13.2022,0.0031
8260.SR,2021,500000000.0,177624000.0,-86776000.0,-0.21909,-0.15126,-5.0,-4.2133,13.2022,0.0031
8260.SR,2022,500000000.0,187898000.0,-106067000.0,-0.30756,-0.20103,-3.2123,-3.5333,9.7885,0.0003
8260.SR,2023,500000000.0,189804000.0,3532000.0,0.01189,0.00727,109.7222,0.12,10.0131,0.015
8260.SR,2024,300000000.0,209280000.0,-94207000.0,-0.35936,-0.20405,-3.3057,-3.14,7.4635,0.0153
8270.SR,2014,300000000.0,417631466.0,4313807.0,0.00974,0.00501,157.8571,0.14,14.7591,0.0117
8270.SR,2015,300000000.0,417631466.0,4313807.0,0.00974,0.00501,157.8571,0.14,14.7591,0.0117
8270.SR,2016,300000000.0,417631466.0,4313807.0,0.00974,0.00501,157.8571,0.14,14.7591,0.0117
8270.SR,2017,300000000.0,417631466.0,4313807.0,0.00974,0.00501,157.8571,0.14,14.7591,0.0117
8270.SR,2018,300000000.0,417631466.0,4313807.0,0.00974,0.00501,157.8571,0.14,14.7591,0.0117
8270.SR,2019,300000000.0,417631466.0,4313807.0,0.00974,0.00501,157.8571,0.14,14.7591,0.0117
8270.SR,2020,300000000.0,417631466.0,4313807.0,0.00974,0.00501,157.8571,0.14,14.7591,0.0117
8270.SR,2021,300000000.0,417631466.0,4313807.0,0.00974,0.00501,157.8571,0.14,14.7591,0.0117
8270.SR,2022,300000000.0,331572575.0,-29000327.0,-0.06719,-0.03597,-16.2268,-0.97,14.0161,0.0026
8270.SR,2023,300000000.0,402801715.0,20083440.0,0.04642,0.02511,28.5672,0.67,14.8279,0.0003
8270.SR,2024,300000000.0,294714826.0,9385565.0,0.02042,0.01161,63.4194,0.31,15.8124,0.005
8280.SR,2014,400000000.0,361634000.0,-35377000.0,-0.093,-0.04768,-25.9545,-0.88,9.5101,0.904085
8280.SR,2015,400000000.0,361634000.0,-35377000.0,-0.093,-0.04768,-25.9545,-0.88,9.5101,0.904085
8280.SR,2016,400000000.0,361634000.0,-35377000.0,-0.093,-0.04768,-25.9545,-0.88,9.5101,0.904085
8280.SR,2017,400000000.0,361634000.0,-35377000.0,-0.093,-0.04768,-25.9545,-0.88,9.5101,0.904085
8280.SR,2018,400000000.0,361634000.0,-35377000.0,-0.093,-0.04768,-25.9545,-0.88,9.5101,0.904085
8280.SR,2019,400000000.0,361634000.0,-35377000.0,-0.093,-0.04768,-25.9545,-0.88,9.5101,0.904085
8280.SR,2020,400000000.0,361634000.0,-35377000.0,-0.093,-0.04768,-25.9545,-0.88,9.5101,0.904085
8280.SR,2021,400000000.0,361634000.0,-35377000.0,-0.093,-0.04768,-25.9545,-0.88,9.5101,0.904085
8280.SR,2022,400000000.0,457021000.0,-42945000.0,-0.12032,-0.05605,-10.6542,-1.07,8.3356,1.1425525
8280.SR,2023,400000000.0,448693000.0,11258000.0,0.03112,0.01382,63.1429,0.28,9.7498,1.1217325
8280.SR,2024,400000000.0,578495000.0,32761000.0,0.07889,0.03527,20.7805,0.82,11.0138,1.4462375
8300.SR,2014,200000000.0,733658000.0,-54476000.0,-0.22953,-0.0561,-14.9951,-1.8,7.8504,3.66829
8300.SR,2015,200000000.0,733658000.0,-54476000.0,-0.22953,-0.0561,-14.9951,-1.8,7.8504,3.66829
8300.SR,2016,200000000.0,733658000.0,-54476000.0,-0.22953,-0.0561,-14.9951,-1.8,7.8504,3.66829
8300.SR,2017,200000000.0,733658000.0,-54476000.0,-0.22953,-0.0561,-14.9951,-1.8,7.8504,3.66829
8300.SR,2018,200000000.0,733658000.0,-54476000.0,-0.22953,-0.0561,-14.9951,-1.8,7.8504,3.66829
8300.SR,2019,200000000.0,733658000.0,-54476000.0,-0.22953,-0.0561,-14.9951,-1.8,7.8504,3.66829
8300.SR,2020,200000000.0,733658000.0,-54476000.0,-0.22953,-0.0561,-14.9951,-1.8,7.8504,3.66829
8300.SR,2021,200000000.0,733658000.0,-54476000.0,-0.22953,-0.0561,-14.9951,-1.8,7.8504,3.66829
8300.SR,2022,400000000.0,933928000.0,-27662000.0,-0.0868,-0.024,-18.2973,-0.74,10.001,2.33482
8300.SR,2023,400000000.0,1375968000.0,84581000.0,0.19043,0.05289,8.654,2.11,12.207,0.0003
8300.SR,2024,400000000.0,1525188000.0,103050000.0,0.18772,0.05154,9.5039,2.58,15.2408,0.0077
8310.SR,2014,130000000.0,227831000.0,-119136000.0,-1.9084,-0.331988,-3.7555,-9.16,0.2101,1.7525461538461538
8310.SR,2015,130000000.0,227831000.0,-119136000.0,-1.9084,-0.331988,-3.7555,-9.16,0.2101,1.7525461538461538
8310.SR,2016,130000000.0,227831000.0,-119136000.0,-1.9084,-0.331988,-3.7555,-9.16,0.2101,1.7525461538461538
8310.SR,2017,130000000.0,227831000.0,-119136000.0,-1.9084,-0.331988,-3.7555,-9.16,0.2101,1.7525461538461538
8310.SR,2018,130000000.0,227831000.0,-119136000.0,-1.9084,-0.331988,-3.7555,-9.16,0.2101,1.7525461538461538
8310.SR,2019,130000000.0,227831000.0,-119136000.0,-1.9084,-0.331988,-3.7555,-9.16,0.2101,1.7525461538461538
8310.SR,2020,130000000.0,227831000.0,-119136000.0,-1.9084,-0.331988,-3.7555,-9.16,0.2101,1.7525461538461538
8310.SR,2021,130000000.0,227831000.0,-119136000.0,-1.9084,-0.331988,-3.7555,-9.16,0.2101,1.7525461538461538
8310.SR,2022,430000000.0,190245000.0,-48183000.0,-0.37949,-0.1434,-5.3706,-1.7,5.842,0.4424302325581395
8310.SR,2023,430000000.0,168215000.0,25439000.0,0.09529,0.05701,22.1695,0.59,6.5743,0.3911976744186046
8310.SR,2024,430000000.0,160793000.0,12027000.0,0.04039,0.02602,37.8571,0.28,7.2741,0.3739372093023256
8311.SR,2014,150000000.0,225066000.0,-61972000.0,-1.12785,-0.22132,-7.5303,-4.1797,3.3626,0.0409
8311.SR,2015,150000000.0,225066000.0,-61972000.0,-1.12785,-0.22132,-7.5303,-4.1797,3.3626,0.0409
8311.SR,2016,150000000.0,225066000.0,-61972000.0,-1.12785,-0.22132,-7.5303,-4.1797,3.3626,0.0409
8311.SR,2017,150000000.0,225066000.0,-61972000.0,-1.12785,-0.22132,-7.5303,-4.1797,3.3626,0.0409
8311.SR,2018,150000000.0,225066000.0,-61972000.0,-1.12785,-0.22132,-7.5303,-4.1797,3.3626,0.0409
8311.SR,2019,150000000.0,225066000.0,-61972000.0,-1.12785,-0.22132,-7.5303,-4.1797,3.3626,0.0409
8311.SR,2020,150000000.0,225066000.0,-61972000.0,-1.12785,-0.22132,-7.5303,-4.1797,3.3626,0.0409
8311.SR,2021,150000000.0,225066000.0,-61972000.0,-1.12785,-0.22132,-7.5303,-4.1797,3.3626,0.0409
8311.SR,2022,230000000.0,190681000.0,-6355000.0,-0.05649,-0.01984,-21.0643,-0.4263,6.7067,0.0046
8311.SR,2023,230000000.0,149043000.0,20222000.0,0.11209,0.05773,19.168,0.7982,7.5229,0.6480130434782608
8311.SR,2024,230000000.0,105947000.0,-26762000.0,-0.15091,-0.08779,-12.0322,-1.0522,7.1267,0.0144
8313.SR,2014,70500000.0,196194033.0,45952326.0,0.37979,0.14487,66.9767,0.65,1.5962,0.0322
8313.SR,2015,70500000.0,196194033.0,45952326.0,0.37979,0.14487,66.9767,0.65,1.5962,0.0322
8313.SR,2016,70500000.0,196194033.0,45952326.0,0.37979,0.14487,66.9767,0.65,1.5962,0.0322
8313.SR,2017,70500000.0,196194033.0,45952326.0,0.37979,0.14487,66.9767,0.65,1.5962,0.0322
8313.SR,2018,70500000.0,196194033.0,45952326.0,0.37979,0.14487,66.9767,0.65,1.5962,0.0322
8313.SR,2019,70500000.0,196194033.0,45952326.0,0.37979,0.14487,66.9767,0.65,1.5962,0.0322
8313.SR,2020,70500000.0,196194033.0,45952326.0,0.37979,0.14487,66.9767,0.65,1.5962,0.0322
8313.SR,2021,70500000.0,196194033.0,45952326.0,0.37979,0.14487,66.9767,0.65,1.5962,0.0322
8313.SR,2022,70500000.0,196194033.0,45952326.0,0.37979,0.14487,66.9767,0.65,1.5962,0.0322
8313.SR,2023,70500000.0,196194033.0,45952326.0,0.37979,0.14487,66.9767,0.65,1.5962,0.0322
8313.SR,2024,75800000.0,516947356.0,94727797.0,0.35353,0.15168,66.9767,1.29,5.4736,0.0093
