symbol,year,capital,total_liabilities,net_income,roe,roa,pe,eps,bvps,de,earnings_yield
1201,2021,950000000.0000,1080646000.0000,19026000.0000,0.0314,0.0113,128.6424,0.284200,9.079800,1.094100,0.00777349
1201,2022,950000000.0000,1217030000.0000,-158916000.0000,-0.3051,-0.0952,-7.7436,-2.376700,6.501700,1.507500,
1201,2023,464646000.0000,1100647000.0000,-223333000.0000,-0.6997,-0.1511,-3.7359,-4.090000,3.047400,3.609400,
1201,2024,764646000.0000,852388000.0000,-75835000.0000,-0.2547,-0.0595,-9.9810,-1.050000,5.121800,1.518600,
1202,2021,500000000.0000,887221889.0000,220710095.0000,0.2246,0.1180,9.8792,3.310000,14.829300,0.704300,0.10122277
1202,2022,666666660.0000,764228251.0000,269698532.0000,0.2493,0.1413,8.0864,4.050000,17.714800,0.486100,0.12366442
1202,2023,666666660.0000,862730540.0000,-80269141.0000,-0.0712,-0.0414,-28.7500,-1.200000,16.114400,0.550900,
1202,2024,866666650.0000,958566909.0000,-77326129.0000,-0.0577,-0.0345,-41.2360,-0.890000,18.533400,0.441400,
1210,2021,275000000.0000,447304369.0000,34368495.0000,0.0603,0.0320,32.0400,1.250000,20.732600,0.487400,0.03121099
1210,2022,275000000.0000,567960439.0000,40432242.0000,0.0683,0.0346,22.9252,1.470000,22.307800,0.613300,0.04362012
1210,2023,275000000.0000,571010419.0000,5518143.0000,0.0092,0.0044,166.0000,0.200000,21.539900,0.532600,0.00602410
1210,2024,275000000.0000,533865328.0000,8505126.0000,0.0143,0.0069,99.5161,0.310000,21.853700,0.511100,0.01004863
1211,2021,12305911460.0000,59369118054.0000,5227700464.0000,0.1466,0.0506,18.5142,1.413300,9.656900,1.348800,0.05401260
1211,2022,24611822920.0000,55546418741.0000,9319047152.0000,0.2309,0.0867,17.1164,2.520000,12.208000,0.954900,0.05842350
1211,2023,36917734380.0000,55058359289.0000,1577326494.0000,0.0345,0.0141,112.9070,0.430000,12.581200,0.841000,0.00885685
1211,2024,38027858710.0000,54933138491.0000,2871544808.0000,0.0584,0.0253,64.4872,0.780000,13.672500,0.723700,0.01550695
1301,2021,351000000.0000,57194125.0000,46182991.0000,0.1043,0.0924,22.6136,1.650000,15.763300,0.007400,0.04422118
1301,2022,351000000.0000,125098880.0000,56675330.0000,0.1271,0.1055,14.9068,2.012500,16.009300,0.009300,0.06708348
1301,2023,280800000.0000,83634225.0000,20419420.0000,0.0497,0.0396,47.4603,0.630000,13.246400,0.009400,0.02107024
1301,2024,280800000.0000,72776397.0000,16232927.0000,0.0439,0.0362,49.9138,0.580000,13.089400,0.007100,0.02003454
1304,2021,508000000.0000,691722986.0000,207831707.0000,0.2723,0.1302,10.6112,4.090000,15.026200,0.681000,0.09424005
1304,2022,508000000.0000,1135592305.0000,-26655991.0000,-0.0378,-0.0152,-43.0769,-0.520000,12.727200,1.423100,
1304,2023,508000000.0000,1170531348.0000,-130142311.0000,-0.2235,-0.0702,-9.6641,-2.560000,10.199700,1.802300,
1304,2024,508000000.0000,1093545933.0000,70800717.0000,0.1279,0.0396,24.0647,1.390000,11.596100,1.490900,0.04155464
1320,2021,510000000.0000,476802922.0000,931645.0000,0.0019,0.0010,1680.0001,0.015000,9.797800,0.472900,0.00059524
1320,2022,510000000.0000,487924633.0000,54205644.0000,0.1037,0.0539,16.8391,1.063000,10.892200,0.415400,0.05938560
1320,2023,510000000.0000,1150596330.0000,173051631.0000,0.2720,0.1123,10.6985,3.393000,14.282500,0.746300,0.09347105
1320,2024,510000000.0000,913171868.0000,180630645.0000,0.2280,0.0890,18.3794,3.542000,17.064000,0.636800,0.05440874
1321,2021,,,,,,,,,,
1321,2022,210000000.0000,380928570.0000,-3245320.0000,-0.0063,-0.0036,-373.0000,-0.100000,16.348900,0.568600,
1321,2023,315000000.0000,371875930.0000,99920835.0000,0.1768,0.1061,25.7098,3.170000,19.537800,0.419000,0.03889567
1321,2024,315000000.0000,634894318.0000,267507881.0000,0.3646,0.2162,16.5371,8.490000,27.044900,0.346300,0.06047009
2001,2021,674508630.0000,884025310.0000,244004449.0000,0.2396,0.1283,9.9448,3.620000,15.089500,0.677200,0.10055506
2001,2022,674508630.0000,574459404.0000,206428499.0000,0.1843,0.1116,8.2680,3.060000,18.098000,0.306200,0.12094823
2001,2023,674508630.0000,608379362.0000,-177800467.0000,-0.1572,-0.1032,-7.6515,-2.640000,15.415700,0.358400,
2001,2024,674508630.0000,1044184111.0000,-286229346.0000,-0.3164,-0.1661,-4.5792,-4.040000,11.388200,0.868100,
2010,2021,30000000000.0000,107522000000.0000,23066002000.0000,0.1280,0.0722,15.0845,7.690000,60.046900,0.214100,0.06629321
2010,2022,30000000000.0000,95488558000.0000,16529722000.0000,0.0903,0.0523,16.2250,5.510000,62.015400,0.187100,0.06163328
2010,2023,30000000000.0000,99097911000.0000,-2772282000.0000,-0.0157,-0.0091,-90.7609,-0.920000,55.809500,0.200100,
2010,2024,30000000000.0000,94100634000.0000,1538542000.0000,0.0095,0.0054,131.3725,0.510000,52.277700,0.224400,0.00761194
2020,2021,4760354000.0000,2825888000.0000,5228016000.0000,0.3362,0.2633,16.0838,10.980000,32.667300,0.011500,0.06217436
2020,2022,4760354000.0000,6086708000.0000,10036764000.0000,0.5663,0.4279,6.9355,21.080000,41.791000,0.012400,0.14418571
2020,2023,4760354000.0000,6504221000.0000,3659449000.0000,0.1945,0.1398,17.9714,7.690000,37.271000,0.012000,0.05564397
2020,2024,4760354000.0000,6010543000.0000,3327172000.0000,0.1837,0.1309,15.8798,6.990000,38.806800,0.010400,0.06297309
2060,2021,6689142000.0000,13417283000.0000,1356388000.0000,0.1559,0.0543,9.8325,2.030000,13.009200,0.935100,0.10170353
2060,2022,6689142000.0000,12262471000.0000,666346000.0000,0.0728,0.0269,12.3600,1.000000,14.374000,0.741000,0.08090615
2060,2023,6689142000.0000,13193460000.0000,201628000.0000,0.0209,0.0081,41.2667,0.300000,14.466100,0.748600,0.02423261
2060,2024,6689142000.0000,14357485000.0000,102802000.0000,0.0106,0.0040,67.7333,0.150000,14.432600,0.969900,0.01476379
2090,2021,316666667.0000,27928037.0000,20759125.0000,0.0449,0.0423,68.1818,0.660000,14.602400,0.015900,0.01466667
2090,2022,316666667.0000,43068954.0000,-6442845.0000,-0.0157,-0.0145,-111.1000,-0.200000,11.262000,0.018900,
2090,2023,316666667.0000,44105330.0000,5127534.0000,0.0143,0.0127,146.5000,0.160000,11.436100,0.016900,0.00682594
2090,2024,316666667.0000,28308897.0000,-12693428.0000,-0.0358,-0.0325,-54.3500,-0.400000,10.958600,0.016000,
2150,2021,329000000.0000,126963841.0000,51114630.0000,0.0798,0.0666,28.3871,1.550000,19.458900,0.117700,0.03522727
2150,2022,329000000.0000,128461919.0000,104330993.0000,0.1567,0.1315,10.3312,3.170000,21.024100,0.085600,0.09679418
2150,2023,329000000.0000,66830638.0000,47878843.0000,0.0678,0.0595,27.3973,1.460000,21.933500,0.021200,0.03649995
2150,2024,329000000.0000,78692392.0000,96831561.0000,0.1312,0.1194,18.4694,2.940000,22.926600,0.035000,0.05414361
2170,2021,692000000.0000,1763623000.0000,1622307000.0000,0.6229,0.3123,2.3038,23.440000,52.781800,0.458800,0.43406546
2170,2022,692000000.0000,1422715000.0000,64543000.0000,0.0249,0.0129,40.0538,0.930000,52.459700,0.400300,0.02496642
2170,2023,692000000.0000,1554850000.0000,-82245000.0000,-0.0293,-0.0175,-25.0621,-1.610000,43.817100,0.364000,
2170,2024,692000000.0000,490516000.0000,-50703000.0000,-0.0155,-0.0100,-52.4658,-0.730000,50.478800,0.007500,
2180,2021,115000000.0000,183356852.0000,-9063067.0000,-0.0755,-0.0299,-66.7089,-0.790000,10.442400,0.885900,
2180,2022,115000000.0000,154996313.0000,9795159.0000,0.0777,0.0332,41.0000,0.850000,11.481200,0.579300,0.02439024
2180,2023,115000000.0000,143027171.0000,11989910.0000,0.0870,0.0418,52.6923,1.040000,12.495800,0.414400,0.01897810
2180,2024,115000000.0000,136077381.0000,930509.0000,0.0064,0.0033,,,12.647500,0.346000,
2200,2021,400000000.0000,454919000.0000,-60116000.0000,-0.5687,-0.1072,-14.6068,-0.300500,0.528500,2.871600,
2200,2022,100000000.0000,667242000.0000,-10488000.0000,-0.1013,-0.0158,-50.7936,-0.052500,0.506600,4.244000,
2200,2023,100000000.0000,674594000.0000,132105000.0000,0.7900,0.1576,12.8889,0.660000,1.165600,2.011700,0.07758614
2200,2024,150000000.0000,530264000.0000,168177000.0000,0.5302,0.1829,14.5000,0.840000,2.006600,1.044200,0.06896552
2210,2021,235200000.0000,820671000.0000,27689000.0000,0.0792,0.0237,27.4002,1.177000,14.978300,1.507800,0.03649608
2210,2022,235200000.0000,747111000.0000,37016000.0000,0.1006,0.0321,20.9657,1.574000,16.410500,1.266300,0.04769695
2210,2023,235200000.0000,777935000.0000,-156885000.0000,-0.5098,-0.1466,-4.8126,-6.670000,9.756600,2.292400,
2210,2024,235200000.0000,855007000.0000,11719000.0000,0.0495,0.0111,,,10.379400,2.298100,
2220,2021,354000000.0000,150862198.0000,-29130080.0000,-0.0828,-0.0580,-26.1735,-0.980000,9.937800,0.121600,
2220,2022,354000000.0000,130087782.0000,-38997304.0000,-0.1169,-0.0823,-15.3818,-1.100000,8.914300,0.106600,
2220,2023,354000000.0000,113938352.0000,-31470394.0000,-0.1049,-0.0746,-22.3146,-0.890000,8.030500,0.101300,
2220,2024,354000000.0000,128638135.0000,-40296356.0000,-0.1521,-0.1044,-15.5439,-1.140000,6.934400,0.115000,
2223,2021,441000000.0000,4119756906.0000,1502515031.0000,0.3540,0.1796,,8.900000,25.152900,0.556700,
2223,2022,1687500000.0000,3561986000.0000,1978080000.0000,0.4241,0.2326,7.9352,11.720000,30.224400,0.435300,0.12602077
2223,2023,1687500000.0000,3987677000.0000,1509612000.0000,0.3034,0.1725,16.1693,8.980000,28.937400,0.437100,0.06184560
2223,2024,1687500000.0000,3341788000.0000,972028000.0000,0.2098,0.1171,19.3426,5.780000,26.135700,0.243500,0.05169936
2240,2021,600000000.0000,4565400000.0000,-159417000.0000,-0.1649,-0.0279,-10.4323,-2.660000,16.112100,2.641900,
2240,2022,600000000.0000,5059169000.0000,-178069000.0000,-0.2050,-0.0304,-5.3535,-2.970000,12.848000,3.771700,
2240,2023,600000000.0000,5424772000.0000,-297843000.0000,-0.4872,-0.0493,-5.2923,-4.960000,7.530000,5.212700,
2240,2024,600000000.0000,5363929000.0000,26805000.0000,0.0576,0.0044,71.8889,0.450000,7.975300,4.536300,0.01391035
2250,2021,4500000000.0000,418111000.0000,1136272000.0000,0.1551,0.0923,12.3123,2.811100,18.095000,0.092914,0.08121959
2250,2022,7548000000.0000,367240000.0000,277440000.0000,0.0308,0.0238,53.6097,0.455600,15.731900,0.048654,0.01865334
2250,2023,7548000000.0000,749808000.0000,112201000.0000,0.0108,0.0103,147.9997,0.166700,14.753800,0.099339,0.00675677
2250,2024,7548000000.0000,266931000.0000,201243000.0000,0.0203,0.0193,61.8519,0.300000,14.477000,0.035364,0.01616765
2290,2021,5625000000.0000,3118519000.0000,1531299000.0000,0.1018,0.0843,25.2574,2.720000,26.742000,0.009700,0.03959236
2290,2022,5625000000.0000,2628738000.0000,414145000.0000,0.0285,0.0238,56.2162,0.740000,24.979300,0.010500,0.01778847
2290,2023,5625000000.0000,2881083000.0000,-485144000.0000,-0.0374,-0.0308,-44.2442,-0.860000,21.157000,0.009500,
2290,2024,5625000000.0000,2887516000.0000,420334000.0000,0.0363,0.0291,50.4000,0.750000,19.976300,0.009400,0.01984127
2300,2021,192000000.0000,764117908.0000,30275860.0000,0.1424,0.0310,17.9787,1.516800,6.635300,2.850800,0.05562137
2300,2022,337000000.0000,655809266.0000,46894939.0000,0.1528,0.0461,14.3333,1.472700,10.826100,1.255000,0.06976760
2300,2023,337000000.0000,604541279.0000,72935736.0000,0.1669,0.0683,20.4661,1.970000,12.789000,0.908100,0.04886129
2300,2024,370700000.0000,710363933.0000,83237867.0000,0.1689,0.0723,28.8444,2.250000,13.876300,0.946700,0.03466877
2310,2021,7333333000.0000,8742992000.0000,3591844000.0000,0.2463,0.1468,8.5714,4.900000,19.888800,0.379800,0.11666706
2310,2022,7333333000.0000,6738483000.0000,3595291000.0000,0.2366,0.1500,6.9286,4.900000,21.555400,0.219700,0.14432930
2310,2023,7333333000.0000,5601573000.0000,1174994000.0000,0.0749,0.0517,21.2812,1.600000,21.230800,0.174700,0.04698983
2310,2024,7333333000.0000,5111792000.0000,426139000.0000,0.0277,0.0198,42.8966,0.580000,20.780700,0.148200,0.02331187
2330,2021,2164734000.0000,1934729000.0000,815395000.0000,0.2184,0.1384,18.7075,3.136000,14.375000,0.284600,0.05345450
2330,2022,2600000000.0000,4619868000.0000,294501000.0000,0.0845,0.0417,37.4449,1.135000,12.459700,1.223700,0.02670591
2330,2023,2600000000.0000,7865375000.0000,171061000.0000,0.0529,0.0174,59.2424,0.660000,12.423400,2.194800,0.01687980
2330,2024,2600000000.0000,9408300000.0000,-259180000.0000,-0.0849,-0.0215,-32.1000,-1.000000,11.049400,2.953400,
2350,2021,15000000000.0000,16427355000.0000,2390616000.0000,0.1452,0.0727,10.7044,1.590000,10.979500,0.812300,0.09341953
2350,2022,15000000000.0000,12795951000.0000,-1243890000.0000,-0.0779,-0.0407,-16.4578,-0.830000,10.318200,0.650700,
2350,2023,15000000000.0000,13396718000.0000,-2136474000.0000,-0.1486,-0.0778,-7.7183,-1.420000,8.856100,0.765600,
2350,2024,15000000000.0000,13366443000.0000,-1803717000.0000,-0.1455,-0.0700,-5.8500,-1.200000,7.668600,0.728400,
2360,2021,150000000.0000,36482403.0000,-2055341.0000,-0.0074,-0.0066,-549.2857,-0.140000,18.462300,0.017400,
2360,2022,150000000.0000,33045314.0000,-8762676.0000,-0.0321,-0.0285,-67.4138,-0.580000,17.902300,0.022700,
2360,2023,150000000.0000,30258143.0000,-59140066.0000,-0.2472,-0.2183,-12.1320,-3.940000,13.991600,0.032600,
2360,2024,150000000.0000,52919528.0000,-108445350.0000,-0.6954,-0.5490,-5.2766,-7.230000,6.802400,0.262600,
3002,2021,1700000000.0000,421583000.0000,165546000.0000,0.0849,0.0698,18.6186,0.970000,11.466200,0.144600,0.05370973
3002,2022,1700000000.0000,429785000.0000,112809000.0000,0.0577,0.0474,18.2727,0.660000,11.543300,0.144100,0.05472645
3002,2023,1700000000.0000,503954000.0000,55162000.0000,0.0280,0.0227,35.6875,0.320000,11.612100,0.172700,0.02802102
3002,2024,1700000000.0000,434378000.0000,68429000.0000,0.0341,0.0276,22.6750,0.400000,12.013600,0.146600,0.04410143
3003,2021,1400000000.0000,125870945.0000,160280269.0000,0.0876,0.0819,19.7719,1.140000,13.072300,0.002800,0.05057683
3003,2022,1400000000.0000,122148587.0000,115010427.0000,0.0630,0.0590,24.3902,0.820000,12.993500,0.002100,0.04100007
3003,2023,1400000000.0000,88035682.0000,82001085.0000,0.0456,0.0431,35.1525,0.590000,12.687000,0.001300,0.02844748
3003,2024,1400000000.0000,99685045.0000,144119933.0000,0.0807,0.0767,17.6699,1.030000,12.822400,0.000900,0.05659342
3004,2021,1800000000.0000,1050856987.0000,106062313.0000,0.0480,0.0325,22.7458,0.590000,12.273800,0.372900,0.04396416
3004,2022,1800000000.0000,1178538927.0000,112023420.0000,0.0505,0.0336,17.3871,0.620000,12.380100,0.394700,0.05751390
3004,2023,1800000000.0000,1277206456.0000,56259215.0000,0.0252,0.0162,34.0000,0.310000,12.445000,0.427000,0.02941176
3004,2024,1800000000.0000,1309958732.0000,100799650.0000,0.0449,0.0285,16.5179,0.560000,12.512300,0.434500,0.06054038
3005,2021,550000000.0000,442478624.0000,81436401.0000,0.1082,0.0682,15.9189,1.480000,13.681800,0.490100,0.06281841
3005,2022,550000000.0000,418083601.0000,22986944.0000,0.0304,0.0194,39.7619,0.420000,13.857100,0.418700,0.02514970
3005,2023,550000000.0000,418432386.0000,3951063.0000,0.0052,0.0033,243.1429,0.070000,13.927900,0.409500,0.00411281
3005,2024,550000000.0000,370612317.0000,47719184.0000,0.0604,0.0403,21.4023,0.870000,14.792600,0.342200,0.04672395
3007,2021,150000000.0000,265355654.0000,64571683.0000,0.2139,0.1138,19.8374,2.870000,13.418100,0.749200,0.05040983
3007,2022,225000000.0000,288541337.0000,15739163.0000,0.0527,0.0273,44.7143,0.700000,13.145100,0.859200,0.02236421
3007,2023,225000000.0000,291337394.0000,33873193.0000,0.1107,0.0569,24.4702,1.510000,14.048700,0.793800,0.04086603
3007,2024,225000000.0000,265269508.0000,12077393.0000,0.0393,0.0206,60.0000,0.540000,13.238400,0.753100,0.01666667
3008,2021,113022000.0000,47281074.0000,8586814.0000,0.0642,0.0474,90.7792,0.038500,0.591800,0.272000,0.01101574
3008,2022,113022000.0000,66439559.0000,1709762.0000,0.0127,0.0089,59.2500,0.030000,0.598200,0.353900,0.01687764
3008,2023,113022000.0000,169684582.0000,-4138744.0000,-0.0311,-0.0165,-133.0000,-0.020000,0.579700,1.101400,
3008,2024,113022000.0000,175205423.0000,-19004824.0000,-0.1563,-0.0646,-32.2500,-0.080000,0.496000,1.197800,
3010,2021,1000000000.0000,599784000.0000,161520000.0000,0.0587,0.0471,23.3333,1.620000,27.496900,0.095100,0.04285720
3010,2022,1000000000.0000,557987000.0000,181006000.0000,0.0672,0.0539,18.5359,1.810000,26.352600,0.089700,0.05394936
3010,2023,1000000000.0000,472654000.0000,139633000.0000,0.0536,0.0435,24.6071,1.400000,25.731100,0.058600,0.04063868
3010,2024,1000000000.0000,433745000.0000,160097000.0000,0.0623,0.0514,16.2500,1.600000,25.654100,0.035000,0.06153846
3020,2021,2025000000.0000,1642813468.0000,153665412.0000,0.0359,0.0259,34.2105,0.760000,21.135700,0.275900,0.02923079
3020,2022,2025000000.0000,1699548778.0000,355798550.0000,0.0797,0.0580,15.3409,1.760000,22.969200,0.238300,0.06518522
3020,2023,2025000000.0000,1749432045.0000,304251843.0000,0.0648,0.0474,22.7667,1.500000,23.374400,0.279700,0.04392380
3020,2024,2025000000.0000,2473498785.0000,420705984.0000,0.0879,0.0610,16.8510,2.080000,23.917700,0.370200,0.05934366
3030,2021,1530000000.0000,958971000.0000,331920000.0000,0.1364,0.0979,25.2535,2.170000,15.903900,0.153500,0.03959847
3030,2022,1530000000.0000,984639000.0000,398838000.0000,0.1688,0.1196,19.5402,2.610000,14.986700,0.151600,0.05117655
3030,2023,1530000000.0000,1054821000.0000,381027000.0000,0.1712,0.1174,21.1245,2.490000,14.113100,0.206400,0.04733840
3030,2024,1530000000.0000,896439000.0000,421874000.0000,0.1918,0.1329,15.4529,2.760000,14.643900,0.133400,0.06471277
3040,2021,900000000.0000,287784082.0000,291872242.0000,0.1685,0.1445,23.3642,3.240000,19.246400,0.001200,0.04280052
3040,2022,900000000.0000,261651061.0000,130512557.0000,0.0768,0.0661,42.1379,1.450000,18.497500,0.000900,0.02373161
3040,2023,900000000.0000,225505013.0000,141970722.0000,0.0875,0.0761,40.3165,1.580000,17.547800,0.000400,0.02480374
3040,2024,1105590000.0000,373019979.0000,301349338.0000,0.1388,0.1220,17.6510,2.980000,25.182100,0.003200,0.05665401
3050,2021,1400000000.0000,818252446.0000,429150690.0000,0.1347,0.1072,22.8339,3.070000,22.760500,0.103100,0.04379453
3050,2022,1400000000.0000,666219811.0000,300708182.0000,0.0941,0.0764,23.7209,2.150000,22.897100,0.079000,0.04215692
3050,2023,1400000000.0000,797170962.0000,195401445.0000,0.0602,0.0491,30.3929,1.400000,23.472900,0.110300,0.03290242
3050,2024,1400000000.0000,1056891312.0000,243746337.0000,0.0732,0.0573,19.8276,1.740000,24.081900,0.192500,0.05043475
3060,2021,1575000000.0000,565646762.0000,159556334.0000,0.0571,0.0470,35.8416,1.010000,17.745000,0.101100,0.02790054
3060,2022,1575000000.0000,580596601.0000,215407476.0000,0.0774,0.0639,26.0584,1.370000,17.579000,0.061800,0.03837534
3060,2023,1575000000.0000,715545913.0000,119921196.0000,0.0443,0.0357,45.3289,0.760000,16.838100,0.157500,0.02206098
3060,2024,1575000000.0000,644590239.0000,157120485.0000,0.0598,0.0475,24.3000,1.000000,16.546600,0.122200,0.04115226
3080,2021,860000000.0000,382463000.0000,192847000.0000,0.0803,0.0693,18.3891,2.390000,27.933300,0.002300,0.05438004
3080,2022,860000000.0000,494777000.0000,143300000.0000,0.0600,0.0507,24.1018,1.670000,27.598000,0.003000,0.04149068
3080,2023,860000000.0000,456105000.0000,196492000.0000,0.0825,0.0688,16.7105,2.280000,27.767500,0.002800,0.05984261
3080,2024,860000000.0000,470836000.0000,247883000.0000,0.1059,0.0884,11.9444,2.880000,26.670200,0.002600,0.08372124
3090,2021,900000000.0000,462684363.0000,17757321.0000,0.0140,0.0103,88.6294,0.197000,14.082700,0.217300,0.01128294
3090,2022,900000000.0000,388039212.0000,20967188.0000,0.0164,0.0123,64.0343,0.233000,14.317900,0.166800,0.01561663
3090,2023,900000000.0000,352209511.0000,15012235.0000,0.0116,0.0090,81.4371,0.167000,14.349400,0.125200,0.01227942
3090,2024,900000000.0000,309592734.0000,79562528.0000,0.0638,0.0504,14.5475,0.884000,13.358200,0.082200,0.06874033
3091,2021,1430000000.0000,836163395.0000,-92640127.0000,-0.0840,-0.0478,-16.8421,-0.850000,10.143100,0.563400,
3091,2022,1087000000.0000,843448927.0000,30893914.0000,0.0280,0.0159,39.5000,0.280000,10.183400,0.548300,0.02531646
3091,2023,1087000000.0000,911270225.0000,37678330.0000,0.0335,0.0188,34.6857,0.350000,10.528700,0.533900,0.02883032
3091,2024,1087000000.0000,977887202.0000,-27731380.0000,-0.0245,-0.0134,-39.5385,-0.260000,10.271200,0.653200,
3092,2021,1200000000.0000,225713170.0000,213730732.0000,0.1286,0.1132,18.5393,1.780000,13.850700,0.002100,0.05393947
3092,2022,1200000000.0000,215805876.0000,189839971.0000,0.1138,0.1005,20.1266,1.580000,13.959900,0.002100,0.04968549
3092,2023,1200000000.0000,158740390.0000,188772499.0000,0.1125,0.1012,22.1656,1.570000,13.998100,0.002300,0.04511495
3092,2024,1200000000.0000,189220959.0000,310439020.0000,0.1794,0.1630,12.4517,2.590000,14.843700,0.002300,0.08031032
1831,2021,375000000.0000,465234464.0000,144925035.0000,0.2532,0.1399,19.6891,0.321700,1.272100,0.042500,0.05078952
1831,2022,375000000.0000,1150504852.0000,113462364.0000,0.2012,0.0828,17.0304,0.252000,1.234000,1.069400,0.05871853
1831,2023,475000000.0000,1180736798.0000,100225936.0000,0.1783,0.0581,36.1364,0.220000,1.264300,1.076600,0.02767293
1831,2024,475000000.0000,1245167542.0000,127482444.0000,0.2135,0.0705,22.0000,0.280000,1.389200,1.035600,0.04545455
1832,2021,175000000.0000,64292022.0000,3599087.0000,0.0197,0.0146,106.6667,0.096000,1.045000,0.187900,0.00937500
1832,2022,175000000.0000,56088262.0000,-7215933.0000,-0.0402,-0.0301,-78.7805,-0.041000,1.007000,0.101000,
1832,2023,175000000.0000,68190475.0000,-4245445.0000,-0.0244,-0.0180,-133.7500,-0.024000,0.981300,0.200300,
1832,2024,175000000.0000,101935989.0000,-3753257.0000,-0.0221,-0.0147,-153.8095,-0.021000,0.957200,0.331900,
1833,2021,100000000.0000,172021167.0000,55660953.0000,0.2389,0.1374,,3.710700,15.534900,0.083700,
1833,2022,150000000.0000,211032886.0000,75987371.0000,0.2889,0.1672,,5.065800,19.537700,0.071100,
1833,2023,150000000.0000,332729820.0000,88766985.0000,0.2787,0.1504,21.0811,5.920000,22.925700,0.118400,0.04743585
1833,2024,150000000.0000,462337239.0000,95423397.0000,0.2572,0.1242,16.5723,6.360000,26.534100,0.138000,0.06034165
1834,2021,,,,,,,,,,
1834,2022,,,,,,,,,,
1834,2023,400000000.0000,490758993.0000,166287356.0000,0.3187,0.1642,,0.415700,1.304300,0.049300,
1834,2024,400000000.0000,495034552.0000,126423825.0000,0.2253,0.1200,23.9375,0.320000,1.500900,0.075300,0.04177546
1835,2021,,,,,,,,,,
1835,2022,,,,,,,,,,
1835,2023,200000000.0000,148840707.0000,59829040.0000,0.1992,0.1328,,2.257700,11.332300,0.041400,
1835,2024,265000000.0000,204097856.0000,85508204.0000,0.2631,0.1700,19.8452,3.230000,13.196300,0.044400,0.05039002
4270,2021,600000000.0000,1060305825.0000,-59297476.0000,-0.0924,-0.0348,-22.1818,-0.990000,10.695800,1.298900,
4270,2022,600000000.0000,1103521569.0000,-9219476.0000,-0.0144,-0.0054,-116.6667,-0.150000,10.632300,1.291500,
4270,2023,600000000.0000,1022701288.0000,-132304036.0000,-0.2322,-0.0810,-7.0407,-2.210000,8.357400,1.554100,
4270,2024,600000000.0000,926067643.0000,-219413027.0000,-0.5605,-0.1607,-3.3443,-3.660000,4.690200,2.338100,
6004,2021,820000000.0000,1058112338.0000,14055459.0000,0.0161,0.0073,458.2353,0.170000,10.640500,0.543800,0.00218228
6004,2022,820000000.0000,911268650.0000,257103138.0000,0.2581,0.1298,23.8854,3.140000,13.657600,0.274500,0.04186658
6004,2023,820000000.0000,908823567.0000,282657704.0000,0.2350,0.1338,37.3913,3.450000,15.683800,0.190300,0.02674419
6004,2024,820000000.0000,1236022691.0000,352770108.0000,0.2577,0.1445,,,17.705100,0.261100,
1212,2021,800000000.0000,1383893744.0000,202368832.0000,0.1394,0.0701,15.7312,2.530000,18.145500,0.384800,0.06356794
1212,2022,800000000.0000,1611766736.0000,474316220.0000,0.2874,0.1479,8.7184,5.930000,23.117300,0.285900,0.11469994
1212,2023,800000000.0000,2141001450.0000,475326552.0000,0.2390,0.1219,22.4242,5.940000,26.598800,0.456500,0.04459468
1212,2024,800000000.0000,1797093481.0000,589340930.0000,0.2534,0.1371,24.4233,7.370000,31.547600,0.204300,0.04094451
1214,2021,630000000.0000,852487000.0000,27423000.0000,0.0440,0.0184,50.3636,0.499200,11.218300,0.781900,0.01985561
1214,2022,482334000.0000,943720000.0000,32832000.0000,0.0514,0.0212,28.1176,0.591000,11.795600,0.866100,0.03556491
1214,2023,482334000.0000,791096000.0000,65427000.0000,0.0954,0.0419,20.5852,1.180000,12.932100,0.576300,0.04857859
1214,2024,555000000.0000,795308000.0000,81586000.0000,0.1076,0.0526,18.4014,1.470000,14.381400,0.362800,0.05434369
1302,2021,600000000.0000,1412850000.0000,170342000.0000,0.2303,0.0773,12.3415,2.840000,12.325200,0.971600,0.08102743
1302,2022,600000000.0000,1353414000.0000,162850000.0000,0.2032,0.0726,10.8303,2.710000,14.391500,0.718700,0.09233355
1302,2023,600000000.0000,1203192000.0000,136040000.0000,0.1526,0.0612,20.0881,2.270000,15.332100,0.485900,0.04978072
1302,2024,600000000.0000,1636428000.0000,106032000.0000,0.1147,0.0445,31.6384,1.770000,15.479800,0.978900,0.03160716
1303,2021,450000000.0000,660230498.0000,48845470.0000,0.0831,0.0391,25.3211,0.043600,0.528400,0.440600,0.03949276
1303,2022,450000000.0000,1043008429.0000,94170010.0000,0.1546,0.0645,11.7500,0.080000,0.567000,0.725400,0.08510638
1303,2023,562500000.0000,1151124984.0000,201033987.0000,0.2923,0.1126,15.7778,0.180000,0.669500,0.558400,0.06338019
1303,2024,562500000.0000,1004926370.0000,401730829.0000,0.4752,0.2089,20.1111,0.360000,0.850400,0.096400,0.04972378
2040,2021,800000000.0000,1151767000.0000,233792000.0000,0.1399,0.0816,18.8055,2.344000,16.717200,0.432900,0.05317593
2040,2022,800000000.0000,1237597000.0000,173920000.0000,0.1017,0.0591,13.0963,1.744000,17.497000,0.426700,0.07635744
2040,2023,800000000.0000,1354611000.0000,-210351000.0000,-0.1293,-0.0714,-9.4592,-2.330000,15.045100,0.592800,
2040,2024,1000000000.0000,1251909000.0000,-71859000.0000,-0.0491,-0.0259,-42.6250,-0.800000,14.240800,0.585200,
2110,2021,360614000.0000,988919000.0000,-194309000.0000,-2.3188,-0.1816,-19.5704,-5.390000,12.557400,5.618400,
2110,2022,66729000.0000,1293263000.0000,-580476000.0000,2.8132,-0.6243,-2.2825,-25.040000,-74.403000,-0.952400,
2110,2023,66729000.0000,1053717000.0000,17804000.0000,-0.0363,0.0262,21.4232,2.670000,-72.431400,-0.228900,0.04667837
2110,2024,66729000.0000,1158935000.0000,48758000.0000,-0.1080,0.0745,13.8356,7.300000,-62.857300,-0.259800,0.07227731
2160,2021,320000000.0000,1958982000.0000,-171317000.0000,-0.5265,-0.0744,-3.1446,-18.426500,10.774800,3.480300,
2160,2022,99000000.0000,1921520000.0000,-8781000.0000,-0.0265,-0.0038,-111.5608,-0.291300,11.214100,3.399200,
2160,2023,99000000.0000,2114902000.0000,-174656000.0000,-0.6913,-0.0761,-15.2792,-3.940000,5.574500,6.860900,
2160,2024,445500000.0000,1118103000.0000,439836000.0000,0.8390,0.2027,2.8579,9.920000,19.865200,0.299000,0.34990727
2320,2021,426313120.0000,1610572517.0000,51029030.0000,0.0626,0.0209,26.2500,0.800000,12.745100,1.365400,0.03809524
2320,2022,426313120.0000,1961086679.0000,52630638.0000,0.0643,0.0201,16.8353,0.830000,12.873500,1.676400,0.05939900
2320,2023,639469680.0000,2007933790.0000,141491850.0000,0.1638,0.0494,12.4434,2.210000,14.149800,1.425200,0.08036389
2320,2024,639469680.0000,1793467342.0000,265748386.0000,0.2689,0.0914,9.3750,4.160000,16.757400,0.887700,0.10666667
2370,2021,400000000.0000,327781894.0000,-22716042.0000,-0.0671,-0.0341,-35.5088,-0.570000,8.459200,0.246500,
2370,2022,400000000.0000,439782782.0000,-11788217.0000,-0.0354,-0.0164,-34.1379,-0.290000,8.207400,0.324500,
2370,2023,400000000.0000,393495121.0000,48935113.0000,0.1386,0.0636,18.3115,1.220000,9.440900,0.042700,0.05461049
2370,2024,400000000.0000,464435998.0000,90997994.0000,0.2162,0.1071,19.1189,2.270000,11.606300,0.198900,0.05230426
4110,2021,300000000.0000,737049017.0000,-9649264.0000,-0.0427,-0.0099,-76.6875,-0.032000,0.473100,1.235100,
4110,2022,600000000.0000,876296229.0000,-30837648.0000,-0.0893,-0.0265,-47.3200,-0.050000,0.775300,0.502100,
4110,2023,600000000.0000,1009901565.0000,-13890857.0000,-0.0302,-0.0098,-92.1739,-0.023000,0.760200,0.545100,
4110,2024,600000000.0000,1104267457.0000,-56556790.0000,-0.1326,-0.0379,-38.9362,-0.094000,0.661900,0.747900,
4140,2021,64800000.0000,11188549.0000,-14883172.0000,-1.1482,-0.6163,-42.7393,-0.091400,0.079500,0.074300,
4140,2022,194400000.0000,8670520.0000,-21093008.0000,-0.2439,-0.2188,-20.2614,-0.153000,0.823200,0.000000,
4140,2023,194400000.0000,9233161.0000,-15604475.0000,-0.1025,-0.0968,-35.3750,-0.080000,0.743000,0.047496,
4140,2024,194400000.0000,8811967.0000,-19566893.0000,-0.1453,-0.1362,-24.5000,-0.100000,0.642700,0.045329,
4141,2021,60000000.0000,76532013.0000,9934641.0000,0.0858,0.0518,65.1807,0.975900,11.344300,0.412600,0.01534196
4141,2022,60000000.0000,75219786.0000,5791528.0000,0.0501,0.0303,42.9693,0.970000,11.312900,0.396000,0.02327243
4141,2023,120000000.0000,82717786.0000,-13906393.0000,-0.1011,-0.0644,-21.7980,-2.030000,13.295300,0.329600,
4141,2024,120000000.0000,54957522.0000,-3523471.0000,-0.0224,-0.0156,-133.9655,-0.290000,12.979000,0.196300,
4142,2021,1500000000.0000,1916600086.0000,239832593.0000,0.1178,0.0607,,1.598900,13.570900,0.655900,
4142,2022,1500000000.0000,2503340219.0000,352319866.0000,0.1695,0.0822,15.4255,2.350000,14.137900,0.696800,0.06482772
4142,2023,1500000000.0000,2584730610.0000,518769603.0000,0.2376,0.1097,26.7630,3.460000,15.006600,0.325200,0.03736502
4142,2024,1500000000.0000,3187707202.0000,816689852.0000,0.3353,0.1535,25.2844,5.450000,17.528700,0.167800,0.03955008
4143,2021,,,,,,,,,,
4143,2022,,,,,,,,,,
4143,2023,400000000.0000,176295844.0000,80126183.0000,0.1657,0.1215,,2.003200,12.086000,0.221100,
4143,2024,400000000.0000,177565537.0000,82646390.0000,0.1671,0.1231,26.7633,2.070000,12.640800,0.088000,0.03736460
4144,2021,125000000.0000,44177837.0000,24882353.0000,0.2360,0.1663,,1.990600,8.435500,0.019200,
4144,2022,62500000.0000,46898631.0000,30743382.0000,0.2893,0.2025,22.9675,2.460000,8.567000,0.347300,0.04353978
4144,2023,62500000.0000,45092756.0000,46575187.0000,0.3825,0.2776,15.6533,3.750000,10.914500,0.265300,0.06388429
4144,2024,62500000.0000,47357469.0000,42855291.0000,0.2884,0.2199,25.1304,3.450000,12.865500,0.228500,0.03979244
4145,2021,240000000.0000,313106813.0000,173681580.0000,0.4157,0.2376,,5.430000,13.056700,0.560400,
4145,2022,240000000.0000,148183576.0000,177647740.0000,0.3726,0.2511,11.9730,5.550000,16.745800,0.162000,0.08352126
4145,2023,320000000.0000,102556767.0000,67664553.0000,0.1189,0.0957,26.0664,2.110000,18.812300,0.067000,0.03836356
4145,2024,320000000.0000,143184036.0000,1318003.0000,0.0023,0.0018,1200.0000,0.040000,16.766900,0.156000,0.00083333
1810,2021,3000000000.0000,2385031350.0000,-371535799.0000,-0.0675,-0.0471,-13.5906,-1.270000,22.999500,0.214400,
1810,2022,3000000000.0000,3098520718.0000,-47729661.0000,-0.0087,-0.0058,-108.8750,-0.160000,20.990400,0.297100,
1810,2023,3000000000.0000,4514813643.0000,225708068.0000,0.0376,0.0227,35.6201,0.758000,24.380700,0.344300,0.02807404
1810,2024,3000000000.0000,4418191919.0000,-198975107.0000,-0.0316,-0.0179,-33.2249,-0.676000,21.580200,0.338800,
1820,2021,650000000.0000,1786105000.0000,-173715000.0000,-0.4669,-0.0805,-5.2747,-0.676000,1.181100,4.006200,
1820,2022,315000000.0000,1776772000.0000,-81488000.0000,-0.2461,-0.0386,-6.8846,-0.260000,0.921200,5.091300,
1820,2023,315000000.0000,1843659000.0000,-89819000.0000,-0.3639,-0.0437,-7.8621,-0.290000,0.645800,7.415300,
1820,2024,315000000.0000,1718803000.0000,5200000.0000,0.0254,0.0026,123.5000,0.020000,0.656000,6.676000,0.00809717
1830,2021,523833610.0000,1789248427.0000,206020219.0000,0.2630,0.0801,27.7149,3.932900,14.977100,1.667800,0.03608167
1830,2022,523833610.0000,1759610876.0000,254758323.0000,0.3001,0.0971,17.2840,4.860000,17.490900,1.279900,0.05785698
1830,2023,523833610.0000,2309455390.0000,356244132.0000,0.3555,0.1173,29.9118,6.800000,20.793500,1.464700,0.03343162
1830,2024,523833610.0000,2482610108.0000,456978822.0000,0.3935,0.1283,21.2371,8.730000,23.558200,1.384600,0.04708741
4170,2021,52566930.0000,15044425.0000,-14036427.0000,-0.2532,-0.1991,-62.0017,-0.021300,0.081800,0.286196,
4170,2022,578236230.0000,19905955.0000,-7232908.0000,-0.0239,-0.0226,-12.0000,-0.060000,0.476300,0.034425,
4170,2023,578236230.0000,27861255.0000,-44196274.0000,-0.0836,-0.0800,-15.0000,-0.040000,0.438000,0.000000,
4170,2024,578236230.0000,30612028.0000,6367340.0000,0.0126,0.0119,96.0000,0.010000,0.435600,0.000500,0.01041667
4290,2021,650000000.0000,1388594867.0000,-35847636.0000,-0.0572,-0.0178,-24.7838,-0.740000,9.639200,1.858600,
4290,2022,650000000.0000,1475207296.0000,-15311505.0000,-0.0255,-0.0075,-57.3333,-0.240000,8.804500,2.096300,
4290,2023,650000000.0000,1563881547.0000,-47680945.0000,-0.0928,-0.0230,-35.2055,-0.730000,7.007900,2.702800,
4290,2024,650000000.0000,1580573823.0000,81067928.0000,0.1659,0.0384,25.4800,1.250000,8.031100,2.445700,0.03924647
4291,2021,430000000.0000,245621674.0000,24457508.0000,0.0398,0.0284,105.2632,0.570000,14.302300,0.167900,0.00950000
4291,2022,430000000.0000,353135300.0000,71046522.0000,0.1123,0.0762,41.3939,1.650000,15.129000,0.236300,0.02415815
4291,2023,430000000.0000,629078421.0000,101784524.0000,0.1502,0.0871,49.8734,2.370000,16.388900,0.467700,0.02005077
4292,2021,400000000.0000,589663203.0000,35521640.0000,0.0478,0.0264,65.0562,0.890000,18.579900,0.708600,0.01537133
4292,2022,420872150.0000,1189029574.0000,70615973.0000,0.0903,0.0414,32.4405,1.680000,19.519600,1.276800,0.03082567
4292,2023,420872150.0000,1236634556.0000,67786016.0000,0.0843,0.0326,44.5963,1.610000,18.693800,1.329500,0.02242338
4292,2024,420872150.0000,1310242654.0000,63370908.0000,0.0798,0.0298,47.4172,1.510000,19.039500,1.437100,0.02108939
6002,2021,646800000.0000,956561199.0000,151791474.0000,0.1455,0.0759,26.5532,2.350000,16.134800,0.622200,0.03766024
6002,2022,646800000.0000,937947095.0000,3546104.0000,0.0034,0.0018,688.0000,0.050000,16.335100,0.568100,0.00145349
6002,2023,646800000.0000,873194410.0000,8386476.0000,0.0080,0.0043,249.2308,0.130000,15.978300,0.559100,0.00401235
6002,2024,646800000.0000,792629577.0000,-116524061.0000,-0.1190,-0.0643,-13.9444,-1.800000,14.301000,0.564500,
6012,2021,337500000.0000,116919297.0000,-42207449.0000,-0.2030,-0.1299,-12.6251,-3.404200,13.107500,0.354500,
6012,2022,158084670.0000,95964506.0000,-24621384.0000,-0.1253,-0.0813,-11.8236,-1.766000,11.702000,0.351800,
6012,2023,158084670.0000,112204253.0000,-30889166.0000,-0.1822,-0.1129,-13.8462,-1.950000,9.745300,0.470700,
6012,2024,158084670.0000,115459673.0000,-73105420.0000,-0.6221,-0.3160,-4.7186,-4.620000,5.122500,0.763000,
6013,2021,30000000.0000,65928949.0000,2348659.0000,0.0721,0.0237,362.0513,0.780000,10.854600,1.627500,0.00276204
6013,2022,30000000.0000,62343752.0000,-3223093.0000,-0.1100,-0.0343,-143.7383,-1.070000,8.683700,1.793800,
6013,2023,30000000.0000,66486452.0000,-5168411.0000,-0.2201,-0.0586,-79.5322,-1.710000,6.974500,2.156000,
6013,2024,30000000.0000,48171089.0000,1299272.0000,0.0602,0.0164,306.9767,0.430000,7.423400,1.405000,0.00325758
6014,2021,255000000.0000,409541250.0000,118587389.0000,0.3481,0.1581,,4.705800,13.518300,0.680600,
6014,2022,255000000.0000,427437285.0000,115555901.0000,0.3423,0.1529,30.3720,4.570000,13.261300,0.689600,0.03292506
6014,2023,255000000.0000,398624144.0000,57976024.0000,0.1763,0.0783,42.0175,2.280000,12.786700,0.616800,0.02379961
6014,2024,255000000.0000,357184414.0000,38335348.0000,0.1231,0.0558,49.6027,1.510000,11.850700,0.601800,0.02016019
6015,2021,0.0000,948202000.0000,203917000.0000,1.5862,0.1874,,0.080700,0.015300,3.046700,
6015,2022,168473000.0000,1044796000.0000,259226000.0000,1.2550,0.2135,99.1225,0.030800,0.033800,1.593100,0.01008853
6015,2023,168473000.0000,1105479000.0000,259466000.0000,0.7168,0.1791,104.8701,0.030800,0.052200,1.164300,0.00953561
6015,2024,168473000.0000,1109276000.0000,158759000.0000,0.3808,0.1036,120.8908,0.018900,0.047000,1.467500,0.00827193
6016,2021,25000000.0000,88932939.0000,15367655.0000,0.2807,0.1070,,0.439100,1.564100,1.051900,
6016,2022,35000000.0000,94303046.0000,2696972.0000,0.0483,0.0183,,0.077000,1.626700,1.055500,
6016,2023,35000000.0000,76282047.0000,12285277.0000,0.1953,0.0829,,0.350000,1.967600,0.602500,
6016,2024,35000000.0000,79185637.0000,8445501.0000,0.1199,0.0570,87.3333,0.240000,2.058800,0.561300,0.01145039
6017,2021,96000000.0000,305700009.0000,117068284.0000,0.6251,0.2370,,0.568300,0.909100,0.139700,
6017,2022,104918030.0000,406919485.0000,58977006.0000,0.0989,0.0619,,0.290000,4.879300,0.128300,
6017,2023,104918030.0000,505316896.0000,125336967.0000,0.1162,0.0819,,0.610000,5.590000,0.085000,
6017,2024,104918030.0000,520635218.0000,187979245.0000,0.1572,0.1099,32.9348,0.920000,6.123600,0.057900,0.03036302
2030,2021,150000000.0000,3942928.0000,6592233.0000,0.0118,0.0117,312.7273,0.440000,37.302300,0.026286,0.00319767
2030,2022,150000000.0000,6413333.0000,28230062.0000,0.0566,0.0560,38.5106,1.880000,29.254700,0.042756,0.02596688
2030,2023,150000000.0000,7202722.0000,7701643.0000,0.0177,0.0174,182.3529,0.510000,28.934100,0.000000,0.00548387
2030,2024,150000000.0000,16899199.0000,-53487697.0000,-0.1376,-0.1335,-20.1961,-3.570000,22.898000,0.001500,
2222,2021,60000000000.0000,882022000000.0000,395203000000.0000,0.3550,0.1827,18.0808,1.636400,4.602300,0.458900,0.05530729
2222,2022,75000000000.0000,826777000000.0000,597215000000.0000,0.4662,0.2566,11.8145,2.470000,5.989300,0.271300,0.08464175
2222,2023,90000000000.0000,740848000000.0000,452753000000.0000,0.3035,0.1822,17.6471,1.870000,6.342700,0.189100,0.05666653
2222,2024,90000000000.0000,772275000000.0000,393891000000.0000,0.2632,0.1607,17.2086,1.630000,6.029400,0.219000,0.05811048
2380,2021,8760000000.0000,65056112000.0000,2036661000.0000,0.2452,0.0278,11.5375,1.256700,6.641400,6.015300,0.08667389
2380,2022,16710000000.0000,50323871000.0000,-1114881000.0000,-0.0946,-0.0161,-13.5190,-0.790000,9.129200,2.406500,
2380,2023,16710000000.0000,52652198000.0000,-4692733000.0000,-0.3637,-0.0729,-3.6797,-2.810000,6.314000,3.677100,
2380,2024,16710000000.0000,50433267000.0000,-4544527000.0000,-0.4466,-0.0736,-3.0368,-2.720000,5.866700,3.248900,
2381,2021,22580000.0000,2352451306.0000,273583505.0000,0.0653,0.0418,,3.074000,47.098500,0.329900,
2381,2022,890000000.0000,3964223728.0000,557719959.0000,0.1140,0.0693,16.4380,6.850000,62.807000,0.487900,0.06083465
2381,2023,890000000.0000,4725052405.0000,604613933.0000,0.1047,0.0597,28.1296,6.790000,66.982300,0.535000,0.03554974
2381,2024,890000000.0000,4596655659.0000,321364737.0000,0.0540,0.0303,30.9141,3.610000,66.721200,0.509100,0.03234770
2382,2021,,,,,,,,,,
2382,2022,,,,,,,,,,
2382,2023,1129063000.0000,13645545000.0000,442097000.0000,0.0769,0.0228,40.6780,0.590000,5.248600,1.885300,0.02458331
2382,2024,1129063000.0000,15090706000.0000,802498000.0000,0.1311,0.0391,23.7808,0.730000,5.897500,1.936300,0.04205073
4030,2021,3937500000.0000,11689621000.0000,192433000.0000,0.0204,0.0089,66.5641,0.208000,10.200000,1.076300,0.01502311
4030,2022,4921875000.0000,11782747000.0000,1040909000.0000,0.1046,0.0467,13.9480,1.128000,11.368200,0.949000,0.07169487
4030,2023,7382812000.0000,10464009000.0000,1613428000.0000,0.1445,0.0701,10.0731,1.752000,12.828300,0.705800,0.09927430
4030,2024,7382812000.0000,12023711000.0000,2169392000.0000,0.1704,0.0873,8.8946,2.352000,14.764300,0.713700,0.11242777
4200,2021,750000000.0000,4440243098.0000,176804966.0000,0.1777,0.0325,28.3051,1.770000,9.951500,3.027000,0.03532932
4200,2022,750000000.0000,5249349373.0000,241826918.0000,0.2298,0.0410,23.1056,2.415000,11.093400,3.122900,0.04327955
4200,2023,750000000.0000,6270210380.0000,280814473.0000,0.2395,0.0405,47.3488,2.810000,12.359200,3.369000,0.02111986
4200,2024,1000000000.0000,6963835876.0000,338047048.0000,0.2490,0.0424,35.5621,3.380000,14.794900,2.854100,0.02811982
1213,2021,211632000.0000,350000000.0000,-85517000.0000,-0.7848,-0.1863,-2.4641,-11.540000,10.000300,2.432200,
1213,2022,108973000.0000,306585000.0000,-1376000.0000,-0.0128,-0.0032,-234.9237,-0.090000,,2.091500,
1213,2023,108973000.0000,302458000.0000,-15931000.0000,-0.1630,-0.0396,-42.2603,-1.460000,8.272600,2.149400,
1213,2024,108973000.0000,268184000.0000,-42594000.0000,-0.6170,-0.1202,-24.8849,-3.910000,,3.477900,
2130,2021,400000000.0000,89590101.0000,-24495507.0000,-0.1201,-0.0814,-33.1148,-1.807400,15.112000,0.080600,
2130,2022,400000000.0000,101362791.0000,-38772314.0000,-0.2091,-0.1343,-10.6598,-2.874100,12.363600,0.216300,
2130,2023,400000000.0000,101342872.0000,-74439441.0000,-0.5618,-0.3086,-18.0964,-1.860000,7.265100,0.328800,
2130,2024,135000000.0000,100981623.0000,-16905612.0000,-0.1968,-0.0876,-19.2115,-1.540700,5.463500,0.434300,
2340,2021,812500000.0000,257540000.0000,-47754000.0000,-0.0436,-0.0353,-50.0847,-0.590000,13.475700,0.156100,
2340,2022,812500000.0000,327128000.0000,-57867000.0000,-0.0487,-0.0391,-22.0000,-0.710000,15.772000,0.186800,
2340,2023,812500000.0000,361550000.0000,-74790000.0000,-0.0603,-0.0472,-18.1304,-0.920000,14.783400,0.212000,
2340,2024,812500000.0000,439074000.0000,-144454000.0000,-0.1290,-0.0950,-8.9775,-1.780000,12.778700,0.242000,
4011,2021,575000000.0000,1095651403.0000,22042833.0000,0.0485,0.0142,46.6364,0.440000,7.899000,2.157700,0.02144248
4011,2022,575000000.0000,1292781749.0000,34161868.0000,0.0810,0.0211,20.9153,0.590000,6.773100,0.086000,0.04781189
4011,2023,575000000.0000,1388856118.0000,30833786.0000,0.0822,0.0180,26.2963,0.540000,6.269100,0.111000,0.03802816
4011,2024,575000000.0000,1542059971.0000,11700333.0000,0.0366,0.0066,,,4.857800,0.264700,
4012,2021,400000000.0000,107456155.0000,59730268.0000,0.1031,0.0870,32.2819,0.149000,1.448000,0.033200,0.03097711
4012,2022,400000000.0000,131951989.0000,53436256.0000,0.0928,0.0768,29.0769,0.130000,1.431300,0.042100,0.03439156
4012,2023,400000000.0000,113082915.0000,76915786.0000,0.1329,0.1097,24.6842,0.190000,1.461700,0.040700,0.04051174
4012,2024,400000000.0000,146492510.0000,83903649.0000,0.1425,0.1168,20.2381,0.210000,1.482500,0.052100,0.04941175
4180,2021,275000000.0000,18542373.0000,149638380.0000,0.2948,0.2844,12.6161,0.323000,1.845600,0.001600,0.07926380
4180,2022,275000000.0000,24880073.0000,-31865495.0000,-0.0669,-0.0640,-24.7917,-0.120000,1.620600,0.010700,
4180,2023,275000000.0000,17476469.0000,5207720.0000,0.0113,0.0108,155.0000,0.020000,1.733300,0.007500,0.00645161
4180,2024,275000000.0000,20839204.0000,14515058.0000,0.0305,0.0293,84.2000,0.050000,1.733200,0.004700,0.01187648
2190,2021,816000000.0000,2698664868.0000,57878318.0000,0.0390,0.0116,43.2394,0.710000,18.211000,0.551100,0.02312706
2190,2022,816000000.0000,2742141013.0000,36729508.0000,0.0245,0.0073,45.1111,0.450000,18.577500,0.579900,0.02216749
2190,2023,816000000.0000,3675258714.0000,71203083.0000,0.0471,0.0129,35.2874,0.870000,18.551100,0.962300,0.02833873
2190,2024,816000000.0000,3623088569.0000,-741877.0000,-0.0005,-0.0001,-3200.0000,-0.010000,18.169000,0.933100,
4031,2021,1880000000.0000,2581972000.0000,-254410000.0000,-0.1123,-0.0525,-21.8889,-1.350000,12.046400,0.566800,
4031,2022,1880000000.0000,2268553000.0000,-244488000.0000,-0.1120,-0.0531,-16.8000,-1.300000,11.181000,0.360100,
4031,2023,1880000000.0000,1887640000.0000,211477000.0000,0.0954,0.0492,32.2768,1.120000,12.401600,0.144500,0.03098201
4031,2024,1880000000.0000,1754059000.0000,327034000.0000,0.1350,0.0771,29.3678,1.740000,13.370700,0.066100,0.03405090
4040,2021,1250000000.0000,3731547000.0000,-216188000.0000,-0.2060,-0.0452,-11.6416,-1.730000,8.397200,1.525500,
4040,2022,1250000000.0000,3734399000.0000,-90872000.0000,-0.0911,-0.0192,-21.8356,-0.730000,7.560700,1.814200,
4040,2023,1250000000.0000,3114527000.0000,-35584000.0000,-0.0383,-0.0082,-74.0714,-0.280000,7.312700,1.463800,
4040,2024,1250000000.0000,2904311000.0000,-9628000.0000,-0.0105,-0.0024,-255.5000,-0.080000,7.375000,1.400600,
4260,2021,711667000.0000,285814000.0000,219912000.0000,0.1376,0.1167,15.0647,3.090000,22.460500,0.016000,0.06638035
4260,2022,711667000.0000,795568000.0000,252009000.0000,0.1517,0.1144,12.8955,3.540000,24.232300,0.257600,0.07754643
4260,2023,711667000.0000,1110422000.0000,277230000.0000,0.1547,0.1002,20.2564,3.900000,26.140700,0.344800,0.04936711
4260,2024,781667000.0000,2268176000.0000,314635000.0000,0.1381,0.0784,19.2706,4.250000,34.506700,0.618900,0.05189252
4261,2021,430000000.0000,950794190.0000,125726066.0000,0.2216,0.0828,20.8562,2.920000,13.194300,1.275800,0.04794737
4261,2022,430000000.0000,1201353072.0000,193107949.0000,0.3134,0.1141,15.3675,4.490000,15.461900,1.511400,0.06507239
4261,2023,430000000.0000,1511655370.0000,142069485.0000,0.2038,0.0692,19.9394,3.300000,16.969200,1.687000,0.05015196
4261,2024,430000000.0000,1745202836.0000,182706083.0000,0.2342,0.0759,18.0235,4.250000,19.312500,1.768200,0.05548312
4262,2021,,,,,,,,,,
4262,2022,550000000.0000,1000784011.0000,143662779.0000,0.1703,0.0779,,2.612100,15.337100,0.672500,
4262,2023,550000000.0000,2221078721.0000,160622507.0000,0.1719,0.0631,34.2466,2.920000,18.642200,1.410000,0.02919998
4262,2024,550000000.0000,2162082291.0000,180301098.0000,0.1612,0.0545,,,22.040800,1.403800,
4263,2021,,,,,,,,,,
4263,2022,800000000.0000,2210396000.0000,362412000.0000,0.3377,0.1104,,4.530200,13.414100,1.725500,
4263,2023,800000000.0000,2050846000.0000,509716000.0000,0.4418,0.1552,30.5181,6.370000,15.426600,1.364100,0.03276744
4263,2024,800000000.0000,1830127000.0000,661435000.0000,0.5018,0.2030,30.5441,8.270000,17.528900,0.951800,0.03273955
4003,2021,600000000.0000,2655649000.0000,396834000.0000,0.3998,0.1088,21.3269,4.960000,13.462400,1.247100,0.04688914
4003,2022,800000000.0000,2830800000.0000,440174000.0000,0.4130,0.1156,12.5636,5.500000,14.810000,1.562900,0.07959502
4003,2023,800000000.0000,3157146000.0000,390462000.0000,0.3222,0.0928,18.3811,4.880000,16.853900,1.535500,0.05440371
4003,2024,800000000.0000,3358172000.0000,527895000.0000,0.3526,0.1073,13.6694,6.598700,22.354800,1.114200,0.07315610
4008,2021,360000000.0000,1349242861.0000,-28486961.0000,-0.0512,-0.0150,-61.7722,-0.790000,15.449600,1.706400,
4008,2022,360000000.0000,940378739.0000,-142500986.0000,-0.2938,-0.0874,-6.8687,-3.960000,11.493600,1.414000,
4008,2023,360000000.0000,800961953.0000,-68965603.0000,-0.1821,-0.0552,-20.1563,-1.920000,9.687400,1.187500,
4008,2024,360000000.0000,926567179.0000,-14085949.0000,-0.0421,-0.0118,-81.1538,-0.390000,10.408200,1.513700,
4050,2021,600000000.0000,2445521920.0000,50842979.0000,0.0631,0.0156,42.1373,0.728600,11.513900,2.354100,0.02373194
4050,2022,600000000.0000,5058472962.0000,75177274.0000,0.0952,0.0163,30.3333,1.071400,11.040700,5.160300,0.03296707
4050,2023,600000000.0000,4902899491.0000,114552035.0000,0.1420,0.0193,45.3049,1.640000,12.015400,4.555300,0.02207267
4050,2024,700000000.0000,5489568073.0000,44212614.0000,0.0523,0.0072,100.7937,0.630000,12.135000,5.087100,0.00992125
4051,2021,101250000.0000,44881215.0000,21550718.0000,0.1110,0.0902,52.8639,0.213000,1.916900,0.099100,0.01891650
4051,2022,101250000.0000,59219087.0000,21775621.0000,0.1133,0.0891,26.3721,0.215000,1.880300,0.144600,0.03791886
4051,2023,101250000.0000,45699247.0000,21650725.0000,0.1126,0.0885,30.3738,0.214000,1.916600,0.101000,0.03292311
4051,2024,101250000.0000,46797777.0000,23305570.0000,0.1185,0.0960,280.4348,0.023000,1.967000,0.081500,0.00356589
4190,2021,1200000000.0000,2343075000.0000,991858000.0000,0.5607,0.2412,23.7969,0.827000,1.474200,0.362900,0.04202228
4190,2022,1200000000.0000,2455951000.0000,969761000.0000,0.5432,0.2317,18.5185,0.810000,1.501300,0.400100,0.05400005
4190,2023,1200000000.0000,2338916000.0000,973043000.0000,0.5447,0.2326,19.2346,0.810000,1.476300,0.403200,0.05198964
4190,2024,1200000000.0000,2527842000.0000,973955000.0000,0.5540,0.2324,15.6296,0.810000,1.454000,0.453800,0.06398116
4191,2021,,,,,,143.5185,0.270000,,,0.00696774
4191,2022,200000000.0000,72688394.0000,15102972.0000,0.0635,0.0487,33.4868,0.760000,11.885000,0.169700,0.02986251
4191,2023,200000000.0000,45780996.0000,16916216.0000,0.0704,0.0565,34.8235,0.850000,12.141000,0.064900,0.02871624
4191,2024,200000000.0000,80024465.0000,26936557.0000,0.1118,0.0887,22.9630,1.350000,11.951400,0.161500,0.04354832
4192,2021,42000000.0000,229866030.0000,184884412.0000,0.4851,0.3026,,0.528200,1.089000,0.457900,
4192,2022,350000000.0000,241474230.0000,129765732.0000,0.3276,0.2054,24.4595,0.370000,1.174600,0.317300,0.04088391
4192,2023,350000000.0000,538429749.0000,98186736.0000,0.2414,0.1232,31.4643,0.280000,1.150200,1.131800,0.03178205
4192,2024,350000000.0000,301821615.0000,37539556.0000,0.0892,0.0446,72.9091,0.110000,1.254900,0.546600,0.01371571
4193,2021,,,,,,,,,,
4193,2022,,,,,,,,,,
4193,2023,,,,,,,,,,
4193,2024,,,,,,,,,,
4194,2021,,,,,,,,,,
4194,2022,,,,,,,,,,
4194,2023,,,,,,,,,,
4194,2024,,,,,,,,,,
4240,2021,,,-1090753102.0000,,,-2.9971,-9.500300,,,
4240,2022,2100000000.0000,8095848631.0000,85477270.0000,0.3386,0.0104,20.9189,0.740000,2.199700,25.376700,0.04780366
4240,2023,1147664480.0000,6563929419.0000,-1177762076.0000,4.4762,-0.1683,-1.7157,-10.270000,-6.784900,-6.020700,
4240,2024,1147664480.0000,5603825678.0000,-203538578.0000,0.2297,-0.0394,-7.4270,-1.780000,-8.654200,-3.412900,
4001,2021,900000000.0000,3715530222.0000,300120973.0000,0.2193,0.0586,32.4925,0.333000,1.520400,1.116900,0.03077633
4001,2022,900000000.0000,4270819801.0000,1079509086.0000,0.7606,0.1981,8.6667,1.200000,1.633600,1.174200,0.11538417
4001,2023,900000000.0000,4644806303.0000,482047729.0000,0.3344,0.0812,24.4444,0.540000,1.569700,1.451600,0.04090917
4001,2024,900000000.0000,5628946926.0000,511021992.0000,0.3669,0.0778,18.4211,0.570000,1.525200,2.026500,0.05428557
4006,2021,450000000.0000,1585801575.0000,20773908.0000,0.0327,0.0094,62.6087,0.460000,14.110100,1.848200,0.01597222
4006,2022,450000000.0000,1670359788.0000,22826074.0000,0.0353,0.0100,35.6863,0.510000,14.642600,1.797400,0.02802196
4006,2023,450000000.0000,1693469936.0000,21791819.0000,0.0330,0.0093,47.2917,0.480000,14.679600,1.850200,0.02114536
4006,2024,450000000.0000,1717329013.0000,25429968.0000,0.0378,0.0107,39.6842,0.570000,15.221300,1.875500,0.02519895
4061,2021,105000000.0000,153631193.0000,3737711.0000,0.0346,0.0139,326.7993,0.104800,4.308200,0.139900,0.00305998
4061,2022,315000000.0000,313170727.0000,-28319864.0000,-0.1547,-0.0669,-14.5775,-1.420000,8.195700,0.654500,
4061,2023,315000000.0000,322495135.0000,12136424.0000,0.0457,0.0206,47.8947,0.380000,8.658500,0.631900,0.02087914
4061,2024,315000000.0000,303041030.0000,102528.0000,0.0004,0.0002,6599.9999,0.004000,8.482900,0.592500,0.00015152
4160,2021,100000000.0000,143378003.0000,-162451394.0000,1.2561,-11.5649,-0.2752,-42.014500,-33.438700,-0.247600,
4160,2022,100000000.0000,144727884.0000,-2955601.0000,0.0257,-0.1015,-14.9066,-0.775700,-25.986200,-0.318700,
4160,2023,250000000.0000,71815001.0000,-6530218.0000,0.1883,-0.0887,-12.6800,-1.000000,4.790700,0.453500,
4160,2024,65000000.0000,67937255.0000,-8013419.0000,-0.2863,-0.0819,-35.6504,-1.230000,3.821000,0.615900,
4161,2021,1143000000.0000,3220216711.0000,240563746.0000,0.1705,0.0519,45.6190,0.210000,1.234600,1.682500,0.02192069
4161,2022,1143000000.0000,3420943629.0000,118654833.0000,0.0858,0.0251,48.4000,0.100000,1.185500,1.696200,0.02066116
4161,2023,1143000000.0000,3527076562.0000,276531287.0000,0.2008,0.0563,25.7917,0.240000,1.224200,1.561800,0.03877216
4161,2024,1143000000.0000,3790615345.0000,272158318.0000,0.1945,0.0531,26.9583,0.240000,1.223900,1.647600,0.03709433
4162,2021,600000000.0000,493233775.0000,166091980.0000,0.2064,0.1280,18.7419,3.100000,13.412300,0.062300,0.05335638
4162,2022,600000000.0000,583837262.0000,290201821.0000,0.3404,0.2086,12.7917,4.800000,15.008500,0.054400,0.07817569
4162,2023,600000000.0000,637228101.0000,282213242.0000,0.3088,0.1851,15.6809,4.700000,15.458800,0.049200,0.06377185
4162,2024,600000000.0000,926270129.0000,278652929.0000,0.2876,0.1592,20.6466,4.640000,16.832900,0.189300,0.04843412
4163,2021,850000000.0000,3041873734.0000,239144980.0000,0.2418,0.0593,,2.813500,11.637500,2.219100,
4163,2022,850000000.0000,3401585517.0000,305448633.0000,0.2931,0.0716,20.0279,3.590000,12.884600,2.403500,0.04993035
4163,2023,850000000.0000,3394482418.0000,329223377.0000,0.2734,0.0715,27.3385,3.870000,15.447100,1.747300,0.03657845
4163,2024,850000000.0000,3579290698.0000,370105462.0000,0.2673,0.0760,18.0230,4.350000,17.134700,1.442100,0.05548466
4164,2021,1300000000.0000,2683329073.0000,812528628.0000,0.5067,0.1895,,6.250200,12.335300,0.847500,
4164,2022,1300000000.0000,2701518913.0000,887811814.0000,0.4616,0.1923,24.4802,6.830000,17.256800,0.520700,0.04084934
4164,2023,1300000000.0000,2908571313.0000,892618140.0000,0.3793,0.1731,19.9418,6.870000,18.944300,0.477000,0.05014592
4164,2024,1300000000.0000,3587246396.0000,820723624.0000,0.3251,0.1422,18.6371,6.310000,19.893100,0.591500,0.05365642
2050,2021,5339807000.0000,19454106000.0000,221879000.0000,0.0275,0.0078,21.5496,0.930200,33.551600,1.524800,0.04640457
2050,2022,5339807000.0000,20247955000.0000,742752000.0000,0.0910,0.0256,5.5943,3.078600,34.324200,1.437600,0.17875337
2050,2023,5339807000.0000,20402618000.0000,899185000.0000,0.1080,0.0302,23.7343,0.990000,35.060100,1.448900,0.04213312
2050,2024,3000000000.0000,15815179000.0000,9974266000.0000,1.5324,0.3886,3.4655,10.590000,15.491300,1.514300,0.28855865
2100,2021,77170350.0000,93062800.0000,-10930587.0000,-0.2223,-0.0768,-71.8158,-0.790000,2.497100,0.734100,
2100,2022,231511050.0000,96534451.0000,13817123.0000,0.1055,0.0612,25.6000,1.000000,9.194200,0.107000,0.03906250
2100,2023,231511050.0000,89516335.0000,20963599.0000,0.0942,0.0664,46.2088,0.910000,10.041400,0.055400,0.02164090
2100,2024,231511050.0000,97723824.0000,5039973.0000,0.0214,0.0153,174.7727,0.220000,10.322700,0.081000,0.00572172
2270,2021,325000000.0000,674616000.0000,260553000.0000,0.1699,0.1169,20.2703,8.140000,47.917400,0.041600,0.04933326
2270,2022,325000000.0000,725066000.0000,207291000.0000,0.1349,0.0918,33.3333,6.480000,48.131700,0.043300,0.03000003
2270,2023,325000000.0000,808636000.0000,308771000.0000,0.1934,0.1295,34.6736,9.650000,51.661800,0.038700,0.02884039
2270,2024,325000000.0000,844747000.0000,483687000.0000,0.2796,0.1884,22.3413,15.120000,56.476600,0.029500,0.04476015
2280,2021,10000000000.0000,15135889000.0000,1563543000.0000,0.0970,0.0492,31.2500,1.560000,16.216900,0.634200,0.03200000
2280,2022,10000000000.0000,15091105000.0000,1759812000.0000,0.1073,0.0551,30.3977,1.760000,16.772100,0.603900,0.03289723
2280,2023,10000000000.0000,18385190000.0000,2049123000.0000,0.1189,0.0600,27.2195,2.050000,17.905300,0.701200,0.03673837
2280,2024,10000000000.0000,16776828000.0000,2313100000.0000,0.1264,0.0645,24.7619,2.310000,18.904300,0.567700,0.04038462
2281,2021,200000000.0000,971444270.0000,13556583.0000,0.0381,0.0102,120.7353,0.680000,17.810100,1.509600,0.00828258
2281,2022,200000000.0000,1137970185.0000,186809894.0000,0.3850,0.1194,14.0471,9.340000,30.718500,1.023100,0.07118907
2281,2023,200000000.0000,1332108095.0000,75940950.0000,0.1232,0.0398,27.1053,3.800000,30.941200,1.326800,0.03689315
2281,2024,200000000.0000,2016796735.0000,95822173.0000,0.1473,0.0399,,,34.100900,1.935200,
2282,2021,200000000.0000,40175077.0000,77275987.0000,0.3716,0.3115,,3.863800,10.396700,0.085400,
2282,2022,200000000.0000,41634050.0000,48707066.0000,0.2130,0.1807,26.9262,2.440000,12.474100,0.062200,0.03713855
2282,2023,200000000.0000,39371147.0000,42950121.0000,0.1709,0.1472,36.0000,2.150000,12.656600,0.050800,0.02777778
2282,2024,200000000.0000,35094144.0000,30184860.0000,0.1145,0.1004,42.1854,1.510000,13.696200,0.028000,0.02370488
2283,2021,539236780.0000,491230474.0000,198475214.0000,0.2984,0.1716,,3.576100,11.985500,0.539300,
2283,2022,555000000.0000,1675389299.0000,217480731.0000,0.3071,0.1214,,3.918600,13.530800,2.024600,
2283,2023,555000000.0000,1578581503.0000,220208226.0000,0.2680,0.0899,19.0127,3.950000,16.074500,1.549300,0.05259642
2283,2024,555000000.0000,1550478496.0000,250901722.0000,0.2731,0.1010,13.4444,4.500000,17.027900,1.429400,0.07438041
2284,2021,,,,,,,,,,
2284,2022,81832000.0000,973790159.0000,233009125.0000,1.3059,0.2022,,2.876200,2.202400,4.663000,
2284,2023,81832000.0000,921485088.0000,201810098.0000,0.9473,0.1739,,2.491100,3.056900,3.193300,
2284,2024,81832000.0000,1041011114.0000,208670276.0000,0.8180,0.1688,16.0117,2.570000,3.240900,3.361400,0.06245433
2285,2021,,,,,,,,,,
2285,2022,,,,,,,,,,
2285,2023,513150060.0000,1468743792.0000,200279112.0000,0.2434,0.0874,,3.902900,16.037500,1.655700,
2285,2024,513150060.0000,1243980944.0000,213636615.0000,0.2300,0.0935,11.7909,4.160000,20.171800,1.090300,0.08481117
2286,2021,,,,,,,,,,
2286,2022,,,,,,,,,,
2286,2023,473903170.0000,474029300.0000,142816987.0000,0.2091,0.1234,,0.264500,1.264800,0.588900,
2286,2024,540000000.0000,483904154.0000,170931353.0000,0.2448,0.1452,,,1.321100,0.551900,
4080,2021,1263888890.0000,1225610351.0000,-63485897.0000,-0.0453,-0.0208,-38.1200,-0.500000,11.091400,0.521500,
4080,2022,1263888890.0000,1351707639.0000,10123556.0000,0.0077,0.0034,127.0000,0.080000,9.794600,0.658000,0.00787402
4080,2023,1263888890.0000,1248098878.0000,-132646446.0000,-0.1143,-0.0479,-12.3048,-1.050000,8.572900,0.649900,
4080,2024,1263888890.0000,1130920423.0000,-3874739.0000,-0.0036,-0.0015,-456.6667,-0.030000,8.532700,0.569100,
6001,2021,353571450.0000,438970862.0000,84254428.0000,0.1478,0.0835,38.1933,2.380000,16.119300,0.399500,0.02618260
6001,2022,353571450.0000,576295958.0000,2917385.0000,0.0058,0.0029,553.7500,0.080000,12.265500,0.893500,0.00180587
6001,2023,353571450.0000,644793133.0000,-98011332.0000,-0.2647,-0.0999,-18.4116,-2.770000,8.678200,1.242000,
6001,2024,353571450.0000,490581147.0000,44667304.0000,0.1498,0.0516,42.1429,1.260000,8.190600,0.907000,0.02372879
6010,2021,1016400000.0000,2693917461.0000,-285028123.0000,-0.2384,-0.0733,-10.8007,-1.343500,5.625200,1.427400,
6010,2022,1016400000.0000,2527996929.0000,95491687.0000,0.0767,0.0248,33.4754,0.291700,6.092500,1.220600,0.02987268
6010,2023,3016400000.0000,1459613481.0000,302064771.0000,0.1236,0.0681,15.7345,1.770000,11.911000,0.119400,0.06355461
6010,2024,3016400000.0000,1406999872.0000,774631968.0000,0.1964,0.1440,9.6031,2.570000,14.245200,0.057500,0.10413304
6020,2021,300000000.0000,156147926.0000,1089793.0000,0.0037,0.0024,657.2222,0.036000,9.863200,0.520493,0.00152156
6020,2022,300000000.0000,129626252.0000,7049432.0000,0.0235,0.0159,80.0000,0.235000,10.105500,0.432088,0.01250000
6020,2023,300000000.0000,136383535.0000,-6713311.0000,-0.0224,-0.0155,-80.3571,-0.224000,9.878700,0.454612,
6020,2024,300000000.0000,101604543.0000,10238032.0000,0.0340,0.0244,,,10.222000,0.338682,
6040,2021,391767000.0000,148495232.0000,-70550191.0000,-0.2498,-0.1500,-14.4444,-2.070000,7.210400,0.032300,
6040,2022,391767000.0000,155727377.0000,-51468608.0000,-0.2009,-0.1150,-11.5699,-1.313800,5.868400,0.035200,
6040,2023,391767000.0000,169808942.0000,80788890.0000,0.2895,0.1750,8.2190,2.100000,8.379300,0.047500,0.12166930
6040,2024,391767000.0000,208162614.0000,-144226008.0000,-0.5681,-0.3253,-4.0811,-3.700000,4.581400,0.373200,
6050,2021,400000000.0000,77569341.0000,-34184824.0000,-0.1145,-0.0909,-53.5294,-5.075700,44.591700,0.068000,
6050,2022,400000000.0000,108455848.0000,-63389796.0000,-0.2372,-0.1760,-17.0253,-9.434800,35.201600,0.222800,
6050,2023,400000000.0000,126947249.0000,-119959261.0000,-0.6815,-0.4084,-8.1353,-17.910000,17.357700,0.528500,
6050,2024,400000000.0000,102659360.0000,-40995299.0000,-0.4274,-0.1946,-21.4073,-6.120000,11.279600,0.528000,
6060,2021,75000000.0000,42173372.0000,-237361.0000,-0.0017,-0.0013,-2365.0243,-0.015300,7.258500,0.070100,
6060,2022,75000000.0000,45386106.0000,-3197035.0000,-0.0227,-0.0173,-116.2191,-0.162500,7.081500,0.120300,
6060,2023,300000000.0000,29228723.0000,-185743.0000,-0.0007,-0.0006,-2325.0000,-0.008000,12.195200,0.002900,
6060,2024,300000000.0000,70111511.0000,-4166261.0000,-0.0115,-0.0101,-141.1511,-0.139000,11.943200,0.002000,
6070,2021,300000000.0000,122992130.0000,17374482.0000,0.0277,0.0232,100.6897,0.580000,20.920700,0.011900,0.00993150
6070,2022,300000000.0000,241184323.0000,51065262.0000,0.0789,0.0616,26.1176,1.700000,22.251200,0.171400,0.03828836
6070,2023,300000000.0000,391467763.0000,61968851.0000,0.0894,0.0614,23.6715,2.070000,23.953300,0.346100,0.04224489
6070,2024,300000000.0000,402724844.0000,75300454.0000,0.1022,0.0664,23.7450,2.510000,25.164700,0.337500,0.04211413
6090,2021,500000000.0000,92212936.0000,12128716.0000,0.0240,0.0203,83.6522,0.230000,10.112700,0.054300,0.01195426
6090,2022,500000000.0000,94260502.0000,10711721.0000,0.0210,0.0178,58.4762,0.210000,10.264600,0.048600,0.01710097
6090,2023,500000000.0000,144430612.0000,-32100266.0000,-0.0650,-0.0524,-23.8750,-0.640000,9.480200,0.086800,
6090,2024,500000000.0000,211268168.0000,-153276957.0000,-0.3912,-0.2692,-4.3322,-3.070000,6.192600,0.136000,
2140,2021,806363280.0000,700501285.0000,4294315.0000,0.0053,0.0028,371.4390,0.054800,9.152700,0.710400,0.00269223
2140,2022,806363280.0000,892149482.0000,-44767736.0000,-0.0580,-0.0284,-27.6269,-0.511100,8.327300,1.022200,
2140,2023,806363280.0000,1154283264.0000,-216250945.0000,-0.3500,-0.1311,-6.2651,-2.490000,5.659200,1.622900,
2140,2024,1006363280.0000,1119727176.0000,-164408943.0000,-0.2971,-0.0968,-8.5056,-1.780000,6.030300,0.009100,
2230,2021,843200000.0000,2982687000.0000,69570000.0000,0.0430,0.0151,40.8434,0.083000,1.918400,1.179200,0.02448376
2230,2022,843200000.0000,2969303000.0000,80223000.0000,0.0490,0.0174,26.5000,0.100000,1.968600,0.907900,0.03773585
2230,2023,843200000.0000,3097642000.0000,182886000.0000,0.1057,0.0383,19.6364,0.220000,2.135100,0.681300,0.05092583
2230,2024,843200000.0000,4159251000.0000,291241000.0000,0.1497,0.0522,26.4857,0.350000,2.479800,0.758800,0.03775622
4002,2021,1000000000.0000,1356931338.0000,578161353.0000,0.2220,0.1424,30.0692,2.890000,13.021000,0.318300,0.03325662
4002,2022,1000000000.0000,1585248398.0000,599305261.0000,0.2169,0.1375,34.8333,3.000000,14.614200,0.305200,0.02870816
4002,2023,2000000000.0000,1537699881.0000,657687906.0000,0.2122,0.1367,33.9818,3.290000,16.385300,0.240600,0.02942752
4002,2024,2000000000.0000,1689229730.0000,645759043.0000,0.1887,0.1246,26.3467,3.230000,17.841700,0.213500,0.03795542
4004,2021,900000000.0000,2549033714.0000,258601120.0000,0.1385,0.0557,26.1672,2.870000,20.742100,1.012000,0.03821578
4004,2022,900000000.0000,2688283009.0000,274463823.0000,0.1423,0.0574,48.5246,3.050000,22.109500,0.993800,0.02060810
4004,2023,976811660.0000,2770202705.0000,360122537.0000,0.1387,0.0645,46.4324,3.700000,32.794400,0.616000,0.02153669
4004,2024,976811660.0000,2867530477.0000,471202060.0000,0.1413,0.0733,31.0559,4.830000,35.542300,0.583200,0.03220000
4005,2021,448500000.0000,435146192.0000,136356673.0000,0.1213,0.0874,20.5921,3.040000,25.067400,0.079300,0.04856231
4005,2022,448500000.0000,449131872.0000,170074845.0000,0.1425,0.1040,19.4987,3.790000,28.173700,0.065800,0.05128547
4005,2023,448500000.0000,760928556.0000,240927386.0000,0.1774,0.1227,32.4767,5.370000,32.406600,0.227200,0.03079131
4005,2024,448500000.0000,872673573.0000,298163666.0000,0.1934,0.1264,25.0751,6.660000,36.462400,0.299300,0.03988020
4007,2021,1200000000.0000,602424911.0000,90087837.0000,0.0543,0.0398,53.9732,0.560000,10.370600,0.130900,0.01852771
4007,2022,1600000000.0000,771285376.0000,257336168.0000,0.1527,0.1085,24.9068,1.610000,10.691000,0.211100,0.04014968
4007,2023,1600000000.0000,749524050.0000,303330872.0000,0.1706,0.1195,31.2632,1.900000,11.530800,0.170300,0.03198649
4007,2024,1600000000.0000,689512417.0000,338800814.0000,0.1780,0.1292,18.1132,2.120000,12.257800,0.155100,0.05520836
4009,2021,920400000.0000,2679536688.0000,17201012.0000,0.0137,0.0043,166.5789,0.190000,13.663100,1.564000,0.00600316
4009,2022,920400000.0000,3127202216.0000,75182816.0000,0.0581,0.0177,31.0366,0.820000,14.435400,1.686300,0.03222002
4009,2023,920400000.0000,3769325477.0000,17038421.0000,0.0129,0.0035,464.7369,0.190000,14.337400,1.883300,0.00215176
4009,2024,920400000.0000,3451253202.0000,282001652.0000,0.1915,0.0550,22.4510,3.060000,17.667400,1.516400,0.04454145
4013,2021,3500000000.0000,5300291255.0000,1376615197.0000,0.2578,0.1271,41.0687,3.930000,15.254800,0.572100,0.02434944
4013,2022,3500000000.0000,6478452959.0000,1650750047.0000,0.2943,0.1410,46.7373,4.720000,16.796300,0.599000,0.02139619
4013,2023,3500000000.0000,9031799748.0000,2046013922.0000,0.3310,0.1442,48.5470,5.850000,18.530000,0.799200,0.02059860
4013,2024,3500000000.0000,12945280975.0000,2315290800.0000,0.3390,0.1274,42.3565,6.620000,20.500400,1.138000,0.02360913
4014,2021,200000000.0000,544149879.0000,77524475.0000,0.1637,0.0762,,2.584100,15.781900,0.562300,
4014,2022,200000000.0000,462404941.0000,17566594.0000,0.0372,0.0180,69.5639,0.585600,15.679100,0.439100,0.01437527
4014,2023,300000000.0000,597275049.0000,40058545.0000,0.0817,0.0394,35.7602,1.335300,17.025500,0.710400,0.02796405
4014,2024,300000000.0000,446776842.0000,26168089.0000,0.0512,0.0255,57.8949,0.872300,17.020300,0.407700,0.01727268
4017,2021,,,,,,,,,,
4017,2022,,,,,,,,,,
4017,2023,200000000.0000,2976627000.0000,279595000.0000,0.2740,0.0661,,1.215600,4.435900,2.218900,
4017,2024,232000000.0000,2002201000.0000,287551000.0000,0.1450,0.0602,50.7576,1.320000,12.805900,0.366000,0.01970148
4165,2021,,,,,,,,,,
4165,2022,,,,,,,,,,
4165,2023,250000000.0000,392551797.0000,148677253.0000,0.3941,0.1931,,5.947100,15.090400,0.698500,
4165,2024,250000000.0000,325545034.0000,156958529.0000,0.3713,0.2008,23.2484,6.280000,18.727500,0.476700,0.04301371
4070,2021,,,,,,-1.4927,-23.396400,,,
4070,2022,50000000.0000,208012746.0000,-35499986.0000,-2.7151,-0.1703,-30.1515,-0.576900,0.691200,5.495900,
4070,2023,50000000.0000,224294638.0000,-60496313.0000,3.4501,-0.3323,-5.2507,-3.195800,-2.545200,-1.537600,
4070,2024,400000000.0000,220004038.0000,-56452177.0000,-0.6006,-0.1926,-10.8794,-1.410000,5.903600,0.169900,
4071,2021,500000000.0000,2508454815.0000,206247959.0000,0.2820,0.0637,24.5631,3.745500,13.296000,3.212300,0.04071147
4071,2022,500000000.0000,1821282540.0000,274699804.0000,0.3542,0.0934,19.4900,4.990900,14.906700,1.909400,0.05130836
4071,2023,500000000.0000,3428660339.0000,318237426.0000,0.3293,0.0886,37.8395,5.790000,20.239000,2.719100,0.02642741
4071,2024,550000000.0000,13003138116.0000,271288638.0000,0.2183,0.0287,29.4523,4.930000,24.952400,2.044900,0.03395321
4072,2021,,,,,,,,,,
4072,2022,,,,,,,,,,
4072,2023,2992500000.0000,4368379000.0000,19020000.0000,0.0050,0.0023,,0.057200,11.366100,0.214900,
4072,2024,3325000000.0000,4369745000.0000,399962000.0000,0.1006,0.0479,43.5833,1.200000,12.549500,0.027400,0.02294457
4210,2021,800000000.0000,4061410120.0000,537019653.0000,0.2599,0.0844,29.2399,6.710000,25.830700,0.462100,0.03419984
4210,2022,800000000.0000,3863586481.0000,648791550.0000,0.2750,0.0990,22.4414,8.110000,33.145100,0.353900,0.04456050
4210,2023,800000000.0000,2469728889.0000,559620553.0000,0.1952,0.0897,24.4857,7.000000,38.536100,0.304500,0.04084016
4210,2024,800000000.0000,2160993556.0000,201690449.0000,0.0641,0.0359,109.1270,2.520000,40.175000,0.293300,0.00916364
2070,2021,1200000000.0000,2440669402.0000,26454090.0000,0.0144,0.0060,178.8636,0.220000,15.314700,0.704600,0.00559085
2070,2022,1200000000.0000,2138648000.0000,-165135000.0000,-0.0978,-0.0400,-15.7826,-1.380000,12.829200,0.702700,
2070,2023,1200000000.0000,2365151000.0000,-50728000.0000,-0.0348,-0.0132,-90.0000,-0.420000,11.483200,0.813900,
2070,2024,1200000000.0000,2788029000.0000,24535000.0000,0.0178,0.0060,152.1429,0.210000,11.547900,1.097400,0.00657277
4015,2021,100000000.0000,200658299.0000,170695307.0000,0.1386,0.1192,,2.438500,17.594800,0.001600,
4015,2022,700000000.0000,191553799.0000,171314162.0000,0.1400,0.1206,,2.447300,17.375200,0.002200,
4015,2023,700000000.0000,249836618.0000,292400083.0000,0.2232,0.1910,27.5120,4.180000,20.061800,0.001700,0.03634778
4015,2024,700000000.0000,281026830.0000,356524229.0000,0.2463,0.2081,29.9018,5.090000,21.294400,0.001400,0.03344280
4016,2021,,,,,,,,,,
4016,2022,,,,,,,,,,
4016,2023,200000000.0000,146345098.0000,65827349.0000,0.2148,0.1454,,3.291400,15.320000,0.202400,
4016,2024,200000000.0000,158571648.0000,79848920.0000,0.2367,0.1630,30.5263,3.990000,18.410500,0.177800,0.03275864
7200,2021,250000000.0000,818105205.0000,56479749.0000,0.1693,0.0490,67.1099,1.880000,11.122000,1.113100,0.01490093
7200,2022,300000000.0000,1237594441.0000,95863760.0000,0.2721,0.0695,29.1250,3.200000,12.370000,1.000600,0.03433476
7200,2023,300000000.0000,1567265528.0000,13973356.0000,0.0425,0.0081,289.3617,0.470000,9.562900,2.232500,0.00345588
7200,2024,300000000.0000,2154375221.0000,124401607.0000,0.3503,0.0561,39.2771,4.150000,14.113000,2.074900,0.02546013
7201,2021,100000000.0000,18318216.0000,21549524.0000,0.1464,0.1302,91.1628,0.215000,1.472200,0.183182,0.01096939
7201,2022,100000000.0000,14054785.0000,-10439023.0000,-0.0736,-0.0661,-64.0000,-0.100000,1.362800,0.140548,
7201,2023,100000000.0000,22070210.0000,-9770344.0000,-0.0742,-0.0653,-78.0000,-0.090000,1.270400,0.000000,
7201,2024,100000000.0000,80883927.0000,-17700041.0000,-0.1422,-0.1006,-36.3333,-0.180000,1.218600,0.433800,
7202,2021,1200000000.0000,4902179804.0000,832918609.0000,0.3668,0.1161,27.1182,6.940000,19.112500,0.026700,0.03687560
7202,2022,1200000000.0000,7485528000.0000,1052869000.0000,0.4145,0.1203,27.6853,8.770000,23.619000,0.263400,0.03612025
7202,2023,1200000000.0000,8163690000.0000,1192148000.0000,0.3887,0.1092,35.2266,9.930000,27.937800,0.232200,0.02838764
7202,2024,1200000000.0000,8010472000.0000,1596633000.0000,0.4356,0.1356,20.2855,13.310000,33.677400,0.219100,0.04929630
7203,2021,800000000.0000,2384631966.0000,566891419.0000,0.2018,0.1091,,11.337800,36.206900,0.038000,
7203,2022,800000000.0000,2979379154.0000,930189589.0000,0.3177,0.1658,28.5469,11.630000,39.265600,0.027200,0.03503007
7203,2023,800000000.0000,4102540784.0000,1356230754.0000,0.3852,0.1921,48.0826,16.950000,51.411200,0.056100,0.02079754
7203,2024,800000000.0000,4260809435.0000,1826871586.0000,0.3934,0.2070,48.8179,22.840000,68.113500,0.106900,0.02048429
7204,2021,20000000.0000,341634711.0000,80615566.0000,0.5047,0.1608,,0.268700,0.532400,0.588500,
7204,2022,150000000.0000,553597200.0000,131455234.0000,0.6361,0.2009,19.9091,0.440000,0.845300,0.629200,0.05022829
7204,2023,150000000.0000,796353077.0000,129293157.0000,0.4068,0.1302,28.5349,0.430000,1.273400,0.886100,0.03504480
7204,2024,300000000.0000,889571337.0000,163335937.0000,0.3524,0.1250,26.0000,0.540000,1.816700,0.811000,0.03846154
7211,2021,30000000.0000,46102624.0000,15536093.0000,0.4772,0.1975,,0.258900,0.542600,0.364000,
7211,2022,30000000.0000,55776030.0000,19104434.0000,0.4528,0.2051,,0.320000,0.863900,0.291900,
7211,2023,30000000.0000,89577962.0000,23081725.0000,0.3839,0.1733,,0.390000,1.140400,0.289900,
7211,2024,30000000.0000,150120858.0000,27948450.0000,0.3563,0.1396,,0.470000,1.474100,0.398900,
1010,2021,30000000000.0000,278436000000.0000,6025379000.0000,0.1274,0.0185,13.4826,2.010000,15.766600,0.195700,0.07416967
1010,2022,30000000000.0000,303480000000.0000,7019322000.0000,0.1357,0.0205,13.7069,2.320000,18.724400,0.165300,0.07295596
1010,2023,30000000000.0000,326591000000.0000,8045844000.0000,0.1382,0.0216,11.0465,2.580000,20.119600,0.229400,0.09052641
1010,2024,30000000000.0000,382437000000.0000,9321894000.0000,0.1454,0.0223,9.5017,3.010000,22.685000,0.201500,0.10524432
1020,2021,8200000000.0000,88932250000.0000,1006076000.0000,0.0724,0.0098,16.3559,0.755200,10.844900,0.164400,0.06114002
1020,2022,8200000000.0000,102240000000.0000,1109088000.0000,0.0807,0.0101,15.1429,0.806400,10.621700,0.163500,0.06603755
1020,2023,8200000000.0000,113135000000.0000,1019972000.0000,0.0679,0.0083,17.3953,0.688000,12.812100,0.134100,0.05748679
1020,2024,10250000000.0000,131704000000.0000,1230954000.0000,0.0732,0.0088,18.5149,0.808000,13.425700,0.126900,0.05401055
1030,2021,7500000000.0000,85317829000.0000,1061656000.0000,0.0651,0.0105,14.8219,0.792000,13.044400,0.014200,0.06746773
1030,2022,10000000000.0000,92280916000.0000,1507855000.0000,0.0911,0.0143,12.6569,1.096000,13.431800,0.012100,0.07900829
1030,2023,10000000000.0000,112749000000.0000,1761607000.0000,0.1036,0.0147,9.9750,1.280000,13.788000,0.012200,0.10025063
1030,2024,12500000000.0000,135938000000.0000,1956630000.0000,0.1031,0.0137,10.1399,1.430000,16.595200,0.007400,0.09862030
1050,2021,12053572000.0000,176116000000.0000,3449877000.0000,0.0869,0.0160,17.5000,1.301800,15.950500,0.019000,0.05714286
1050,2022,12053572000.0000,193333000000.0000,3575130000.0000,0.0912,0.0160,14.5520,1.345200,15.577700,0.135100,0.06871908
1050,2023,12053572000.0000,212262000000.0000,4222733000.0000,0.1054,0.0174,11.9787,1.610000,16.660500,0.224500,0.08348151
1050,2024,25000000000.0000,246169000000.0000,4544071000.0000,0.1033,0.0166,9.2093,1.720000,18.790900,0.347400,0.10858589
1060,2021,20547945000.0000,219368000000.0000,3204427000.0000,0.0606,0.0118,21.1538,1.560000,25.757500,0.107900,0.04727283
1060,2022,20547945000.0000,259767000000.0000,4827605000.0000,0.0898,0.0165,16.5745,2.350000,26.589800,0.104200,0.06033365
1060,2023,20547945000.0000,294742000000.0000,7002373000.0000,0.1202,0.0209,11.1144,3.410000,30.124500,0.091600,0.08997337
1060,2024,20547945000.0000,331157000000.0000,8070461000.0000,0.1240,0.0214,8.9021,3.780000,33.232600,0.081800,0.11233305
1080,2021,15000000000.0000,161374000000.0000,2176591000.0000,0.0700,0.0113,15.7655,1.087500,15.550500,0.120600,0.06342964
1080,2022,15000000000.0000,180270000000.0000,3070405000.0000,0.0968,0.0152,15.6341,1.537500,16.167200,0.114500,0.06396275
1080,2023,15000000000.0000,185615000000.0000,4070510000.0000,0.1195,0.0188,9.3015,2.040000,17.889200,0.104700,0.10750954
1080,2024,20000000000.0000,210158000000.0000,4966022000.0000,0.1344,0.0211,8.5000,2.480000,19.107400,0.099600,0.11764706
1120,2021,25000000000.0000,556363000000.0000,14746211000.0000,0.2192,0.0237,24.0176,3.690000,16.820400,0.013800,0.04163613
1120,2022,40000000000.0000,661394000000.0000,17150825000.0000,0.2048,0.0248,17.7358,4.240000,25.056300,0.007200,0.05638313
1120,2023,40000000000.0000,701339000000.0000,16621159000.0000,0.1606,0.0212,21.8987,3.950000,26.689900,0.041400,0.04566481
1120,2024,40000000000.0000,851247000000.0000,19722206000.0000,0.1717,0.0221,20.2570,4.670000,30.758200,0.072600,0.04936565
1140,2021,7500000000.0000,98873614000.0000,1686537000.0000,0.1408,0.0152,20.5695,1.126700,7.986700,0.292100,0.04861567
1140,2022,10000000000.0000,116144000000.0000,2081688000.0000,0.1641,0.0173,21.2679,1.393300,8.932600,0.265700,0.04701922
1140,2023,10000000000.0000,127848000000.0000,2368938000.0000,0.1653,0.0174,19.0366,1.591700,10.172100,0.224300,0.05253039
1140,2024,12500000000.0000,138271000000.0000,2806531000.0000,0.1757,0.0188,17.2788,1.883300,11.128800,0.205400,0.05787439
1150,2021,20000000000.0000,142765000000.0000,2709387000.0000,0.0882,0.0156,18.2901,1.048000,12.284400,1.360200,0.05467439
1150,2022,20000000000.0000,168560000000.0000,3599140000.0000,0.1150,0.0193,18.8150,1.384000,12.750500,1.978100,0.05314908
1150,2023,20000000000.0000,202381000000.0000,4839206000.0000,0.1462,0.0221,16.5348,1.870000,13.821500,2.846000,0.06047851
1150,2024,25000000000.0000,235386000000.0000,5831661000.0000,0.1539,0.0227,13.0405,2.220000,16.683000,2.464900,0.07668418
1180,2021,44780000000.0000,751378000000.0000,12668176000.0000,0.0781,0.0139,21.6107,2.235000,27.424200,0.050500,0.04627337
1180,2022,44780000000.0000,778719000000.0000,18580690000.0000,0.1132,0.0200,12.5414,3.020000,28.047000,0.089200,0.07973591
1180,2023,60000000000.0000,860452000000.0000,20009968000.0000,0.1171,0.0202,11.9659,3.230000,29.605300,0.259300,0.08357081
1180,2024,60000000000.0000,910879000000.0000,21192995000.0000,0.1150,0.0198,9.7376,3.430000,32.391200,0.500800,0.10269471
1111,2021,1200000000.0000,450902674.0000,587703531.0000,0.1901,0.1659,25.6735,4.900000,25.770300,0.000300,0.03895067
1111,2022,1200000000.0000,4510357074.0000,424598326.0000,0.1354,0.0756,51.1299,3.540000,26.497400,0.000000,0.01955803
1111,2023,1200000000.0000,4507868100.0000,390060733.0000,0.1231,0.0508,57.4769,3.250000,26.312400,0.067700,0.01739829
1111,2024,1200000000.0000,5649488136.0000,621842981.0000,0.1870,0.0740,41.8533,5.180000,29.097800,0.099900,0.02389298
1182,2021,906000000.0000,2376450000.0000,107753000.0000,0.0905,0.0302,17.7815,1.057800,11.685300,1.731300,0.05623823
1182,2022,906000000.0000,2252140000.0000,96722000.0000,0.0797,0.0274,13.9626,0.951100,12.116700,1.440700,0.07161990
1182,2023,906000000.0000,2700001000.0000,31806000.0000,0.0263,0.0086,39.2832,0.310000,11.632300,2.209700,0.02545617
1182,2024,1019250000.0000,3287492000.0000,46314000.0000,0.0384,0.0110,28.4889,0.450000,12.015900,2.606100,0.03510139
1183,2021,1000000000.0000,2714749796.0000,103195599.0000,0.0611,0.0234,,1.020600,16.899300,1.578600,
1183,2022,1000000000.0000,2620111258.0000,95889625.0000,0.0564,0.0220,21.3333,0.960000,17.087200,1.501900,0.04687507
1183,2023,1000000000.0000,2722706000.0000,2326000.0000,0.0014,0.0005,913.0000,0.020000,16.606500,1.614400,0.00109529
1183,2024,1000000000.0000,2825829000.0000,26528000.0000,0.0159,0.0060,67.3333,0.270000,16.876400,1.648900,0.01485149
2120,2021,500000000.0000,7256024.0000,91133066.0000,0.0976,0.0968,26.0989,1.516700,15.564700,0.014512,0.03831579
2120,2022,500000000.0000,7929901.0000,100207371.0000,0.1092,0.1083,11.1667,2.000000,15.019700,0.000000,0.08955197
2120,2023,600000000.0000,131485392.0000,148799189.0000,0.1569,0.1462,11.3690,2.520000,16.871300,0.103700,0.08795848
2120,2024,600000000.0000,126122066.0000,295063946.0000,0.2651,0.2376,7.0400,5.000000,20.859500,0.083900,0.14204545
4081,2021,1000000000.0000,675304000.0000,225088000.0000,0.1888,0.1205,13.9778,1.875000,9.935400,0.490400,0.07154202
4081,2022,1000000000.0000,649881000.0000,171457000.0000,0.1382,0.0901,11.0606,1.430000,10.739200,0.429800,0.09041101
4081,2023,1200000000.0000,699658000.0000,88714000.0000,0.0666,0.0442,20.0270,0.740000,11.474300,0.453800,0.04993259
4081,2024,1200000000.0000,616773000.0000,131236000.0000,0.0929,0.0634,14.1835,1.090000,12.066500,0.328700,0.07050446
4082,2021,311355000.0000,676384756.0000,40881246.0000,0.1117,0.0392,,0.572300,5.122300,1.785300,
4082,2022,500000000.0000,654297769.0000,44980627.0000,0.0973,0.0397,,0.629700,7.823100,1.118500,
4082,2023,714285720.0000,500352813.0000,30968087.0000,0.0444,0.0241,20.6333,0.600000,11.721000,0.554000,0.04846534
4082,2024,714285720.0000,592365201.0000,22740221.0000,0.0271,0.0164,26.0455,0.440000,11.794100,0.644700,0.03839435
4083,2021,,,,,,,,,,
4083,2022,,,,,,,,,,
4083,2023,250000000.0000,1046765455.0000,212164631.0000,0.2382,0.1095,,8.486600,35.627000,1.064300,
4083,2024,250000000.0000,1379900966.0000,222384355.0000,0.2220,0.1004,20.2247,8.900000,44.505900,1.148500,0.04944449
4130,2021,177000000.0000,169871630.0000,-8343826.0000,-0.0840,-0.0290,-75.1058,-0.045800,0.547300,0.512900,
4130,2022,297000000.0000,85174391.0000,-7975100.0000,-0.0513,-0.0265,-38.9829,-0.040200,0.968700,0.299900,
4130,2023,297000000.0000,35065697.0000,3496076.0000,0.0164,0.0120,118.9398,0.016000,0.984700,0.052700,0.00840761
4130,2024,218295000.0000,37082818.0000,8375608.0000,0.0383,0.0316,122.4915,0.038400,1.021800,0.046900,0.00816383
4280,2021,37058823000.0000,18380459000.0000,1017427000.0000,0.0329,0.0200,37.4074,0.270000,8.335200,0.532300,0.02673268
4280,2022,37058823000.0000,20936354000.0000,6957868000.0000,0.2258,0.1338,4.1170,1.880000,8.291100,0.597600,0.24289531
4280,2023,37058823000.0000,17473917000.0000,1013243000.0000,0.0308,0.0189,26.4815,0.270000,9.490400,0.425700,0.03776221
4280,2024,37058823000.0000,15160370000.0000,1236970000.0000,0.0334,0.0227,26.7879,0.330000,10.505400,0.323600,0.03733029
8010,2021,1250000000.0000,9588419000.0000,288890000.0000,0.0984,0.0231,36.3850,1.775000,19.574600,0.016100,0.02748385
8010,2022,1250000000.0000,12127830000.0000,302193000.0000,0.0996,0.0218,33.3748,2.010000,20.883700,0.012300,0.02996273
8010,2023,1500000000.0000,14794909000.0000,616426000.0000,0.1825,0.0366,31.6788,4.110000,24.145400,0.014100,0.03156685
8010,2024,1500000000.0000,16517458000.0000,1022025000.0000,0.2524,0.0519,21.6422,6.820000,29.906400,0.026500,0.04620602
8012,2021,550000000.0000,1867877000.0000,23018000.0000,0.0270,0.0085,49.2383,0.339200,12.914200,0.001400,0.02030939
8012,2022,550000000.0000,1640816000.0000,38520000.0000,0.0442,0.0147,21.1207,0.580000,13.526000,0.003400,0.04734692
8012,2023,660000000.0000,1872354000.0000,44254000.0000,0.0483,0.0166,25.3731,0.670000,14.246600,0.001600,0.03941182
8012,2024,660000000.0000,2112798000.0000,37203000.0000,0.0388,0.0126,29.3929,0.560000,14.783000,0.014100,0.03402182
8020,2021,500000000.0000,666836000.0000,-85660000.0000,-0.2176,-0.0808,-13.3099,-1.710000,7.874400,0.006300,
8020,2022,500000000.0000,666105000.0000,-41378000.0000,-0.1107,-0.0398,-13.3012,-0.830000,7.080300,0.004900,
8020,2023,500000000.0000,534050000.0000,38188000.0000,0.1026,0.0393,22.9211,0.760000,7.801800,0.004000,0.04362792
8020,2024,500000000.0000,766862000.0000,26889000.0000,0.0654,0.0253,30.4074,0.540000,8.655500,0.001600,0.03288673
8030,2021,1050000000.0000,2369254000.0000,-140588000.0000,-0.1266,-0.0404,-12.8209,-1.340000,10.578500,0.007700,
8030,2022,1050000000.0000,2339665000.0000,-396870000.0000,-0.4367,-0.1216,-2.2804,-3.780000,6.730600,0.005100,
8030,2023,1050000000.0000,2202586000.0000,201472000.0000,0.2481,0.0654,7.5000,1.920000,8.737300,0.011900,0.13333333
8030,2024,1050000000.0000,1854392000.0000,101994000.0000,0.1048,0.0340,26.8557,0.970000,9.796600,0.002000,0.03723604
8040,2021,600000000.0000,1489375863.0000,5619429.0000,0.0074,0.0025,287.2222,0.090000,12.597200,0.001300,0.00348163
8040,2022,600000000.0000,1304372651.0000,8575802.0000,0.0114,0.0040,93.5714,0.140000,12.428000,0.008200,0.01068703
8040,2023,600000000.0000,1354701964.0000,36986892.0000,0.0478,0.0176,27.9032,0.620000,13.396800,0.003800,0.03583818
8040,2024,600000000.0000,1235274655.0000,15167075.0000,0.0188,0.0072,58.9231,0.260000,13.675100,0.003900,0.01697127
8050,2021,250000000.0000,473425000.0000,-112410000.0000,-1.1536,-0.1969,-4.5852,-6.071600,5.263500,0.208700,
8050,2022,100000000.0000,605954000.0000,-38868000.0000,-0.4911,-0.0628,-4.0371,-2.102800,3.287300,0.303900,
8050,2023,200000000.0000,601270000.0000,51302000.0000,0.3860,0.0697,7.2388,2.680000,8.451700,0.096500,0.13814444
8050,2024,200000000.0000,491180000.0000,30123000.0000,0.1312,0.0388,14.8293,1.230000,10.486400,0.072600,0.06743407
8060,2021,646397000.0000,1527616000.0000,-122054000.0000,-0.1379,-0.0506,-12.0099,-1.580400,11.446500,0.006300,
8060,2022,850583000.0000,2471436000.0000,-68080000.0000,-0.0680,-0.0227,-17.4678,-0.827800,10.975200,0.005300,
8060,2023,850583000.0000,2838794000.0000,147977000.0000,0.1241,0.0385,13.0759,1.450000,12.469600,0.002200,0.07647657
8060,2024,1275583000.0000,2941895000.0000,64303000.0000,0.0416,0.0145,31.2258,0.620000,14.299500,0.011800,0.03202480
8070,2021,400000000.0000,452286000.0000,29022000.0000,0.0523,0.0288,38.9231,0.650000,13.873000,1.130715,0.02569168
8070,2022,638525000.0000,1276441000.0000,-18225000.0000,-0.0210,-0.0105,-54.1379,-0.290000,18.561100,1.999046,
8070,2023,798153000.0000,1811401000.0000,66940000.0000,0.0491,0.0230,18.1782,1.010000,19.347600,0.001100,0.05501095
8070,2024,798153000.0000,1961443000.0000,70995000.0000,0.0444,0.0204,21.5730,0.890000,20.699000,0.000700,0.04635424
8100,2021,300000000.0000,917990000.0000,-62634679.0000,-0.2145,-0.0518,-10.4976,-2.090000,9.734000,3.059967,
8100,2022,300000000.0000,915527000.0000,-61647000.0000,-0.2338,-0.0522,-5.8146,-2.050000,7.847900,3.051757,
8100,2023,300000000.0000,1814662000.0000,71098000.0000,0.2590,0.0434,6.3376,2.370000,10.453400,6.048873,0.15778844
8100,2024,300000000.0000,1582458000.0000,49318000.0000,0.1418,0.0241,9.5366,1.640000,12.727700,5.274860,0.10485917
8120,2021,229474640.0000,616260300.0000,-141189259.0000,-0.6958,-0.1724,-2.6863,-5.252700,7.543700,0.033200,
8120,2022,458949280.0000,531371863.0000,-18299703.0000,-0.0592,-0.0207,-18.1277,-0.470000,9.051900,0.016300,
8120,2023,458949280.0000,519234645.0000,125037351.0000,0.2596,0.1242,5.9706,2.720000,11.940100,0.020300,0.16748735
8120,2024,458949280.0000,569278629.0000,43645516.0000,0.0743,0.0386,16.4000,0.950000,13.655100,0.013800,0.06097561
8150,2021,141000000.0000,414248000.0000,-114584000.0000,-1.9084,-0.2416,-3.8880,-6.070000,2.520700,0.049700,
8150,2022,291000000.0000,542008000.0000,-17344000.0000,-0.1393,-0.0288,-13.1707,-0.820000,6.126800,0.011200,
8150,2023,291000000.0000,643377000.0000,63406000.0000,0.2861,0.0779,6.3028,2.180000,8.247300,0.001400,0.15865964
8150,2024,291000000.0000,641378000.0000,-16483000.0000,-0.0650,-0.0184,-23.6140,-0.570000,8.208600,0.026700,
8160,2021,265000000.0000,285090103.0000,-5517385.0000,-0.0235,-0.0106,-188.3335,-0.190100,8.034800,0.011700,
8160,2022,265000000.0000,1140727009.0000,7255779.0000,0.0304,0.0076,47.6190,0.210000,4.581200,0.005100,0.02100002
8160,2023,530000000.0000,1240009716.0000,66291668.0000,0.1652,0.0417,13.2982,1.140000,10.564400,0.009200,0.07519815
8160,2024,530000000.0000,1121096037.0000,31727744.0000,0.0545,0.0180,23.5088,0.570000,11.413900,0.009600,0.04253726
8170,2021,400000000.0000,899884000.0000,33432317.0000,0.0640,0.0235,23.8559,0.666000,10.454400,0.006000,0.04191835
8170,2022,450000000.0000,978845000.0000,12702000.0000,0.0240,0.0087,54.0000,0.252000,10.732300,0.013700,0.01851852
8170,2023,450000000.0000,1198193000.0000,93896000.0000,0.1554,0.0555,8.8085,1.880000,13.432400,0.008700,0.11352671
8170,2024,500000000.0000,839125000.0000,49134000.0000,0.0710,0.0287,17.7551,0.980000,14.233100,0.009500,0.05632185
8180,2021,400000000.0000,540505162.0000,-74471147.0000,-0.3492,-0.0988,-14.5181,-3.506900,10.042300,0.017800,
8180,2022,140000000.0000,414437387.0000,-53459717.0000,-0.2915,-0.0809,-5.5755,-2.518100,7.225700,0.017100,
8180,2023,140000000.0000,375758591.0000,42299859.0000,0.2406,0.0741,12.6884,1.990000,9.332300,0.007300,0.07881214
8180,2024,300000000.0000,342599237.0000,31858208.0000,0.1064,0.0484,13.9206,1.260000,13.363700,0.002000,0.07183598
8190,2021,400000000.0000,442557000.0000,-73671000.0000,-0.2395,-0.0982,-18.4511,-1.840000,7.691800,0.020100,
8190,2022,400000000.0000,491395000.0000,-55482000.0000,-0.1968,-0.0741,-5.1799,-1.390000,6.403800,0.022800,
8190,2023,400000000.0000,532607000.0000,5292000.0000,0.0203,0.0069,67.2308,0.130000,6.628900,0.014200,0.01487414
8190,2024,400000000.0000,652289000.0000,-15055000.0000,-0.0564,-0.0175,-23.4737,-0.380000,6.707800,0.005100,
8200,2021,891000000.0000,1129222165.0000,38309395.0000,0.0401,0.0184,38.6047,0.430000,10.716900,0.059500,0.02590358
8200,2022,891000000.0000,1238886544.0000,76052381.0000,0.0771,0.0351,16.1176,0.850000,11.416200,0.055800,0.06204398
8200,2023,891000000.0000,1434809270.0000,124429494.0000,0.1150,0.0514,13.2857,1.400000,12.871200,0.049500,0.07526890
8200,2024,891000000.0000,1806504197.0000,474811642.0000,0.3442,0.1583,10.1126,5.330000,18.091100,0.035200,0.09888654
8210,2021,1200000000.0000,6465427000.0000,625570000.0000,0.1504,0.0589,25.1483,4.180000,27.733100,0.030100,0.03976412
8210,2022,1500000000.0000,7914042000.0000,805117000.0000,0.1926,0.0708,26.6790,5.390000,28.005900,0.044000,0.03748266
8210,2023,1500000000.0000,9762822000.0000,940163000.0000,0.2118,0.0708,33.9269,6.290000,31.170200,0.035500,0.02947514
8210,2024,1500000000.0000,10457083000.0000,1166002000.0000,0.2381,0.0777,26.5725,7.790000,34.120000,0.028300,0.03763289
8230,2021,400000000.0000,2745897000.0000,108589000.0000,0.0818,0.0267,31.5854,0.984000,13.268800,0.041100,0.03166020
8230,2022,400000000.0000,3003814000.0000,72391000.0000,0.0546,0.0172,49.7222,0.720000,13.273600,0.037100,0.02011174
8230,2023,1000000000.0000,5101401000.0000,328061000.0000,0.2151,0.0588,21.6463,3.280000,17.227900,0.024100,0.04619727
8230,2024,1000000000.0000,10006982000.0000,332343000.0000,0.1748,0.0352,51.6867,3.320000,20.804200,0.018600,0.01934734
8240,2021,300000000.0000,238353446.0000,8943629.0000,0.0232,0.0143,152.2917,0.240000,12.859500,0.794511,0.00656635
8240,2022,300000000.0000,305389223.0000,12537584.0000,0.0321,0.0189,36.9048,0.420000,13.160100,1.017964,0.02709675
8240,2023,300000000.0000,334562365.0000,24817556.0000,0.0606,0.0340,30.1205,0.830000,14.128000,1.115208,0.03319998
8240,2024,300000000.0000,233405672.0000,16292651.0000,0.0371,0.0225,91.6667,0.540000,15.147200,0.778019,0.01090909
8250,2021,500000000.0000,1713601000.0000,154553000.0000,0.1476,0.0560,11.9134,2.638100,19.942500,0.018500,0.08393909
8250,2022,500000000.0000,1648298000.0000,15913000.0000,0.0160,0.0060,78.0952,0.300000,17.886400,0.018000,0.01280488
8250,2023,525000000.0000,1895618000.0000,128526000.0000,0.1283,0.0463,10.7347,2.450000,20.282700,0.028300,0.09315584
8250,2024,525000000.0000,1682641000.0000,98195000.0000,0.0911,0.0343,,,20.761100,0.024300,
8260,2021,500000000.0000,177624000.0000,-86776000.0000,-0.2191,-0.1513,-5.0000,-4.213300,13.202200,0.003100,
8260,2022,500000000.0000,187898000.0000,-106067000.0000,-0.3076,-0.2010,-3.2123,-3.533300,9.788500,0.000100,
8260,2023,500000000.0000,189804000.0000,3532000.0000,0.0119,0.0073,109.7222,0.120000,10.013100,0.015000,0.00911393
8260,2024,300000000.0000,209280000.0000,-94207000.0000,-0.3594,-0.2041,-3.3057,-3.140000,7.463500,0.015300,
8270,2021,300000000.0000,417631466.0000,4313807.0000,0.0097,0.0050,157.8571,0.140000,14.759100,0.011700,0.00633484
8270,2022,300000000.0000,331572575.0000,-29000327.0000,-0.0672,-0.0360,-16.2268,-0.970000,14.016100,0.002600,
8270,2023,300000000.0000,402801715.0000,20083440.0000,0.0464,0.0251,28.5672,0.670000,14.827900,0.000000,0.03500518
8270,2024,300000000.0000,294714826.0000,9385565.0000,0.0204,0.0116,63.4194,0.310000,15.812400,0.005000,0.01576805
8280,2021,400000000.0000,361634000.0000,-35377000.0000,-0.0930,-0.0477,-25.9545,-0.880000,9.510100,0.904085,
8280,2022,400000000.0000,457021000.0000,-42945000.0000,-0.1203,-0.0561,-10.6542,-1.070000,8.335600,1.142553,
8280,2023,400000000.0000,448693000.0000,11258000.0000,0.0311,0.0138,63.1429,0.280000,9.749800,1.121733,0.01583709
8280,2024,400000000.0000,578495000.0000,32761000.0000,0.0789,0.0353,20.7805,0.820000,11.013800,1.446238,0.04812204
8300,2021,200000000.0000,733658000.0000,-54476000.0000,-0.2295,-0.0561,-14.9951,-1.800000,7.850400,3.668290,
8300,2022,400000000.0000,933928000.0000,-27662000.0000,-0.0868,-0.0240,-18.2973,-0.740000,10.001000,2.334820,
8300,2023,400000000.0000,1375968000.0000,84581000.0000,0.1904,0.0529,8.6540,2.110000,12.207000,0.000000,0.11555350
8300,2024,400000000.0000,1525188000.0000,103050000.0000,0.1877,0.0515,9.5039,2.580000,15.240800,0.007700,0.10521996
8310,2021,130000000.0000,227831000.0000,-119136000.0000,-43.6236,-0.5167,-3.7555,-9.160000,0.210100,1.752546,
8310,2022,430000000.0000,190245000.0000,-48183000.0000,-0.3795,-0.1434,-5.3706,-1.700000,5.842000,0.442430,
8310,2023,430000000.0000,168215000.0000,25439000.0000,0.0953,0.0570,22.1695,0.590000,6.574300,0.391198,0.04510702
8310,2024,430000000.0000,160793000.0000,12027000.0000,0.0404,0.0260,37.8571,0.280000,7.274100,0.373937,0.02641512
8311,2021,150000000.0000,225066000.0000,-61972000.0000,-1.1279,-0.2213,-7.5303,-4.179700,3.362600,0.040900,
8311,2022,230000000.0000,190681000.0000,-6355000.0000,-0.0565,-0.0198,-21.0643,-0.426300,6.706700,0.004600,
8311,2023,230000000.0000,149043000.0000,20222000.0000,0.1121,0.0577,19.1680,0.798200,7.522900,0.648013,0.05217028
8311,2024,230000000.0000,105947000.0000,-26762000.0000,-0.1509,-0.0878,-12.0322,-1.052200,7.126700,0.014400,
8313,2021,,,,,,,,,,
8313,2022,,,,,,,,,,
8313,2023,70500000.0000,196194033.0000,45952326.0000,0.3798,0.1449,,0.650000,1.596200,0.032200,
8313,2024,75800000.0000,516947356.0000,94727797.0000,0.3535,0.1517,66.9767,1.290000,5.473600,0.009300,0.01493057
4330,2021,1716971010.0000,1473966816.0000,96550165.0000,0.0604,0.0314,17.5200,0.560000,9.310000,0.855300,0.05707763
4330,2022,1716971010.0000,1543515199.0000,88927084.0000,0.0568,0.0289,19.0800,0.520000,8.920000,0.939800,0.05241090
4330,2023,1716971010.0000,1573767110.0000,21653191.0000,0.0144,0.0071,70.2500,0.130000,8.540000,0.977900,0.01423488
4330,2024,1716971010.0000,1544524603.0000,-187275085.0000,-0.1390,-0.0644,,-1.090000,7.150000,1.134600,
4331,2021,118000000.0000,2689661.0000,4291407.0000,0.0520,0.0504,62.6377,0.363700,6.994400,0.022794,0.01596483
4331,2022,118000000.0000,2352308.0000,5695096.0000,0.0681,0.0661,36.9638,0.482600,7.184700,0.019935,0.02705350
4331,2023,118000000.0000,2577475.0000,7249609.0000,0.0839,0.0816,27.4426,0.614400,7.458500,0.021843,0.03643970
4331,2024,118000000.0000,2697719.0000,3023955.0000,0.0347,0.0337,58.6800,0.260000,7.310000,0.022862,0.01704158
4333,2021,510000000.0000,100323557.0000,39458241.0000,0.0722,0.0610,15.8976,0.773700,10.720000,0.177100,0.06290258
4333,2022,510000000.0000,307888335.0000,33158623.0000,0.0607,0.0442,18.1511,0.650100,10.710000,0.554300,0.05509308
4333,2023,510000000.0000,308825156.0000,36298505.0000,0.0662,0.0424,15.9056,0.711700,10.780600,0.550100,0.06287094
4333,2024,510000000.0000,308076227.0000,32517272.0000,0.0592,0.0379,16.0600,,10.780000,0.552600,0.06226650
4334,2021,613700000.0000,126180323.0000,8380249.0000,0.0157,0.0127,65.6155,0.136600,8.698900,0.187900,0.01524030
4334,2022,613700000.0000,226938259.0000,28210372.0000,0.0546,0.0407,18.1867,0.459700,8.134900,0.402000,0.05498524
4334,2023,613700000.0000,235270358.0000,44519775.0000,0.0879,0.0604,12.8613,0.725400,8.369900,0.389400,0.07775264
4334,2024,613700000.0000,223817207.0000,41136866.0000,0.0800,0.0553,14.1400,0.670000,8.380000,0.387600,0.07072136
4335,2021,880000000.0000,583001436.0000,29868881.0000,0.0348,0.0207,29.1765,0.340000,9.758700,0.637500,0.03427416
4335,2022,880000000.0000,840289978.0000,10900439.0000,0.0130,0.0070,73.7500,0.120000,9.282600,0.975500,0.01355932
4335,2023,880000000.0000,849188863.0000,-8349470.0000,-0.0104,-0.0051,-64.3333,-0.090000,8.917700,1.012200,
4335,2024,880000000.0000,842906784.0000,-22289468.0000,-0.0291,-0.0138,,-0.250000,8.460000,1.060600,
4336,2021,681086520.0000,370848985.0000,30528929.0000,0.0478,0.0302,21.9749,0.448200,9.379900,0.535400,0.04550646
4336,2022,681086520.0000,745203344.0000,-106042.0000,-0.0002,-0.0001,-4977.5209,-0.001600,8.812800,0.979600,
4336,2023,1037659950.0000,519736958.0000,-11806606.0000,-0.0170,-0.0089,-53.1723,-0.113800,7.621400,0.603100,
4336,2024,1037659950.0000,752607452.0000,15138500.0000,0.0194,0.0107,37.2900,0.150000,7.430000,0.904900,0.02681684
4337,2021,572400000.0000,152002501.0000,982467.0000,0.0020,0.0015,,0.020000,8.770000,0.298500,
4337,2022,572400000.0000,166936184.0000,-83388207.0000,-0.1828,-0.1355,-3.8371,-1.460000,7.170000,0.365400,
4337,2023,572400000.0000,169569496.0000,-52231895.0000,-0.1360,-0.0946,-4.9863,-0.910000,6.250000,0.418700,
4337,2024,572400000.0000,169347681.0000,-114922138.0000,-0.3824,-0.2445,,-2.010000,4.250000,0.616700,
4338,2021,1375000000.0000,633674000.0000,75420000.0000,0.0579,0.0389,20.7836,0.548500,9.476900,0.428800,0.04811486
4338,2022,1375000000.0000,663744000.0000,66117000.0000,0.0513,0.0341,21.0417,0.480000,9.257800,0.462900,0.04752468
4338,2023,1375000000.0000,747446000.0000,40556000.0000,0.0323,0.0207,31.2069,0.290000,9.002700,0.533200,0.03204420
4338,2024,1375000000.0000,790681000.0000,26678000.0000,0.0219,0.0134,36.4900,0.190000,8.700000,0.597300,0.02740477
4339,2021,1075070350.0000,784616334.0000,45559753.0000,0.0501,0.0269,29.9681,0.423800,8.465600,0.821900,0.03336882
4339,2022,1075070350.0000,776394568.0000,47184270.0000,0.0527,0.0281,23.0579,0.438900,8.204500,0.848000,0.04336908
4339,2023,1075070350.0000,628995780.0000,40270844.0000,0.0456,0.0254,22.0242,0.374600,8.227100,0.687400,0.04540460
4339,2024,1075070350.0000,657084238.0000,14835952.0000,0.0169,0.0098,42.8300,0.140000,8.090000,0.693300,0.02334812
4342,2021,1865097850.0000,611494577.0000,27847573.0000,0.0162,0.0113,84.9929,0.176200,9.920000,0.320000,0.01176569
4342,2022,1865097850.0000,514193908.0000,77641492.0000,0.0428,0.0327,30.9883,0.416300,9.540000,0.250000,0.03227024
4342,2023,1865097850.0000,239677077.0000,200274317.0000,0.1094,0.0918,12.4790,1.073800,9.814800,0.110400,0.08013463
4342,2024,1865097850.0000,571663177.0000,55774988.0000,0.0313,0.0255,33.7100,0.300000,9.313900,0.312300,0.02966479
4344,2021,1175000000.0000,689831317.0000,-35437775.0000,-0.0341,-0.0205,-39.7881,-0.301600,8.848600,0.596000,
4344,2022,1175000000.0000,847036429.0000,41110344.0000,0.0404,0.0230,29.4962,0.349900,8.488500,0.796300,0.03390267
4344,2023,1869444440.0000,851156175.0000,33561234.0000,0.0265,0.0159,50.8007,0.179500,8.201500,0.517200,0.01968477
4344,2024,1869444440.0000,1023876153.0000,14409840.0000,0.0097,0.0059,108.8200,0.080000,7.780000,0.664000,0.00918949
4345,2021,1180000000.0000,13811568.0000,-14857817.0000,-0.0159,-0.0157,-56.7848,-0.130000,7.905600,0.008200,
4345,2022,1180000000.0000,17281497.0000,-3603344.0000,-0.0039,-0.0039,-160.4611,-0.030000,7.675100,0.008100,
4345,2023,1180000000.0000,79027727.0000,-10220410.0000,-0.0115,-0.0110,-54.1483,-0.090000,7.333500,0.071700,
4345,2024,1180000000.0000,319008287.0000,8129877.0000,0.0096,0.0078,68.6500,0.070000,7.080000,0.315800,0.01456664
4347,2021,1628811000.0000,499925727.0000,65401922.0000,0.0470,0.0346,24.3088,0.401500,8.539100,0.274600,0.04113737
4347,2022,1628811000.0000,527317564.0000,97579682.0000,0.0704,0.0514,15.2922,0.599000,8.478200,0.279500,0.06539281
4347,2023,1628811000.0000,361021028.0000,110901375.0000,0.0802,0.0607,14.4500,0.680000,8.499100,0.173700,0.06920415
4347,2024,1628811000.0000,779317144.0000,88436872.0000,0.0644,0.0455,18.1000,0.540000,8.370000,0.468100,0.05524862
4348,2021,1410088480.0000,836813133.0000,-33831010.0000,-0.0308,-0.0175,-26.3888,-0.330000,7.780000,0.687300,
4348,2022,1410088480.0000,813568960.0000,43376044.0000,0.0400,0.0227,24.7064,0.310000,7.590000,0.704100,0.04047534
4348,2023,1410088480.0000,814971112.0000,35135066.0000,0.0332,0.0188,24.7222,0.250000,7.420000,0.719500,0.04044947
4348,2024,1410088480.0000,813791403.0000,59338554.0000,0.0568,0.0319,13.5500,0.420000,7.420000,0.718600,0.07380074
4020,2021,2400000000.0000,4782094000.0000,54909000.0000,0.0186,0.0071,88.2607,0.198400,10.641000,1.347700,0.01133007
4020,2022,3750000000.0000,4159615000.0000,110539000.0000,0.0292,0.0133,38.9365,0.293300,12.287200,0.737200,0.02568284
4020,2023,3750000000.0000,4028249000.0000,67634000.0000,0.0145,0.0076,88.5556,0.180000,12.663400,0.690700,0.01129234
4020,2024,3750000000.0000,4246298000.0000,215063000.0000,0.0442,0.0235,44.3860,0.570000,13.277400,0.667500,0.02252963
4090,2021,1604574830.0000,297258246.0000,-117294908.0000,-0.0325,-0.0298,-43.5616,-0.730000,22.466300,0.001700,
4090,2022,1604574830.0000,690138236.0000,139570012.0000,0.0386,0.0337,28.5747,0.870000,22.623700,0.099100,0.03499599
4090,2023,2604574830.0000,2858768510.0000,109161022.0000,0.0214,0.0157,41.1538,0.650000,25.180900,0.303500,0.02429909
4090,2024,2604574830.0000,2920723049.0000,333724736.0000,0.0498,0.0345,32.1094,1.280000,26.290600,0.282800,0.03114353
4100,2021,1648162400.0000,,,,,,,,,
4100,2022,1999999990.0000,547556831.0000,103856497.0000,0.0309,0.0266,97.4603,0.519200,16.800200,0.273778,0.01026059
4100,2023,1648162400.0000,530630674.0000,334234764.0000,0.0897,0.0784,36.6010,1.672900,20.457700,0.031200,0.02732166
4100,2024,1648162400.0000,450200547.0000,411041500.0000,0.1009,0.0901,47.3896,2.052000,20.272000,0.025200,0.02110168
4150,2021,1777777770.0000,412976562.0000,318309495.0000,0.1575,0.1308,14.1899,1.790000,11.369500,0.027200,0.07047266
4150,2022,1777777770.0000,400107339.0000,300356265.0000,0.1424,0.1194,10.7014,1.689500,12.361700,0.023500,0.09344572
4150,2023,1777777770.0000,411276680.0000,271539533.0000,0.1186,0.1008,13.8039,1.530000,13.392200,0.020200,0.07244330
4150,2024,1777777770.0000,365684650.0000,296196445.0000,0.1203,0.1039,20.1198,1.670000,14.309100,0.021300,0.04970228
4220,2021,11333333000.0000,8600143000.0000,-836529000.0000,-0.1076,-0.0511,-16.1764,-1.598700,14.862200,0.802200,
4220,2022,11333333000.0000,8536054000.0000,-1157290000.0000,-0.1604,-0.0733,-8.1765,-2.209200,12.717900,0.950000,
4220,2023,11333333000.0000,8743415000.0000,-253220000.0000,-0.0388,-0.0167,-35.5817,-0.483900,12.243000,1.090900,
4220,2024,5232599000.0000,9823749000.0000,-1134565000.0000,-0.1944,-0.0750,-4.0323,-4.700000,10.065600,1.539400,
4250,2021,9294000000.0000,18194352000.0000,946206000.0000,0.1097,0.0353,24.9020,1.020000,9.282000,1.138700,0.04015742
4250,2022,11545342000.0000,13825759000.0000,-352430000.0000,-0.0331,-0.0132,-47.2000,-0.350000,10.987200,0.865700,
4250,2023,11545342000.0000,14559878000.0000,37480000.0000,0.0030,0.0014,746.6667,0.030000,11.018500,0.921800,0.00133929
4250,2024,11800229000.0000,14083146000.0000,200090000.0000,0.0153,0.0073,120.9412,0.170000,11.414900,0.899000,0.00826848
4300,2021,10800000000.0000,12802050000.0000,132520000.0000,0.0069,0.0042,83.8333,0.120000,17.740400,0.491700,0.01192843
4300,2022,10800000000.0000,13908725000.0000,441720000.0000,0.0228,0.0135,28.3415,0.410000,18.152000,0.550500,0.03528395
4300,2023,10800000000.0000,13363423000.0000,610758000.0000,0.0306,0.0182,24.9123,0.570000,18.788800,0.498100,0.04014081
4300,2024,10800000000.0000,15839508000.0000,806840000.0000,0.0390,0.0229,20.1333,0.750000,19.532000,0.542400,0.04966896
4310,2021,3393000000.0000,125182593.0000,-22088547.0000,-0.0072,-0.0067,-248.6154,-0.065000,9.066100,0.000800,
4310,2022,3393000000.0000,355816965.0000,-19388732.0000,-0.0063,-0.0057,-188.4210,-0.057000,9.017000,0.072600,
4310,2023,3393000000.0000,773310519.0000,-45557467.0000,-0.0150,-0.0124,-104.6269,-0.134000,8.852000,0.184300,
4310,2024,3393000000.0000,1656061816.0000,-20956568.0000,-0.0070,-0.0049,-240.3226,-0.062000,8.811500,0.482900,
4320,2021,933333330.0000,799786285.0000,67975591.0000,0.0639,0.0333,24.6575,0.730000,11.389900,0.647900,0.04055561
4320,2022,933333330.0000,804542480.0000,66773852.0000,0.0623,0.0326,21.5278,0.720000,11.597700,0.655200,0.04645156
4320,2023,933333330.0000,1030936390.0000,36416938.0000,0.0338,0.0169,51.1795,0.390000,11.484700,0.857600,0.01953907
4320,2024,933333330.0000,1101276981.0000,-31600315.0000,-0.0303,-0.0140,-70.9412,-0.340000,10.892400,0.969500,
4321,2021,4750000000.0000,11602359786.0000,486659016.0000,0.0361,0.0194,22.1373,1.020000,28.360400,0.804800,0.04517263
4321,2022,4750000000.0000,12500581523.0000,775431515.0000,0.0574,0.0303,11.7178,1.630000,28.507300,0.856300,0.08534025
4321,2023,4750000000.0000,13439259317.0000,1514995569.0000,0.1089,0.0563,6.5141,3.190000,30.052100,0.851700,0.15351315
4321,2024,4750000000.0000,16624509056.0000,1216906944.0000,0.0838,0.0411,8.4766,2.560000,31.130700,1.035000,0.11797183
4322,2021,400000000.0000,1275194269.0000,193719486.0000,0.3405,0.1051,,0.389600,1.137800,1.238000,
4322,2022,400000000.0000,1686723727.0000,245743632.0000,0.3771,0.1152,20.1796,0.490000,1.468800,1.115200,0.04955500
4322,2023,500000000.0000,2882264018.0000,202350000.0000,0.2740,0.0669,21.3000,0.400000,1.485000,2.004800,0.04694836
4322,2024,500000000.0000,3357626238.0000,266125914.0000,0.3376,0.0680,30.5283,0.530000,1.670500,2.124700,0.03275649
4323,2021,375000000.0000,165783580.0000,81209527.0000,0.1787,0.1310,38.5185,1.620000,13.637100,0.047900,0.02596155
4323,2022,375000000.0000,184671130.0000,87635484.0000,0.1773,0.1310,28.3262,1.747500,10.683700,0.039800,0.03530301
4323,2023,375000000.0000,314337231.0000,103007847.0000,0.1924,0.1314,20.7039,2.060000,10.734300,0.037600,0.04830008
4323,2024,500000000.0000,592419013.0000,106603556.0000,0.1822,0.1028,22.0450,2.132000,12.673800,0.032900,0.04536176
4324,2021,200000000.0000,169281440.0000,24328455.0000,0.0719,0.0369,,0.122000,1.692600,0.450600,
4324,2022,200000000.0000,108076099.0000,28215495.0000,0.0815,0.0442,,0.140000,1.770500,0.270500,
4324,2023,200000000.0000,116022181.0000,28765944.0000,0.0785,0.0449,,0.140000,1.895000,0.222200,
4324,2024,200000000.0000,71187904.0000,35632018.0000,0.0921,0.0548,39.3889,0.180000,1.975200,0.087900,0.02538786
4230,2021,600000000.0000,665384000.0000,-130439000.0000,-0.4216,-0.1370,-9.7233,-4.310000,10.231700,0.611200,
4230,2022,302344000.0000,685070000.0000,-196132000.0000,-0.9176,-0.2267,-3.4792,-6.490000,3.906400,1.429800,
4230,2023,302344000.0000,2182458000.0000,-48015000.0000,-0.5083,-0.0278,-14.9057,-1.590000,2.342800,5.359900,
4230,2024,302344000.0000,2393091000.0000,-62365000.0000,-1.5970,-0.0224,-29.8544,-2.060000,0.240500,52.125600,
7010,2021,20000000000.0000,56393438000.0000,11311342000.0000,0.1633,0.0885,19.8938,2.260000,13.873900,0.180800,0.05026692
7010,2022,50000000000.0000,61194394000.0000,12170537000.0000,0.1705,0.0919,15.0617,2.430000,14.752500,0.187600,0.06639357
7010,2023,50000000000.0000,78130703000.0000,13295381000.0000,0.1744,0.0896,15.1880,2.660000,15.846100,0.332100,0.06584145
7010,2024,50000000000.0000,68153096000.0000,24688652000.0000,0.2932,0.1542,8.0972,4.940000,17.930200,0.193400,0.12349948
7020,2021,7700000000.0000,24167662000.0000,1071541000.0000,0.0705,0.0272,22.4101,1.390000,19.735400,0.918300,0.04462274
7020,2022,7700000000.0000,21819745000.0000,1656940000.0000,0.1050,0.0427,16.1628,2.150000,21.244900,0.785200,0.06187047
7020,2023,7700000000.0000,21268385000.0000,2231977000.0000,0.1314,0.0579,16.9138,2.900000,22.886500,0.654500,0.05912332
7020,2024,7700000000.0000,19639536000.0000,3106848000.0000,0.1703,0.0803,13.2506,4.030000,24.513600,0.501200,0.07546828
7030,2021,8987292000.0000,19041118000.0000,214302000.0000,0.0237,0.0076,50.1667,0.240000,10.060800,0.816200,0.01993354
7030,2022,8987292000.0000,18658628000.0000,549666000.0000,0.0583,0.0194,16.4918,0.610000,10.906800,0.775200,0.06063619
7030,2023,8987292000.0000,16786812000.0000,1267006000.0000,0.1243,0.0454,9.9858,1.410000,11.784900,0.845300,0.10014220
7030,2024,8987292000.0000,17428624000.0000,596369000.0000,0.0560,0.0215,15.5455,0.660000,11.913300,0.904800,0.06432730
7040,2021,,,,,,,,,,
7040,2022,89999000.0000,764036842.0000,-37399886.0000,-0.5054,-0.0446,-11.2861,-1.263900,2.497900,2.558200,
7040,2023,89999000.0000,770736086.0000,42468239.0000,0.4469,0.0492,36.0330,1.430000,3.918400,1.275000,0.02775234
7040,2024,339999000.0000,808435311.0000,194678385.0000,0.5768,0.1727,16.9518,6.430000,16.438700,0.139500,0.05899079
2080,2021,750000000.0000,601830062.0000,201364232.0000,0.1160,0.0861,20.2239,2.680000,23.148700,0.066100,0.04944645
2080,2022,750000000.0000,663541091.0000,214063523.0000,0.1233,0.0904,18.1754,2.850000,23.132800,0.053600,0.05501942
2080,2023,750000000.0000,681526617.0000,227315243.0000,0.1270,0.0923,22.4422,3.030000,24.609200,0.038500,0.04455891
2080,2024,750000000.0000,791033436.0000,248749238.0000,0.1326,0.0952,30.9036,3.320000,25.416600,0.071400,0.03235869
2081,2021,250000000.0000,394961643.0000,103325408.0000,0.2898,0.1375,24.7942,2.950000,10.185900,0.622800,0.04033201
2081,2022,250000000.0000,789009273.0000,107441177.0000,0.2850,0.1109,32.4186,3.071400,11.359500,1.280500,0.03084649
2081,2023,250000000.0000,1164438281.0000,140021598.0000,0.2995,0.0970,34.5714,4.000000,15.359700,1.018200,0.02892564
2081,2024,350000000.0000,1604137201.0000,230002219.0000,0.3501,0.1127,22.8311,6.570000,22.178400,0.902700,0.04379990
2082,2021,7134143000.0000,31388553000.0000,758798000.0000,0.0563,0.0166,81.4166,1.029700,18.260700,1.780500,0.01228251
2082,2022,7134143000.0000,28817526000.0000,1540035000.0000,0.0958,0.0326,72.6153,2.089000,25.269600,1.271100,0.01377120
2082,2023,7134143000.0000,34309423000.0000,1661714000.0000,0.0879,0.0320,113.8955,2.252000,25.944100,1.334000,0.00877998
2082,2024,7148765000.0000,32576494000.0000,1757057000.0000,0.0857,0.0314,168.5905,2.380900,29.617800,1.205700,0.00593153
2083,2021,2500000000.0000,16558821000.0000,631999000.0000,0.0837,0.0262,,2.528000,30.204300,1.617200,
2083,2022,2500000000.0000,20045588000.0000,845650000.0000,0.1293,0.0340,13.8757,3.380000,22.136300,3.062100,0.07206844
2083,2023,2500000000.0000,18474122000.0000,587002000.0000,0.1059,0.0237,27.5745,2.350000,22.210300,2.792600,0.03626539
2083,2024,2500000000.0000,17768917000.0000,17152000.0000,0.0032,0.0007,782.8571,0.070000,20.897600,2.810600,0.00127737
2084,2021,,,,,,,,,,
2084,2022,,,,,,,,,,
2084,2023,160925543.0000,596101525.0000,56718308.0000,0.1444,0.0573,,0.352500,2.441200,1.155200,
2084,2024,160925543.0000,704364002.0000,40726824.0000,0.0975,0.0381,111.0000,0.250000,2.749600,1.155300,0.00900901
5110,2021,41665938000.0000,223259000000.0000,14390871000.0000,0.0572,0.0303,14.8025,1.620000,60.390700,0.433000,0.06755616
5110,2022,41665938000.0000,222431000000.0000,15135224000.0000,0.0595,0.0317,12.9050,1.790000,61.693300,0.388800,0.07748935
5110,2023,41665938000.0000,244471000000.0000,10249299000.0000,0.0399,0.0209,30.6129,0.620000,61.517300,0.430400,0.03266597
5110,2024,41665938000.0000,295643000000.0000,6866943000.0000,0.0271,0.0131,-36.7391,-0.460000,60.330300,0.576100,
